rowid,track_id,year,period,rank,top_20,word_count,mtld,avg_word_length,repetition_score,hapax_ratio,compression_ratio,ttr,song,artist
1,/wiki/Breathe_(Faith_Hill_song),2000,2000-2005,1,top20,256,59.920679886685555,3.89453125,0.1038961038961039,0.16796875,0.3250798722044728,0.3671875,Breathe,Faith Hill
2,/wiki/Smooth_(Santana_song),2000,2000-2005,2,top20,363,34.73417104276069,3.7300275482093666,0.10784313725490197,0.12396694214876033,0.29110981987216733,0.3168044077134986,Smooth,Santana & Rob Thomas
3,/wiki/Maria_Maria,2000,2000-2005,3,top20,403,34.93862369029574,4.076923076923077,0.08530805687203792,0.18610421836228289,0.30791788856304986,0.3523573200992556,Maria Maria,Santana & The Product G&B
4,/wiki/I_Wanna_Know_(Joe_song),2000,2000-2005,4,top20,509,31.937254901960785,3.4341846758349703,0.15315315315315314,0.11984282907662082,0.26669615214506853,0.22986247544204322,I Wanna Know,Joe
5,/wiki/Everything_You_Want_(Vertical_Horizon_song),2000,2000-2005,5,top20,334,37.53374794712328,4.161676646706587,0.10204081632653061,0.16167664670658682,0.2861288450377249,0.32335329341317365,Everything You Want,Vertical Horizon
6,/wiki/Say_My_Name,2000,2000-2005,6,top20,1010,12.870941558441558,3.714851485148515,0.3385093167701863,0.054455445544554455,0.1959234608985025,0.15742574257425743,Say My Name,Destiny's Child
7,/wiki/I_Knew_I_Loved_You_(Savage_Garden_song),2000,2000-2005,7,top20,318,13.006946317777178,3.358490566037736,0.1724137931034483,0.1289308176100629,0.2548736462093863,0.24842767295597484,I Knew I Loved You,Savage Garden
8,/wiki/Amazed,2000,2000-2005,8,top20,258,44.04187629023626,3.6666666666666665,0.09615384615384616,0.1744186046511628,0.3183707398171239,0.34108527131782945,Amazed,Lonestar
9,/wiki/Bent_(song),2000,2000-2005,9,top20,290,50.18663274745606,3.7482758620689656,0.1206896551724138,0.20689655172413793,0.32752360203340597,0.3689655172413793,Bent,Matchbox Twenty
10,/wiki/He_Wasn%27t_Man_Enough,2000,2000-2005,10,top20,720,32.96176526536047,3.7125,0.18285714285714286,0.09444444444444444,0.2649722465673386,0.21805555555555556,He Wasn't Man Enough,Toni Braxton
11,/wiki/Higher_(Creed_song),2000,2000-2005,11,top20,286,28.90129659643436,3.8636363636363638,0.06666666666666667,0.16433566433566432,0.3010057471264368,0.3356643356643357,Higher,Creed
12,/wiki/Try_Again_(Aaliyah_song),2000,2000-2005,12,top20,725,13.397611478527434,3.6441379310344826,0.21390374331550802,0.05931034482758621,0.18548148148148147,0.15724137931034482,Try Again,Aaliyah
13,"/wiki/Jumpin%27,_Jumpin%27",2000,2000-2005,13,top20,905,26.914030889718333,3.985635359116022,0.0535279805352798,0.08287292817679558,0.18755477651183172,0.18453038674033148,"Jumpin', Jumpin'",Destiny's Child
14,/wiki/Thong_Song,2000,2000-2005,14,top20,1025,17.464846980976013,3.4185365853658536,0.17943925233644858,0.02829268292682927,0.1644620811287478,0.11804878048780487,Thong Song,Sisqó
15,/wiki/Kryptonite_(3_Doors_Down_song),2000,2000-2005,15,top20,291,37.197091238839285,3.738831615120275,0.07792207792207792,0.1718213058419244,0.3149492017416546,0.3436426116838488,Kryptonite,3 Doors Down
16,/wiki/There_You_Go,2000,2000-2005,16,top20,610,28.715810276679843,3.7114754098360656,0.10476190476190476,0.1,0.2309556786703601,0.2262295081967213,There You Go,Pink
17,/wiki/Music_(Madonna_song),2000,2000-2005,17,top20,258,23.65,3.8449612403100777,0.15315315315315314,0.06976744186046512,0.2256,0.24031007751937986,Music,Madonna
18,/wiki/Doesn%27t_Really_Matter,2000,2000-2005,18,top20,772,20.201532342263057,4.058290155440415,0.195,0.04792746113989637,0.15964240102171137,0.13860103626943004,Doesn't Really Matter,Janet Jackson
19,/wiki/What_a_Girl_Wants_(Christina_Aguilera_song),2000,2000-2005,19,top20,568,21.967521367521368,3.7992957746478875,0.2012987012987013,0.12852112676056338,0.2752932551319648,0.24471830985915494,What a Girl Wants,Christina Aguilera
20,/wiki/Back_at_One_(song),2000,2000-2005,20,top20,310,92.59164812318288,3.7870967741935484,0.05970149253731343,0.18387096774193548,0.33400673400673403,0.3774193548387097,Back at One,Brian McKnight
21,/wiki/Bye_Bye_Bye,2000,2000-2005,21,other,428,25.529824561403508,3.5023364485981308,0.3586206896551724,0.102803738317757,0.27385892116182575,0.23598130841121495,Bye Bye Bye,NSYNC
22,/wiki/You_Sang_to_Me,2000,2000-2005,22,other,418,30.416384383016865,3.3373205741626792,0.09782608695652174,0.08373205741626795,0.23956043956043957,0.215311004784689,You Sang to Me,Marc Anthony
23,/wiki/I_Need_to_Know_(Marc_Anthony_song),2000,2000-2005,23,other,357,23.8,3.5994397759103642,0.24074074074074073,0.09243697478991597,0.18879415347137637,0.19887955182072828,I Need to Know,Marc Anthony
24,/wiki/Get_It_On_Tonite,2000,2000-2005,24,other,329,30.396092106370446,3.7841945288753798,0.23529411764705882,0.13069908814589665,0.33354390397978523,0.3130699088145897,Get It On Tonite,Montell Jordan
25,/wiki/Incomplete_(Sisq%C3%B3_song),2000,2000-2005,25,other,466,30.37641951122327,4.017167381974249,0.07746478873239436,0.16523605150214593,0.28449380606578384,0.2939914163090129,Incomplete,Sisqó
26,/wiki/I_Try,2000,2000-2005,26,other,389,35.03097528109049,3.596401028277635,0.12844036697247707,0.10025706940874037,0.2327923894795747,0.2236503856041131,I Try,Macy Gray
27,/wiki/It%27s_Gonna_Be_Me_(%27N_Sync_song),2000,2000-2005,27,other,313,41.40587107778566,3.7667731629392973,0.15476190476190477,0.13738019169329074,0.28313253012048195,0.3035143769968051,It's Gonna Be Me,'N Sync
28,/wiki/That%27s_the_Way_It_Is_(Celine_Dion_song),2000,2000-2005,28,other,349,34.54794627607454,3.7765042979942693,0.11392405063291139,0.11174785100286533,0.24805272618334331,0.2664756446991404,That's the Way It Is,Celine Dion
29,/wiki/Country_Grammar_(Hot_Shit),2000,2000-2005,29,other,824,69.96944763495875,3.8907766990291264,0.04092071611253197,0.25,0.3166830708661417,0.3446601941747573,Country Grammar (Hot Shit),Nelly
30,/wiki/Bring_It_All_to_Me,2000,2000-2005,30,other,401,22.279834061493652,3.4987531172069826,0.16666666666666666,0.14214463840399003,0.259567387687188,0.2518703241895262,Bring It All to Me,Blaque
31,/wiki/Show_Me_the_Meaning_of_Being_Lonely,2000,2000-2005,31,other,303,41.2848901621549,3.7755775577557755,0.1232876712328767,0.16501650165016502,0.2848318462594372,0.31353135313531355,Show Me the Meaning of Being Lonely,Backstreet Boys
32,/wiki/Hot_Boyz_(song),2000,2000-2005,32,other,603,17.912826384345443,3.504145936981758,0.11371237458193979,0.0978441127694859,0.2993793355239138,0.23548922056384744,Hot Boyz,Missy Elliott & Nas & Eve & Q-Tip
33,/wiki/Back_Here,2000,2000-2005,33,other,344,19.050344462109166,3.854651162790698,0.3939393939393939,0.10465116279069768,0.1948900772430184,0.2238372093023256,Back Here,BBMak
34,/wiki/It_Feels_So_Good,2000,2000-2005,34,other,319,58.97966143888474,3.833855799373041,0.13333333333333333,0.0877742946708464,0.1953277092796885,0.23510971786833856,It Feels So Good,Sonique
35,/wiki/Absolutely_(Story_of_a_Girl),2000,2000-2005,35,other,399,55.73670212765957,3.817042606516291,0.05128205128205128,0.10776942355889724,0.2618427902134305,0.2756892230576441,Absolutely (Story of a Girl),Nine Days
36,/wiki/With_Arms_Wide_Open,2000,2000-2005,36,other,227,28.98610302677532,4.022026431718062,0.23529411764705882,0.21145374449339208,0.29850746268656714,0.3700440528634361,With Arms Wide Open,Creed
37,/wiki/Be_with_You_(Enrique_Iglesias_song),2000,2000-2005,37,other,280,22.52539242843952,3.335714285714286,0.32,0.16071428571428573,0.2827699917559769,0.2857142857142857,Be with You,Enrique Iglesias
38,/wiki/Come_On_Over_Baby_(All_I_Want_Is_You),2000,2000-2005,38,other,551,13.974471155450267,3.4627949183303084,0.1925925925925926,0.07985480943738657,0.26277372262773724,0.20508166969147004,Come On Over Baby (All I Want Is You),Christina Aguilera
39,/wiki/No_More_(Ruff_Endz_song),2000,2000-2005,39,other,716,16.531105238925676,3.7527932960893855,0.0743801652892562,0.09776536312849161,0.23856975381008205,0.2122905027932961,No More,Ruff Endz
40,/wiki/All_the_Small_Things,2000,2000-2005,40,other,266,5.554932219408553,2.969924812030075,0.75,0.12030075187969924,0.25118483412322273,0.23308270676691728,All the Small Things,Blink 182
41,/wiki/The_Way_You_Love_Me_(Faith_Hill_song),2000,2000-2005,41,other,348,17.537255916203286,3.514367816091954,0.2894736842105263,0.08908045977011494,0.22038216560509555,0.20977011494252873,The Way You Love Me,Faith Hill
42,/wiki/I_Turn_to_You_(All-4-One_song),2000,2000-2005,42,other,350,20.280540388282198,3.5914285714285716,0.07317073170731707,0.12571428571428572,0.3031055900621118,0.26571428571428574,I Turn to You,Christina Aguilera
43,/wiki/Never_Let_You_Go_(Third_Eye_Blind_song),2000,2000-2005,43,other,341,18.70548828343985,3.844574780058651,0.12857142857142856,0.12609970674486803,0.2683222289521502,0.2785923753665689,Never Let You Go,Third Eye Blind
44,/wiki/I_Need_You_(LeAnn_Rimes_song),2000,2000-2005,44,other,198,36.04753521126761,3.8181818181818183,0.06666666666666667,0.22727272727272727,0.34554973821989526,0.41414141414141414,I Need You,LeAnn Rimes
45,/wiki/Thank_God_I_Found_You,2000,2000-2005,45,other,306,61.2,4.2745098039215685,0.11363636363636363,0.2222222222222222,0.32838589981447125,0.38562091503267976,Thank God I Found You,Mariah Carey & Joe & 98 Degrees
46,/wiki/Let%27s_Get_Married_(Jagged_Edge_song),2000,2000-2005,46,other,600,43.66810430537366,3.8066666666666666,0.09770114942528736,0.12166666666666667,0.24476484723652592,0.225,Let's Get Married,Jagged Edge
47,/wiki/My_Love_Is_Your_Love_(song),2000,2000-2005,47,other,582,22.41777777777778,4.013745704467354,0.13168724279835392,0.10824742268041238,0.21106557377049182,0.21305841924398625,My Love Is Your Love,Whitney Houston
48,/wiki/Then_the_Morning_Comes,2000,2000-2005,48,other,244,35.58333333333333,3.860655737704918,0.08695652173913043,0.13524590163934427,0.28847771236333053,0.3155737704918033,Then the Morning Comes,Smash Mouth
49,/wiki/Blue_(Da_Ba_Dee),2000,2000-2005,49,other,597,9.547355172897998,2.9313232830820772,0.2641509433962264,0.021775544388609715,0.14863713798977854,0.12060301507537688,Blue (Da Ba Dee),Eiffel 65
50,/wiki/Desert_Rose_(Sting_song),2000,2000-2005,50,other,331,22.69742298578199,3.697885196374622,0.17061611374407584,0.1268882175226586,0.27863577863577865,0.29607250755287007,Desert Rose,Sting & Cheb Mami
51,/wiki/The_Real_Slim_Shady,2000,2000-2005,51,other,1021,45.71309374488739,3.9461312438785505,0.08174386920980926,0.22624877571008814,0.3512022073314939,0.34573947110675807,The Real Slim Shady,Eminem
52,/wiki/Most_Girls_(Pink_song),2000,2000-2005,52,other,525,39.513954728608674,3.6666666666666665,0.10828025477707007,0.06857142857142857,0.20709335507541785,0.19238095238095237,Most Girls,Pink
53,/wiki/Wifey_(song),2000,2000-2005,53,other,510,27.166415536581283,3.815686274509804,0.13095238095238096,0.1784313725490196,0.2928019520130134,0.32745098039215687,Wifey,Next
54,/wiki/Wonderful_(Everclear_song),2000,2000-2005,54,other,600,7.742257742257742,3.506666666666667,0.5869565217391305,0.105,0.24306326304106549,0.21666666666666667,Wonderful,Everclear
55,/wiki/Oops!..._I_Did_It_Again_(song),2000,2000-2005,55,other,361,14.941159420289853,3.709141274238227,0.25,0.16620498614958448,0.2896592244418331,0.28254847645429365,Oops!... I Did It Again,Britney Spears
56,/wiki/I_Wanna_Love_You_Forever,2000,2000-2005,56,other,368,54.955742620914194,3.766304347826087,0.10679611650485436,0.1956521739130435,0.3323847467273762,0.35054347826086957,I Wanna Love You Forever,Jessica Simpson
57,/wiki/Give_Me_Just_One_Night_(Una_Noche),2000,2000-2005,57,other,342,22.894103773584906,3.5701754385964914,0.1111111111111111,0.15789473684210525,0.2765685019206146,0.2719298245614035,Give Me Just One Night (Una Noche),98 Degrees
58,/wiki/Take_a_Picture_(Filter_song),2000,2000-2005,58,other,270,12.886363636363637,4.177777777777778,0.20512820512820512,0.040740740740740744,0.18639262934089298,0.1962962962962963,Take a Picture,Filter
59,/wiki/Otherside,2000,2000-2005,59,other,305,22.094846900672145,3.6131147540983606,0.09210526315789473,0.2360655737704918,0.31657223796033995,0.3475409836065574,Otherside,Red Hot Chili Peppers
60,/wiki/Big_Pimpin%27,2000,2000-2005,60,other,796,49.17073443797582,3.4824120603015074,0.06451612903225806,0.22236180904522612,0.37024883784522833,0.3630653266331658,Big Pimpin',Jay-Z & UGK
61,/wiki/A_Puro_Dolor,2000,2000-2005,61,other,257,80.34799264515627,3.9299610894941632,0.03333333333333333,0.28793774319066145,0.41627172195892576,0.5252918287937743,Purest of Pain (A Puro Dolor),Son by Four
62,/wiki/He_Can%27t_Love_U,2000,2000-2005,62,other,647,14.254774226289943,3.2890262751159196,0.26282051282051283,0.09119010819165378,0.23290136789056876,0.17001545595054096,He Can't Love U,Jagged Edge
63,/wiki/Separated_(song),2000,2000-2005,63,other,532,10.748571428571429,3.768796992481203,0.33513513513513515,0.10902255639097744,0.2454688731284476,0.22180451127819548,Separated,Avant
64,/wiki/I_Wish_(Carl_Thomas_song),2000,2000-2005,64,other,251,33.61607142857143,3.4860557768924303,0.2,0.20717131474103587,0.33511111111111114,0.3426294820717131,I Wish,Carl Thomas
65,/wiki/U_Know_What%27s_Up,2000,2000-2005,65,other,465,13.318185809624165,3.576344086021505,0.16666666666666666,0.11827956989247312,0.22068328716528163,0.1956989247311828,U Know What's Up,Donell Jones
66,/wiki/Faded_(soulDecision_song),2000,2000-2005,66,other,605,51.08747698400215,3.862809917355372,0.12727272727272726,0.08099173553719008,0.22372881355932203,0.2396694214876033,Faded,soulDecision & Thrust
67,/wiki/Only_God_Knows_Why,2000,2000-2005,67,other,308,29.944444444444443,3.8181818181818183,0.07692307692307693,0.30194805194805197,0.4303882195448461,0.5032467532467533,Only God Knows Why,Kid Rock
68,/wiki/Shake_Ya_Ass,2000,2000-2005,68,other,853,49.10361842105263,3.9695193434935523,0.09295774647887324,0.1746776084407972,0.3127204326357865,0.3071512309495897,Shake Ya Ass,Mystikal
69,/wiki/Bag_Lady,2000,2000-2005,69,other,445,14.955687174398413,3.350561797752809,0.08955223880597014,0.15955056179775282,0.27889060092449924,0.26741573033707866,Bag Lady,Erykah Badu
70,/wiki/Meet_Virginia,2000,2000-2005,70,other,293,32.17991452991453,4.1331058020477816,0.06,0.22525597269624573,0.35638297872340424,0.38566552901023893,Meet Virginia,Train
71,/wiki/Party_Up_(Up_in_Here),2000,2000-2005,71,other,880,23.503578979545047,3.8034090909090907,0.08305647840531562,0.18977272727272726,0.3136660447761194,0.31022727272727274,Party Up (Up in Here),DMX
72,/wiki/Case_of_the_Ex,2000,2000-2005,72,other,751,28.530405766492265,3.7163781624500665,0.12437810945273632,0.05858854860186418,0.20727272727272728,0.17976031957390146,Case of the Ex (Whatcha Gonna Do),Mýa
73,/wiki/Forgot_About_Dre,2000,2000-2005,73,other,910,82.15149827900385,3.99010989010989,0.03048780487804878,0.25164835164835164,0.35178727114210984,0.37362637362637363,Forgot About Dre,Dr. Dre & Eminem
74,/wiki/That%27s_the_Way_(Jo_Dee_Messina_song),2000,2000-2005,74,other,386,29.93509546778876,3.790155440414508,0.09734513274336283,0.21761658031088082,0.3017241379310345,0.3393782383419689,That's the Way,Jo Dee Messina
75,/wiki/Swear_It_Again,2000,2000-2005,75,other,428,24.483003788468526,3.5817757009345796,0.10891089108910891,0.11682242990654206,0.2831723436705643,0.2616822429906542,Swear It Again,Westlife
76,/wiki/The_Next_Episode,2000,2000-2005,76,other,461,54.89935930512556,3.592190889370933,0.061224489795918366,0.3036876355748373,0.42538354253835425,0.46637744034707157,The Next Episode,Dr. Dre & Snoop Dogg
77,/wiki/From_the_Bottom_of_My_Broken_Heart,2000,2000-2005,77,other,396,28.43076923076923,3.727272727272727,0.13513513513513514,0.12373737373737374,0.2646744930629669,0.28535353535353536,From the Bottom of My Broken Heart,Britney Spears
78,/wiki/Crash_and_Burn_(Savage_Garden_song),2000,2000-2005,78,other,496,47.345454545454544,3.618951612903226,0.09558823529411764,0.06451612903225806,0.19773024879965082,0.19153225806451613,Crash and Burn,Savage Garden
79,/wiki/Yes!_(song),2000,2000-2005,79,other,264,38.872147548754064,3.6363636363636362,0.05660377358490566,0.26136363636363635,0.3830480847595762,0.42803030303030304,Yes!,Chad Brock
80,/wiki/The_Best_Day_(George_Strait_song),2000,2000-2005,80,other,284,75.61572498298162,3.869718309859155,0.12048192771084337,0.2711267605633803,0.36777456647398843,0.4507042253521127,The Best Day,George Strait
81,/wiki/Where_I_Wanna_Be_(Donell_Jones_song),2000,2000-2005,81,other,411,49.47222222222222,3.48661800486618,0.12264150943396226,0.1435523114355231,0.2737580993520518,0.2871046228710462,Where I Wanna Be,Donell Jones
82,/wiki/How_Do_You_Like_Me_Now%3F!_(song),2000,2000-2005,82,other,292,51.54667217289559,3.7260273972602738,0.05970149253731343,0.2534246575342466,0.36107091172214184,0.4075342465753425,How Do You Like Me Now?!,Toby Keith
83,/wiki/My_Best_Friend_(Tim_McGraw_song),2000,2000-2005,83,other,298,46.48006397381536,3.674496644295302,0.14285714285714285,0.1644295302013423,0.29555236728837875,0.3422818791946309,My Best Friend,Tim McGraw
84,/wiki/Broadway_(Goo_Goo_Dolls_song),2000,2000-2005,84,other,333,93.39661985903865,4.2192192192192195,0.07017543859649122,0.13213213213213212,0.25906735751295334,0.32432432432432434,Broadway,Goo Goo Dolls
85,/wiki/What%27chu_Like,2000,2000-2005,85,other,568,75.08677078265926,3.811619718309859,0.053763440860215055,0.27816901408450706,0.3593864134404675,0.40316901408450706,What'chu Like,Da Brat & Tyrese
86,/wiki/Don%27t_Think_I%27m_Not,2000,2000-2005,86,other,489,30.227248125957047,4.171779141104294,0.09473684210526316,0.12065439672801637,0.18103109012199922,0.21267893660531698,Don't Think I'm Not,Kandi
87,/wiki/I_Hope_You_Dance_(song),2000,2000-2005,87,other,313,58.325300834131,4.0287539936102235,0.1619047619047619,0.15654952076677317,0.3103229892336922,0.3706070287539936,I Hope You Dance,Lee Ann Womack & Sons of the Desert
88,/wiki/Better_Off_Alone_(Alice_DeeJay_song),2000,2000-2005,88,other,103,9.363636363636363,3.7864077669902914,0.6,0,0.15447154471544716,0.10679611650485436,Better Off Alone,Alice Deejay
89,/wiki/Dance_with_Me_(Debelah_Morgan_song),2000,2000-2005,89,other,506,21.72250252270434,3.6205533596837944,0.25308641975308643,0.07905138339920949,0.21642429426860565,0.17786561264822134,Dance with Me,Debelah Morgan
90,/wiki/What_About_Now_(Lonestar_song),2000,2000-2005,90,other,300,91.94790475919996,4.2,0.046511627906976744,0.24,0.32122370936902483,0.4266666666666667,What About Now,Lonestar
91,/wiki/I_Like_It_(Sammie_song),2000,2000-2005,91,other,470,19.656851751597948,3.297872340425532,0.3163265306122449,0.125531914893617,0.2664359861591695,0.23617021276595745,I Like It,Sammie
92,/wiki/24/7_(Kevon_Edmonds_song),2000,2000-2005,92,other,243,80.35977505960402,3.7242798353909463,0.0847457627118644,0.3497942386831276,0.4673060156931125,0.5432098765432098,24/7,Kevon Edmonds
93,/wiki/Girl_on_TV,2000,2000-2005,93,other,595,60.073062887888554,3.7025210084033615,0.05527638190954774,0.0907563025210084,0.2338680926916221,0.24369747899159663,Girl on TV,LFO
94,/wiki/Bounce_with_Me,2000,2000-2005,94,other,757,28.972951053669675,3.583883751651255,0.14652014652014653,0.178335535006605,0.30483592400690845,0.30250990752972257,Bounce with Me,Lil' Bow Wow & Xscape
95,/wiki/Cowboy_Take_Me_Away,2000,2000-2005,95,other,246,26.09987966305656,3.5569105691056913,0.12359550561797752,0.11788617886178862,0.30357142857142855,0.3089430894308943,Cowboy Take Me Away,Dixie Chicks
96,/wiki/I_Don%27t_Wanna_(Aaliyah_song),2000,2000-2005,96,other,590,12.575963718820862,3.8084745762711862,0.288,0.13050847457627118,0.2322308233638283,0.21525423728813559,I Don't Wanna,Aaliyah
97,/wiki/Independent_Women_Part_I,2000,2000-2005,97,other,10504,70.72205124204217,4.4933358720487435,0.011779448621553884,0.15451256664127952,0.3753314500615241,0.24723914699162225,Independent Women Part I,Destiny's Child
98,/wiki/Gotta_Tell_You_(song),2000,2000-2005,98,other,362,18.22335167090894,3.787292817679558,0.20253164556962025,0.1464088397790055,0.25632183908045975,0.2596685082872928,Gotta Tell You,Samantha Mumba
99,/wiki/Waiting_for_Tonight,2000,2000-2005,99,other,358,17.581930016402403,3.717877094972067,0.20192307692307693,0.13966480446927373,0.2565165876777251,0.2737430167597765,Waiting for Tonight,Jennifer Lopez
100,/wiki/Shackles_(Praise_You),2000,2000-2005,100,other,550,19.137967240655186,3.6618181818181816,0.1791044776119403,0.12545454545454546,0.2391135303265941,0.21636363636363637,Shackles (Praise You),Mary Mary
101,/wiki/Hanging_by_a_Moment,2001,2000-2005,1,top20,268,32.38925729442971,4.115671641791045,0.13846153846153847,0.05970149253731343,0.2321167883211679,0.27611940298507465,Hanging by a Moment,Lifehouse
102,/wiki/Fallin%27_(Alicia_Keys_song),2001,2000-2005,2,top20,231,22.05,3.4675324675324677,0.1774193548387097,0.1471861471861472,0.28462273161413565,0.2727272727272727,Fallin',Alicia Keys
103,/wiki/All_for_You_(Janet_Jackson_song),2001,2000-2005,3,top20,821,24.39172894411077,3.630937880633374,0.09090909090909091,0.06699147381242387,0.18856098197962914,0.17904993909866018,All for You,Janet Jackson
104,/wiki/Drops_of_Jupiter_(Tell_Me),2001,2000-2005,4,top20,450,19.0502961825362,3.7555555555555555,0.24277456647398843,0.19333333333333333,0.3186915887850467,0.35333333333333333,Drops of Jupiter (Tell Me),Train
105,/wiki/I%27m_Real_(Jennifer_Lopez_song),2001,2000-2005,5,top20,678,22.91457443227173,3.650442477876106,0.09696969696969697,0.05752212389380531,0.18346007604562736,0.15486725663716813,I'm Real,Jennifer Lopez & Ja Rule
106,/wiki/If_You%27re_Gone_(Matchbox_Twenty_song),2001,2000-2005,6,top20,344,33.25333333333333,3.747093023255814,0.12857142857142856,0.11337209302325581,0.2694647201946472,0.27906976744186046,If You're Gone,Matchbox Twenty
107,/wiki/Let_Me_Blow_Ya_Mind,2001,2000-2005,7,top20,577,114.23114127717753,3.7868284228769498,0.02926829268292683,0.28942807625649913,0.40794223826714804,0.45233968804159447,Let Me Blow Ya Mind,Eve & Gwen Stefani
108,/wiki/Thank_You_(Dido_song),2001,2000-2005,8,top20,242,46.55736040609137,3.371900826446281,0.12727272727272726,0.256198347107438,0.38978240302743616,0.4090909090909091,Thank You,Dido
109,/wiki/Again_(Lenny_Kravitz_song),2001,2000-2005,9,top20,304,29.386666666666667,3.6151315789473686,0.1388888888888889,0.15460526315789475,0.21754636233951496,0.24342105263157895,Again,Lenny Kravitz
110,/wiki/Independent_Women_Part_I,2001,2000-2005,10,top20,10504,70.72205124204217,4.4933358720487435,0.011779448621553884,0.15451256664127952,0.3753314500615241,0.24723914699162225,Independent Women Part I,Destiny's Child
111,/wiki/Hit_%27Em_Up_Style_(Oops!),2001,2000-2005,11,top20,686,35.60417070679647,3.561224489795918,0.084070796460177,0.10349854227405247,0.2434231378763867,0.239067055393586,Hit 'Em Up Style (Oops!),Blu Cantrell
112,/wiki/It_Wasn%27t_Me,2001,2000-2005,12,top20,608,57.47426371984225,3.78125,0.05128205128205128,0.15953947368421054,0.30679877007174583,0.3223684210526316,It Wasn't Me,Shaggy & Rikrok
113,/wiki/Stutter_(Joe_song),2001,2000-2005,13,top20,632,15.856834532374101,4.1534810126582276,0.3013698630136986,0.0981012658227848,0.21206581352833637,0.19778481012658228,Stutter,Joe & Mystikal
114,/wiki/It%27s_Been_Awhile,2001,2000-2005,14,top20,269,42.33704528582034,3.966542750929368,0.2857142857142857,0.1895910780669145,0.3258426966292135,0.35315985130111527,It's Been Awhile,Staind
115,/wiki/U_Remind_Me,2001,2000-2005,15,top20,627,25.530300109866808,3.3684210526315788,0.15476190476190477,0.10207336523125997,0.2367748996716527,0.19457735247208932,U Remind Me,Usher
116,/wiki/Where_the_Party_At,2001,2000-2005,16,top20,829,18.225808500839072,3.41978287092883,0.16104868913857678,0.16284680337756333,0.3180461329715061,0.2762364294330519,Where the Party At,Jagged Edge & Nelly
117,/wiki/Angel_(Shaggy_song),2001,2000-2005,17,top20,542,42.048440931049626,4.084870848708487,0.10050251256281408,0.08671586715867159,0.27691192461036607,0.2859778597785978,Angel,Shaggy & Rayvon
118,/wiki/Ride_wit_Me,2001,2000-2005,18,top20,1002,48.85905237973781,3.5019960079840318,0.058823529411764705,0.17065868263473055,0.28843176288431766,0.2744510978043912,Ride wit Me,Nelly & City Spud
119,/wiki/Follow_Me_(Uncle_Kracker_song),2001,2000-2005,19,top20,351,50.05069806907737,3.7635327635327633,0.09722222222222222,0.08262108262108261,0.22156045265038712,0.24216524216524216,Follow Me,Uncle Kracker
120,/wiki/Peaches_%26_Cream_(112_song),2001,2000-2005,20,top20,578,44.15720323410511,3.783737024221453,0.13855421686746988,0.11764705882352941,0.23694634497659345,0.23356401384083045,Peaches & Cream,112
121,/wiki/Drive_(Incubus_song),2001,2000-2005,21,other,238,11.63383411269194,3.819327731092437,0.09375,0.1722689075630252,0.32722513089005234,0.35294117647058826,Drive,Incubus
122,/wiki/What_Would_You_Do%3F_(City_High_song),2001,2000-2005,22,other,648,70.25552603368561,3.5354938271604937,0.03488372093023256,0.13425925925925927,0.26413816457839484,0.26697530864197533,What Would You Do?,City High
123,/wiki/Survivor_(Destiny%27s_Child_song),2001,2000-2005,23,other,720,15.903640723784608,3.9375,0.18407960199004975,0.12083333333333333,0.20116375727348296,0.1875,Survivor,Destiny's Child
124,/wiki/Lady_Marmalade#Moulin_Rouge!_version,2001,2000-2005,24,other,485,16.46951376689783,4.078350515463917,0.06172839506172839,0.26597938144329897,0.35426731078904994,0.38762886597938145,Lady Marmalade,Christina Aguilera & Lil' Kim & Mýa & Pink
125,/wiki/Ms._Jackson,2001,2000-2005,25,other,695,58.39139344262295,3.9913669064748203,0.0449438202247191,0.24172661870503598,0.34655172413793106,0.3712230215827338,Ms. Jackson,Outkast
126,/wiki/Love_Don%27t_Cost_a_Thing_(song),2001,2000-2005,26,other,646,31.08234126984127,3.676470588235294,0.09289617486338798,0.11609907120743033,0.23509933774834438,0.22445820433436534,Love Don't Cost a Thing,Jennifer Lopez
127,/wiki/The_Way_You_Love_Me_(Faith_Hill_song),2001,2000-2005,27,other,348,17.537255916203286,3.514367816091954,0.2894736842105263,0.08908045977011494,0.22038216560509555,0.20977011494252873,The Way You Love Me,Faith Hill
128,/wiki/He_Loves_U_Not,2001,2000-2005,28,other,514,25.95959595959596,3.67704280155642,0.14516129032258066,0.09922178988326848,0.26217228464419473,0.245136186770428,He Loves U Not,Dream
129,/wiki/Butterfly_(Crazy_Town_song),2001,2000-2005,29,other,676,23.33809523809524,3.8476331360946747,0.12280701754385964,0.19822485207100593,0.2779805352798054,0.2988165680473373,Butterfly,Crazy Town
130,/wiki/Put_It_on_Me_(Ja_Rule_song),2001,2000-2005,30,other,701,43.59246936520691,3.6619115549215406,0.09049773755656108,0.16262482168330955,0.30158730158730157,0.28245363766048504,Put It on Me,Ja Rule & Lil' Mo & Vita
131,/wiki/Family_Affair_(Mary_J._Blige_song),2001,2000-2005,31,other,715,36.42303433001108,3.885314685314685,0.14102564102564102,0.1020979020979021,0.23551136363636363,0.21958041958041957,Family Affair,Mary J. Blige
132,/wiki/I_Hope_You_Dance_(song),2001,2000-2005,32,other,313,58.325300834131,4.0287539936102235,0.1619047619047619,0.15654952076677317,0.3103229892336922,0.3706070287539936,I Hope You Dance,Lee Ann Womack
133,/wiki/South_Side_(song),2001,2000-2005,33,other,204,26.27634660421546,3.5588235294117645,0.13636363636363635,0.1568627450980392,0.3627556512378902,0.3627450980392157,South Side,Moby & Gwen Stefani
134,/wiki/Don%27t_Tell_Me_(Madonna_song),2001,2000-2005,34,other,268,24.93133274492498,3.4776119402985075,0.11320754716981132,0.1044776119402985,0.26916666666666667,0.26492537313432835,Don't Tell Me,Madonna
135,/wiki/Get_Ur_Freak_On,2001,2000-2005,35,other,542,11.065833333333334,3.4575645756457565,0.2916666666666667,0.14022140221402213,0.24969046636401154,0.23062730627306274,Get Ur Freak On,Missy Elliott
136,/wiki/Crazy_(K-Ci_and_JoJo_song),2001,2000-2005,36,other,368,13.386243386243386,3.8369565217391304,0.5096153846153846,0.11141304347826086,0.26644182124789206,0.2418478260869565,Crazy,K-Ci & JoJo
137,/wiki/Fill_Me_In,2001,2000-2005,37,other,528,56.65863453815261,3.8579545454545454,0.0783132530120482,0.1893939393939394,0.3678071539657854,0.38825757575757575,Fill Me In,Craig David
138,/wiki/Someone_to_Call_My_Lover,2001,2000-2005,38,other,477,55.86304274084125,3.742138364779874,0.09259259259259259,0.09853249475890985,0.2142226148409894,0.2348008385744235,Someone to Call My Lover,Janet Jackson
139,/wiki/With_Arms_Wide_Open,2001,2000-2005,39,other,227,28.98610302677532,4.022026431718062,0.23529411764705882,0.21145374449339208,0.29850746268656714,0.3700440528634361,With Arms Wide Open,Creed
140,/wiki/Case_of_the_Ex,2001,2000-2005,40,other,751,28.530405766492265,3.7163781624500665,0.12437810945273632,0.05858854860186418,0.20727272727272728,0.17976031957390146,Case of the Ex (Whatcha Gonna Do),Mýa
141,/wiki/All_or_Nothing_(O-Town_song),2001,2000-2005,41,other,395,52.40438865145774,3.7037974683544306,0.07462686567164178,0.1291139240506329,0.2858678130037614,0.29620253164556964,All or Nothing,O-Town
142,/wiki/Bootylicious,2001,2000-2005,42,other,638,21.14156862745098,4.007836990595611,0.13333333333333333,0.16300940438871472,0.22339763534536403,0.23824451410658307,Bootylicious,Destiny's Child
143,/wiki/I%27m_Like_a_Bird,2001,2000-2005,43,other,498,23.603511896621363,3.3493975903614457,0.21782178217821782,0.08032128514056225,0.18013856812933027,0.1606425702811245,I'm Like a Bird,Nelly Furtado
144,/wiki/Kryptonite_(3_Doors_Down_song),2001,2000-2005,44,other,291,37.197091238839285,3.738831615120275,0.07792207792207792,0.1718213058419244,0.3149492017416546,0.3436426116838488,Kryptonite,3 Doors Down
145,/wiki/Fiesta_(R._Kelly_song),2001,2000-2005,45,other,560,28.029700344736142,3.807142857142857,0.125,0.2392857142857143,0.33000369959304476,0.36428571428571427,Fiesta,R. Kelly & Jay-Z
146,/wiki/When_It%27s_Over_(Sugar_Ray_song),2001,2000-2005,46,other,446,16.730398874454128,3.594170403587444,0.17857142857142858,0.03811659192825112,0.158203125,0.14349775784753363,When It's Over,Sugar Ray
147,/wiki/Jaded_(Aerosmith_song),2001,2000-2005,47,other,216,32.86703236899011,3.8472222222222223,0.17567567567567569,0.25,0.3937082936129647,0.4212962962962963,Jaded,Aerosmith
148,/wiki/Promise_(Jagged_Edge_song),2001,2000-2005,48,other,565,27.151029748283754,3.7309734513274337,0.2116788321167883,0.06548672566371681,0.25112107623318386,0.19823008849557522,Promise,Jagged Edge
149,/wiki/Missing_You_(Case_song),2001,2000-2005,49,other,424,13.11301247771836,4.004716981132075,0.25316455696202533,0.10613207547169812,0.19332079021636878,0.22169811320754718,Missing You,Case
150,/wiki/Differences_(song),2001,2000-2005,50,other,621,22.407811477198344,3.579710144927536,0.14035087719298245,0.08856682769726248,0.2517580872011252,0.20128824476650564,Differences,Ginuwine
151,/wiki/This_I_Promise_You,2001,2000-2005,51,other,267,22.405594405594407,3.7340823970037453,0.10975609756097561,0.16853932584269662,0.330173775671406,0.34831460674157305,This I Promise You,NSYNC
152,/wiki/Izzo_(H.O.V.A.),2001,2000-2005,52,other,703,37.102777777777774,3.3641536273115222,0.1826086956521739,0.23186344238975817,0.34591604295476736,0.33712660028449504,Izzo (H.O.V.A.),Jay-Z
153,/wiki/Superwoman_Pt._II,2001,2000-2005,53,other,453,73.94439347074572,3.8520971302428255,0.06521739130434782,0.282560706401766,0.3886363636363636,0.4260485651214128,Superwoman Pt. II,Lil' Mo & Fabolous
154,/wiki/Crazy_for_This_Girl,2001,2000-2005,54,other,291,35.50448896849031,3.70446735395189,0.12121212121212122,0.09621993127147767,0.2498179169701384,0.27147766323024053,Crazy for This Girl,Evan and Jaron
155,/wiki/Nobody_Wants_to_Be_Lonely,2001,2000-2005,55,other,358,20.32237241798299,3.782122905027933,0.08411214953271028,0.10614525139664804,0.2656158785755984,0.2681564245810056,Nobody Wants to Be Lonely,Ricky Martin & Christina Aguilera
156,/wiki/I_Just_Wanna_Love_U_(Give_It_2_Me),2001,2000-2005,56,other,693,30.594036219816818,3.8773448773448775,0.05054151624548736,0.1847041847041847,0.3118216485772954,0.32611832611832614,I Just Wanna Love U (Give It 2 Me),Jay-Z
157,/wiki/One_Minute_Man,2001,2000-2005,57,other,536,25.69715950473416,3.6455223880597014,0.14666666666666667,0.15858208955223882,0.2788844621513944,0.2798507462686567,One Minute Man,Missy Elliott & Ludacris
158,/wiki/Danger_(Been_So_Long),2001,2000-2005,58,other,608,43.65128205128205,3.9029605263157894,0.07526881720430108,0.20888157894736842,0.33790106951871657,0.32401315789473684,Danger (Been So Long),Mystikal & Nivea
159,/wiki/Only_Time,2001,2000-2005,59,other,123,20.5,3.7560975609756095,0.2,0.08943089430894309,0.3030821917808219,0.2926829268292683,Only Time,Enya
160,/wiki/I_Do!!,2001,2000-2005,60,other,640,46.03743679042596,3.3234375,0.060240963855421686,0.1328125,0.24811760487629975,0.240625,I Do!!,Toya
161,/wiki/Never_Had_a_Dream_Come_True_(S_Club_7_song),2001,2000-2005,61,other,418,31.811237216263407,3.6770334928229667,0.1,0.07177033492822966,0.25280898876404495,0.2535885167464115,Never Had a Dream Come True,S Club 7
162,/wiki/Stranger_in_My_House_(Tamia_song),2001,2000-2005,62,other,473,29.695664414414416,3.799154334038055,0.11650485436893204,0.13107822410147993,0.2497801231310466,0.25158562367864695,Stranger in My House,Tamia
163,/wiki/Irresistible_(Jessica_Simpson_song),2001,2000-2005,63,other,322,31.305555555555557,4.3478260869565215,0.1553398058252427,0.13043478260869565,0.29442508710801396,0.2950310559006211,Irresistible,Jessica Simpson
164,/wiki/Heard_It_All_Before_(Sunshine_Anderson_song),2001,2000-2005,64,other,694,26.45425185185185,3.638328530259366,0.10457516339869281,0.138328530259366,0.29773362309841667,0.26945244956772335,Heard It All Before,Sunshine Anderson
165,/wiki/The_Space_Between,2001,2000-2005,65,other,320,55.151515151515156,3.965625,0.125,0.225,0.3771213073538655,0.4125,The Space Between,Dave Matthews Band
166,/wiki/There_You%27ll_Be,2001,2000-2005,66,other,273,29.174960291326077,3.578754578754579,0.12121212121212122,0.1282051282051282,0.28137490007993604,0.28205128205128205,There You'll Be,Faith Hill
167,/wiki/Love_(Musiq_Soulchild_song),2001,2000-2005,67,other,344,60.341698352344736,3.872093023255814,0.2159090909090909,0.19186046511627908,0.3148479427549195,0.34593023255813954,Love,Musiq Soulchild
168,/wiki/It%27s_Over_Now_(112_song),2001,2000-2005,68,other,487,41.488583902830776,3.8603696098562628,0.1092436974789916,0.09650924024640657,0.24726661059714045,0.25667351129363447,It's Over Now,112
169,/wiki/No_More_(Baby_I%27ma_Do_Right),2001,2000-2005,69,other,733,12.695586886749197,3.489768076398363,0.16363636363636364,0.11596180081855388,0.26226529376135677,0.22373806275579808,No More (Baby I'ma Do Right),3LW
170,/wiki/Turn_Off_the_Light,2001,2000-2005,70,other,523,17.580363138245012,3.7036328871892925,0.1732283464566929,0.09751434034416825,0.2477696674776967,0.24091778202676864,Turn Off the Light,Nelly Furtado
171,/wiki/Ain%27t_Nothing_%27bout_You,2001,2000-2005,71,other,343,24.000407830342578,3.816326530612245,0.16666666666666666,0.1661807580174927,0.26353790613718414,0.2857142857142857,Ain't Nothing 'bout You,Brooks & Dunn
172,/wiki/Play_(Jennifer_Lopez_song),2001,2000-2005,72,other,501,23.45424684804247,3.4770459081836327,0.3023255813953488,0.1157684630738523,0.2351111111111111,0.20159680638722555,Play,Jennifer Lopez
173,/wiki/I%27m_Already_There_(song),2001,2000-2005,73,other,277,42.8930303030303,3.8411552346570397,0.041666666666666664,0.26714801444043323,0.3794642857142857,0.4332129963898917,I'm Already There,Lonestar
174,/wiki/My_Baby_(Lil%27_Romeo_song),2001,2000-2005,74,other,611,37.67966854658307,3.595744680851064,0.07017543859649122,0.18003273322422259,0.3109213802917111,0.31751227495908346,My Baby,Lil' Romeo
175,/wiki/Beautiful_Day,2001,2000-2005,75,other,278,47.48541088892132,3.841726618705036,0.08860759493670886,0.29136690647482016,0.4052044609665427,0.460431654676259,Beautiful Day,U2
176,/wiki/Austin_(song),2001,2000-2005,76,other,286,68.24261003735586,3.895104895104895,0.07142857142857142,0.3181818181818182,0.44151212553495006,0.4965034965034965,Austin,Blake Shelton
177,/wiki/Southern_Hospitality_(song),2001,2000-2005,77,other,733,31.53828947368421,3.9345156889495225,0.06182795698924731,0.1869031377899045,0.26860752540510846,0.30013642564802184,Southern Hospitality,Ludacris
178,/wiki/Grown_Men_Don%27t_Cry,2001,2000-2005,78,other,313,40.21855590062111,3.623003194888179,0.12987012987012986,0.29073482428115016,0.3914246196403873,0.43130990415335463,Grown Men Don't Cry,Tim McGraw
179,/wiki/Livin%27_It_Up_(Ja_Rule_song),2001,2000-2005,79,other,743,36.53467908902691,3.5275908479138627,0.05853658536585366,0.19380888290713325,0.32880755608028334,0.30686406460296095,Livin' It Up,Ja Rule & Case
180,/wiki/Loverboy_(Mariah_Carey_song),2001,2000-2005,80,other,726,16.368476745659613,3.455922865013774,0.13744075829383887,0.08677685950413223,0.2428174235403151,0.209366391184573,Loverboy,Mariah Carey & Cameo
181,/wiki/Contagious_(song),2001,2000-2005,81,other,703,57.130622781606114,3.817923186344239,0.06072874493927125,0.18634423897581792,0.3652994983771024,0.3399715504978663,Contagious,The Isley Brothers & R. Kelly & Chanté Moore
182,/wiki/Who_I_Am_(Jessica_Andrews_song),2001,2000-2005,82,other,315,47.09109100892711,3.876190476190476,0.04938271604938271,0.11746031746031746,0.2521172638436482,0.2761904761904762,Who I Am,Jessica Andrews
183,/wiki/Music_(Erick_Sermon_and_Marvin_Gaye_song),2001,2000-2005,83,other,487,19.164351851851855,3.6858316221765914,0.25,0.2402464065708419,0.34951881014873143,0.3593429158110883,Music,Erick Sermon & Marvin Gaye
184,/wiki/I_Wanna_Be_Bad,2001,2000-2005,84,other,466,19.64568272745091,3.38412017167382,0.19230769230769232,0.11802575107296137,0.2751219512195122,0.23605150214592274,I Wanna Be Bad,Willa Ford
185,/wiki/Don%27t_Happen_Twice,2001,2000-2005,85,other,214,61.26158940397351,3.7803738317757007,0.058823529411764705,0.12149532710280374,0.30528375733855184,0.34579439252336447,Don't Happen Twice,Kenny Chesney
186,/wiki/One_More_Day_(Diamond_Rio_song),2001,2000-2005,86,other,207,30.15867402456086,3.7342995169082127,0.2830188679245283,0.1932367149758454,0.2870275791624106,0.32367149758454106,One More Day,Diamond Rio
187,/wiki/I_Wish_(R._Kelly_song),2001,2000-2005,87,other,914,36.53102355072464,3.691466083150985,0.035897435897435895,0.15645514223194748,0.2740205223880597,0.2636761487964989,I Wish,R. Kelly
188,/wiki/It%27s_a_Great_Day_to_Be_Alive,2001,2000-2005,88,other,316,79.41725352112675,3.8860759493670884,0.10101010101010101,0.2911392405063291,0.3393548387096774,0.4240506329113924,It's a Great Day to Be Alive,Travis Tritt
189,/wiki/I%27m_a_Thug,2001,2000-2005,89,other,643,53.583333333333336,3.7153965785381025,0.0944206008583691,0.17884914463452567,0.32741617357001973,0.3265940902021773,I'm a Thug,Trick Daddy
190,/wiki/Here%27s_to_the_Night,2001,2000-2005,90,other,219,40.23948549723757,3.7488584474885847,0.09259259259259259,0.1552511415525114,0.2945139557266602,0.3515981735159817,Here's to the Night,Eve 6
191,/wiki/You_Shouldn%27t_Kiss_Me_Like_This,2001,2000-2005,91,other,247,69.3061105041361,4.036437246963563,0.10714285714285714,0.17813765182186234,0.34422310756972113,0.4251012145748988,You Shouldn't Kiss Me Like This,Toby Keith
192,/wiki/Get_Over_Yourself_(Eden%27s_Crush_song),2001,2000-2005,92,other,513,27.30252100840336,4.3274853801169595,0.11538461538461539,0.12475633528265107,0.2213323625773571,0.23976608187134502,Get Over Yourself,Eden's Crush
193,/wiki/Dance_with_Me_(Debelah_Morgan_song),2001,2000-2005,93,other,506,21.72250252270434,3.6205533596837944,0.25308641975308643,0.07905138339920949,0.21642429426860565,0.17786561264822134,Dance with Me,Debelah Morgan
194,"/wiki/So_Fresh,_So_Clean",2001,2000-2005,94,other,777,23.64520915266357,3.74002574002574,0.2360655737704918,0.1969111969111969,0.25074384636191505,0.2767052767052767,"So Fresh, So Clean",Outkast
195,/wiki/E.I._(song),2001,2000-2005,95,other,656,38.588235294117645,4.009146341463414,0.11501597444089456,0.3155487804878049,0.3944511459589867,0.4481707317073171,E.I.,Nelly
196,/wiki/Be_Like_That_(3_Doors_Down_song),2001,2000-2005,96,other,316,30.543364681295714,3.5,0.08771929824561403,0.20253164556962025,0.29957805907172996,0.34177215189873417,Be Like That,3 Doors Down
197,/wiki/Most_Girls_(Pink_song),2001,2000-2005,97,other,525,39.513954728608674,3.6666666666666665,0.10828025477707007,0.06857142857142857,0.20709335507541785,0.19238095238095237,Most Girls,Pink
198,/wiki/Oochie_Wally,2001,2000-2005,98,other,622,20.442887931034484,3.8231511254019295,0.07692307692307693,0.2990353697749196,0.3947982660886962,0.42765273311897106,Oochie Wally,QB Finest & Nas & Bravehearts
199,/wiki/Hero_(Enrique_Iglesias_song),2001,2000-2005,99,other,238,36.83333333333333,3.4789915966386555,0.08823529411764706,0.13865546218487396,0.30704225352112674,0.31092436974789917,Hero,Enrique Iglesias
200,/wiki/Hemorrhage_(In_My_Hands),2001,2000-2005,100,other,208,21.524020285846014,3.9759615384615383,0.18181818181818182,0.25,0.3159420289855073,0.375,Hemorrhage (In My Hands),Fuel
201,/wiki/How_You_Remind_Me,2002,2000-2005,1,top20,391,23.4690298079027,3.5217391304347827,0.0967741935483871,0.061381074168797956,0.2153673583847448,0.23017902813299232,How You Remind Me,Nickelback
202,/wiki/Foolish_(Ashanti_song),2002,2000-2005,2,top20,543,32.224746375910684,3.6593001841620625,0.09090909090909091,0.141804788213628,0.26442687747035576,0.24861878453038674,Foolish,Ashanti
203,/wiki/Hot_in_Herre,2002,2000-2005,3,top20,784,26.133333333333333,3.434948979591837,0.12337662337662338,0.17219387755102042,0.2962226640159046,0.26785714285714285,Hot in Herre,Nelly
204,/wiki/Dilemma_(Nelly_song),2002,2000-2005,4,top20,891,23.591169876022157,3.493827160493827,0.14788732394366197,0.1122334455667789,0.2514243249938073,0.20650953984287318,Dilemma,Nelly & Kelly Rowland
205,/wiki/Wherever_You_Will_Go,2002,2000-2005,5,top20,243,35.51053565739771,3.5637860082304527,0.1111111111111111,0.18518518518518517,0.34025270758122744,0.37037037037037035,Wherever You Will Go,The Calling
206,/wiki/A_Thousand_Miles,2002,2000-2005,6,top20,268,34.88099123168786,3.6641791044776117,0.08571428571428572,0.06716417910447761,0.26619273301737756,0.26865671641791045,A Thousand Miles,Vanessa Carlton
207,/wiki/In_the_End,2002,2000-2005,7,top20,391,43.877265808772655,3.608695652173913,0.10126582278481013,0.13810741687979539,0.31984478935698446,0.3171355498721228,In the End,Linkin Park
208,/wiki/What%27s_Luv%3F,2002,2000-2005,8,top20,698,25.935240815522505,3.5888252148997135,0.13333333333333333,0.20630372492836677,0.3232637807536593,0.30659025787965616,What's Luv?,Fat Joe & Ashanti
209,/wiki/U_Got_It_Bad,2002,2000-2005,9,top20,489,30.5625,3.678936605316973,0.14545454545454545,0.11042944785276074,0.29581151832460734,0.2883435582822086,U Got It Bad,Usher
210,/wiki/Blurry,2002,2000-2005,10,top20,408,24.854472013848817,3.6348039215686274,0.17857142857142858,0.08088235294117647,0.2332099418297197,0.23774509803921567,Blurry,Puddle of Mudd
211,/wiki/Complicated_(Avril_Lavigne_song),2002,2000-2005,11,top20,481,23.14368686868687,3.858627858627859,0.0594059405940594,0.06444906444906445,0.2110403397027601,0.2286902286902287,Complicated,Avril Lavigne
212,/wiki/Always_on_Time,2002,2000-2005,12,top20,686,53.08333333333333,3.749271137026239,0.0881057268722467,0.239067055393586,0.34475374732334046,0.35714285714285715,Always on Time,Ja Rule & Ashanti
213,/wiki/Ain%27t_It_Funny_(Murder_Remix),2002,2000-2005,13,top20,537,44.10407450459793,3.6834264432029795,0.1125,0.2309124767225326,0.3498219232291254,0.36685288640595903,Ain't It Funny (Murder Remix),Jennifer Lopez & Ja Rule
214,/wiki/The_Middle_(Jimmy_Eat_World_song),2002,2000-2005,14,top20,260,31.434698923507632,4.515384615384615,0.13636363636363635,0.10384615384615385,0.2302861130495464,0.2923076923076923,The Middle,Jimmy Eat World
215,/wiki/I_Need_a_Girl_(Part_One),2002,2000-2005,15,top20,323,189.8963425996792,4.38390092879257,0.03431372549019608,0.5758513931888545,0.5160919540229885,0.7089783281733746,I Need a Girl (Part One),P. Diddy & Usher & Loon
216,/wiki/U_Don%27t_Have_to_Call,2002,2000-2005,16,top20,457,25.811424666345072,4.052516411378556,0.11049723756906077,0.10065645514223195,0.25925925925925924,0.2713347921225383,U Don't Have to Call,Usher
217,/wiki/Family_Affair_(Mary_J._Blige_song),2002,2000-2005,17,top20,715,36.42303433001108,3.885314685314685,0.14102564102564102,0.1020979020979021,0.23551136363636363,0.21958041958041957,Family Affair,Mary J. Blige
218,/wiki/I_Need_a_Girl_(Part_Two),2002,2000-2005,18,top20,798,19.647727272727273,3.862155388471178,0.12742382271468145,0.20551378446115287,0.3085434894493052,0.33458646616541354,I Need a Girl (Part Two),P. Diddy & Ginuwine & Loon & Mario Winans
219,/wiki/Gangsta_Lovin%27,2002,2000-2005,19,top20,606,27.60248447204969,3.6518151815181517,0.12264150943396226,0.1848184818481848,0.3384994716449454,0.3085808580858086,Gangsta Lovin',Eve & Alicia Keys
220,/wiki/My_Sacrifice,2002,2000-2005,20,top20,200,40.456130156885536,4.015,0.10416666666666667,0.22,0.31343283582089554,0.395,My Sacrifice,Creed
221,/wiki/Without_Me_(Eminem_song),2002,2000-2005,21,other,804,22.35057915057915,4.0049751243781095,0.10561056105610561,0.2798507462686567,0.36168108776266994,0.39552238805970147,Without Me,Eminem
222,/wiki/Hero_(Enrique_Iglesias_song),2002,2000-2005,22,other,238,36.83333333333333,3.4789915966386555,0.08823529411764706,0.13865546218487396,0.30704225352112674,0.31092436974789917,Hero,Enrique Iglesias
223,/wiki/All_You_Wanted,2002,2000-2005,23,other,275,25.862323872738685,3.5090909090909093,0.15789473684210525,0.10909090909090909,0.27280064568200163,0.26545454545454544,All You Wanted,Michelle Branch
224,/wiki/Get_the_Party_Started,2002,2000-2005,24,other,308,21.266666666666666,4.162337662337662,0.15517241379310345,0.22077922077922077,0.2941542288557214,0.33116883116883117,Get the Party Started,Pink
225,/wiki/Hero_(Chad_Kroeger_song),2002,2000-2005,25,other,232,26.721068778516006,3.706896551724138,0.15584415584415584,0.11637931034482758,0.2768102658111824,0.31896551724137934,Hero,Chad Kroeger & Josey Scott
226,/wiki/Wasting_My_Time_(Default_song),2002,2000-2005,26,other,251,47.194011976047904,3.729083665338645,0.1388888888888889,0.16334661354581673,0.26644182124789206,0.32270916334661354,Wasting My Time,Default
227,/wiki/One_Last_Breath_(Creed_song),2002,2000-2005,27,other,264,29.036683417085428,3.696969696969697,0.19298245614035087,0.11363636363636363,0.27580645161290324,0.2840909090909091,One Last Breath,Creed
228,"/wiki/Whenever,_Wherever",2002,2000-2005,28,other,351,36.79710434298774,3.8575498575498575,0.171875,0.21937321937321938,0.3192488262910798,0.4017094017094017,"Whenever, Wherever",Shakira
229,/wiki/I%27m_Gonna_Be_Alright,2002,2000-2005,29,other,652,25.564013729198496,3.521472392638037,0.10869565217391304,0.08588957055214724,0.20040691759918616,0.1794478527607362,I'm Gonna Be Alright,Jennifer Lopez & Nas
230,/wiki/Oh_Boy_(Cam%27ron_song),2002,2000-2005,30,other,606,22.659568106312292,3.6617161716171616,0.32989690721649484,0.24257425742574257,0.41517386722866173,0.3927392739273927,Oh Boy,Cam'ron & Juelz Santana
231,/wiki/Heaven_(Bryan_Adams_song)#DJ_Sammy_and_Yanou_version,2002,2000-2005,31,other,259,38.314207650273225,3.718146718146718,0.19642857142857142,0.18532818532818532,0.313469387755102,0.35135135135135137,Heaven,DJ Sammy & Yanou & Do
232,/wiki/Hey_Baby_(No_Doubt_song),2002,2000-2005,32,other,508,12.459308807134894,3.690944881889764,0.29098360655737704,0.12598425196850394,0.2799832845800251,0.2736220472440945,Hey Baby,No Doubt & Bounty Killer
233,/wiki/Girlfriend_(NSYNC_song),2002,2000-2005,33,other,607,21.304802955665025,3.7891268533772653,0.1523809523809524,0.08731466227347612,0.2320631651218675,0.22405271828665568,Girlfriend,NSYNC & Nelly
234,/wiki/Just_a_Friend_2002,2002,2000-2005,34,other,639,15.214285714285714,3.4225352112676055,0.2932330827067669,0.0892018779342723,0.21008107155445893,0.16588419405320814,Just a Friend 2002,Mario
235,/wiki/Soak_Up_the_Sun,2002,2000-2005,35,other,330,43.45372251318982,3.687878787878788,0.1574074074074074,0.1606060606060606,0.2809493264913406,0.3151515151515151,Soak Up the Sun,Sheryl Crow
236,/wiki/Don%27t_Let_Me_Get_Me,2002,2000-2005,36,other,350,36.94444444444444,3.9085714285714284,0.11827956989247312,0.13714285714285715,0.27399650959860383,0.2742857142857143,Don't Let Me Get Me,Pink
237,/wiki/Nothin%27_(song),2002,2000-2005,37,other,868,10.524600263224217,3.5910138248847927,0.3057324840764331,0.22580645161290322,0.3092449538998256,0.3317972350230415,Nothin',N.O.R.E.
238,/wiki/Oops_(Oh_My),2002,2000-2005,38,other,337,29.746965579710142,3.649851632047478,0.07407407407407407,0.1543026706231454,0.29026098026734565,0.3026706231454006,Oops (Oh My),Tweet & Missy Elliott
239,/wiki/A_Moment_Like_This,2002,2000-2005,39,other,262,36.41853360488798,4.034351145038168,0.14102564102564102,0.17938931297709923,0.28106060606060607,0.31679389312977096,A Moment Like This,Kelly Clarkson
240,/wiki/Addictive_(song),2002,2000-2005,40,other,564,52.46743159752869,4.076241134751773,0.10847457627118644,0.2198581560283688,0.2901536312849162,0.33687943262411346,Addictive,Truth Hurts & Rakim
241,/wiki/Happy_(Ashanti_song),2002,2000-2005,41,other,372,26.604767285609576,3.752688172043011,0.08035714285714286,0.1424731182795699,0.24366910523353968,0.2553763440860215,Happy,Ashanti
242,/wiki/No_Such_Thing_(John_Mayer_song),2002,2000-2005,42,other,308,88.39461883408072,3.8701298701298703,0.04395604395604396,0.262987012987013,0.36133333333333334,0.4448051948051948,No Such Thing,John Mayer
243,/wiki/Just_Like_a_Pill,2002,2000-2005,43,other,507,24.92807462867454,3.727810650887574,0.109375,0.0631163708086785,0.1812889812889813,0.1873767258382643,Just Like a Pill,Pink
244,/wiki/Down_4_U,2002,2000-2005,44,other,781,35.57349896480331,3.560819462227913,0.12549019607843137,0.19334186939820744,0.31072026800670016,0.2906530089628681,Down 4 U,Ja Rule & Ashanti & Charli Baltimore & Vita
245,/wiki/Can%27t_Get_You_Out_of_My_Head,2002,2000-2005,45,other,374,4.483060579959805,2.7192513368983957,0.8110599078341014,0.045454545454545456,0.15323741007194244,0.13101604278074866,Can't Get You Out of My Head,Kylie Minogue
246,/wiki/Superman_(It%27s_Not_Easy),2002,2000-2005,46,other,231,33,3.484848484848485,0.07462686567164178,0.2554112554112554,0.4032723772858518,0.4458874458874459,Superman (It's Not Easy),Five for Fighting
247,/wiki/Cleanin%27_Out_My_Closet,2002,2000-2005,47,other,733,65.94608482871126,3.8813096862210097,0.04918032786885246,0.2673942701227831,0.39601769911504425,0.40654843110504774,Cleanin' Out My Closet,Eminem
248,/wiki/Halfcrazy,2002,2000-2005,48,other,452,17.796336023427656,3.672566371681416,0.21476510067114093,0.13274336283185842,0.27102803738317754,0.252212389380531,Halfcrazy,Musiq Soulchild
249,"/wiki/Lights,_Camera,_Action!_(song)",2002,2000-2005,49,other,917,65.5,3.920392584514722,0.060453400503778336,0.19083969465648856,0.32395925597874226,0.3173391494002181,"Lights, Camera, Action!",Mr. Cheeks
250,/wiki/Still_Fly,2002,2000-2005,50,other,747,53.36445809195777,3.8125836680053546,0.06629834254143646,0.22623828647925034,0.34594146880176696,0.36412315930388217,Still Fly,Big Tymers
251,/wiki/A_Woman%27s_Worth,2002,2000-2005,51,other,532,16.3568708368404,3.6033834586466167,0.14009661835748793,0.12406015037593984,0.274613506916192,0.25375939849624063,A Woman's Worth,Alicia Keys
252,/wiki/7_Days_(Craig_David_song),2002,2000-2005,52,other,502,53.038415531836584,3.900398406374502,0.058823529411764705,0.2290836653386454,0.3457792207792208,0.37649402390438247,7 Days,Craig David
253,/wiki/Hey_Ma_(Cam%27ron_song),2002,2000-2005,53,other,571,55.225825714521044,3.7933450087565674,0.06787330316742081,0.21015761821366025,0.35923382724972897,0.3712784588441331,Hey Ma,Cam'ron & Juelz Santana & Freekey Zekey
254,/wiki/Work_It_(Missy_Elliott_song),2002,2000-2005,54,other,825,36.25980527415349,3.4193939393939394,0.0825,0.19151515151515153,0.33836029613380864,0.32242424242424245,Work It,Missy Elliott
255,/wiki/Move_Bitch,2002,2000-2005,55,other,689,19.80087503686953,3.72133526850508,0.1702127659574468,0.251088534107402,0.3266993263931415,0.3439767779390421,Move Bitch,Ludacris & Mystikal & I-20
256,/wiki/Can%27t_Fight_the_Moonlight,2002,2000-2005,56,other,358,22.24376551974906,4.092178770949721,0.11428571428571428,0.09776536312849161,0.22697368421052633,0.24022346368715083,Can't Fight the Moonlight,LeAnn Rimes
257,/wiki/Escape_(Enrique_Iglesias_song),2002,2000-2005,57,other,419,15.518518518518519,3.551312649164678,0.2074074074074074,0.06921241050119331,0.1851074986890404,0.17422434367541767,Escape,Enrique Iglesias
258,/wiki/More_than_a_Woman_(Aaliyah_song),2002,2000-2005,58,other,361,14.949544749305897,3.9002770083102494,0.14457831325301204,0.1634349030470914,0.2576099210822999,0.26869806094182824,More Than A Woman,Aaliyah
259,/wiki/Hella_Good,2002,2000-2005,59,other,253,22.09750833823818,3.7905138339920947,0.22666666666666666,0.1976284584980237,0.2859450726978998,0.3359683794466403,Hella Good,No Doubt
260,/wiki/I_Love_You_(Faith_Evans_song),2002,2000-2005,60,other,546,22.779589182401217,3.272893772893773,0.24731182795698925,0.08241758241758242,0.2503214744963566,0.19963369963369965,I Love You,Faith Evans
261,/wiki/Gotta_Get_thru_This_(song),2002,2000-2005,61,other,438,21.822048706368967,3.853881278538813,0.1651376146788991,0.0091324200913242,0.1626704278326281,0.18036529680365296,Gotta Get thru This,Daniel Bedingfield
262,"/wiki/Pass_the_Courvoisier,_Part_II",2002,2000-2005,62,other,824,29.57948717948718,3.938106796116505,0.09239130434782608,0.16140776699029127,0.2870685464268352,0.28519417475728154,"Pass the Courvoisier, Part II",Busta Rhymes & P. Diddy & Pharrell
263,/wiki/Lose_Yourself,2002,2000-2005,63,other,808,75.62218783302477,3.9665841584158414,0.032846715328467155,0.27970297029702973,0.36,0.3972772277227723,Lose Yourself,Eminem
264,/wiki/Butterflies_(Michael_Jackson_song),2002,2000-2005,64,other,466,11.23054587688734,3.4463519313304722,0.14285714285714285,0.12660944206008584,0.2416947520462205,0.21244635193133046,Butterflies,Michael Jackson
265,/wiki/What_About_Us%3F_(Brandy_Norwood_song),2002,2000-2005,65,other,729,15.69375,3.580246913580247,0.21897810218978103,0.08916323731138547,0.22987129601915593,0.19204389574759945,What About Us?,Brandy
266,/wiki/Underneath_Your_Clothes,2002,2000-2005,66,other,283,54.18806818181818,4.18374558303887,0.07142857142857142,0.2579505300353357,0.313179347826087,0.4028268551236749,Underneath Your Clothes,Shakira
267,/wiki/Rainy_Dayz,2002,2000-2005,67,other,682,24.95536220402844,3.961876832844575,0.125,0.13049853372434017,0.270325799823892,0.24926686217008798,Rainy Dayz,Mary J. Blige & Ja Rule
268,/wiki/Differences_(song),2002,2000-2005,68,other,621,22.407811477198344,3.579710144927536,0.14035087719298245,0.08856682769726248,0.2517580872011252,0.20128824476650564,Differences,Ginuwine
269,/wiki/If_I_Could_Go!,2002,2000-2005,69,other,748,59.93589743589744,3.6350267379679146,0.04712041884816754,0.20989304812834225,0.36267201834862384,0.33288770053475936,If I Could Go!,Angie Martinez & Lil' Mo & Sacario
270,/wiki/The_Whole_World,2002,2000-2005,70,other,817,28.827078839888024,3.7588739290085678,0.21333333333333335,0.2692778457772338,0.3490396927016645,0.3671970624235006,The Whole World,Outkast & Killer Mike
271,/wiki/Underneath_It_All,2002,2000-2005,71,other,346,24.84102564102564,4.335260115606936,0.18947368421052632,0.23699421965317918,0.3255939524838013,0.3699421965317919,Underneath It All,No Doubt & Lady Saw
272,/wiki/Caramel_(City_High_song),2002,2000-2005,72,other,509,69.14097223274204,4.037328094302554,0.05181347150259067,0.2455795677799607,0.3038314176245211,0.3654223968565815,Caramel,City High
273,/wiki/Luv_U_Better,2002,2000-2005,73,other,732,48.8,3.512295081967213,0.05855855855855856,0.16939890710382513,0.3298097251585624,0.3073770491803279,Luv U Better,LL Cool J
274,/wiki/Gimme_the_Light,2002,2000-2005,74,other,638,41.204166666666666,3.6300940438871474,0.1544502617801047,0.006269592476489028,0.18537243006403775,0.2006269592476489,Gimme the Light,Sean Paul
275,/wiki/Gone_(NSYNC_song),2002,2000-2005,75,other,524,18.156058167948032,3.7213740458015265,0.08928571428571429,0.09351145038167939,0.27893890675241156,0.24427480916030533,Gone,NSYNC
276,/wiki/Livin%27_It_Up_(Ja_Rule_song),2002,2000-2005,76,other,743,36.53467908902691,3.5275908479138627,0.05853658536585366,0.19380888290713325,0.32880755608028334,0.30686406460296095,Livin' It Up,Ja Rule & Case
277,/wiki/Rollout_(My_Business),2002,2000-2005,77,other,771,28.04563492063492,4.092088197146563,0.22712933753943218,0.1543450064850843,0.2506935687263556,0.26848249027237353,Rollout (My Business),Ludacris
278,/wiki/Here_Is_Gone,2002,2000-2005,78,other,311,34.76372155287818,3.5466237942122185,0.14583333333333334,0.1189710610932476,0.28450106157112526,0.2829581993569132,Here Is Gone,Goo Goo Dolls
279,/wiki/No_More_Drama_(song),2002,2000-2005,79,other,577,12.306102661272426,3.5216637781629117,0.15846994535519127,0.13518197573656845,0.2998472116119175,0.2512998266897747,No More Drama,Mary J. Blige
280,/wiki/Days_Go_By_(Dirty_Vegas_song),2002,2000-2005,80,other,182,15.856060606060606,3.802197802197802,0.22727272727272727,0,0.20618556701030927,0.2087912087912088,Days Go By,Dirty Vegas
281,/wiki/Baby_(Ashanti_song),2002,2000-2005,81,other,495,11.021771400296881,3.8505050505050504,0.5352112676056338,0.21616161616161617,0.3160299003322259,0.33535353535353535,Baby,Ashanti
282,/wiki/The_Good_Stuff,2002,2000-2005,82,other,364,104.31103860793908,3.8076923076923075,0.049019607843137254,0.3873626373626374,0.4652223489167617,0.5412087912087912,The Good Stuff,Kenny Chesney
283,/wiki/We_Thuggin%27,2002,2000-2005,83,other,661,84.8266065830721,3.7095310136157336,0.03691275167785235,0.2087745839636914,0.3682356708293308,0.38729198184568836,We Thuggin',Fat Joe & R. Kelly
284,/wiki/Good_Morning_Beautiful_(song),2002,2000-2005,84,other,175,30.725986597170515,4.2457142857142856,0.21666666666666667,0.17714285714285713,0.2846237731733915,0.3485714285714286,Good Morning Beautiful,Steve Holy
285,/wiki/Rock_the_Boat_(Aaliyah_song),2002,2000-2005,85,other,569,11.690146750524109,3.7539543057996485,0.1324200913242009,0.09314586994727592,0.2199261992619926,0.18629173989455183,Rock the Boat,Aaliyah
286,/wiki/Drive_(For_Daddy_Gene),2002,2000-2005,86,other,442,88.4,3.6923076923076925,0.04827586206896552,0.28054298642533937,0.41210374639769454,0.4343891402714932,Drive (For Daddy Gene),Alan Jackson
287,/wiki/Standing_Still_(Jewel_song),2002,2000-2005,87,other,290,24.46949743262298,3.731034482758621,0.11363636363636363,0.1413793103448276,0.2975929978118162,0.31724137931034485,Standing Still,Jewel
288,/wiki/Full_Moon_(Brandy_Norwood_song),2002,2000-2005,89,other,540,26.5527950310559,3.716666666666667,0.12162162162162163,0.15,0.24178403755868544,0.25555555555555554,Full Moon,Brandy
289,/wiki/Uh_Huh_(B2K_song),2002,2000-2005,90,other,463,64.52329808923801,3.570194384449244,0.0670391061452514,0.24190064794816415,0.40309713749413423,0.42332613390928725,Uh Huh,B2K
290,/wiki/A_New_Day_Has_Come_(song),2002,2000-2005,91,other,352,19.15294117647059,3.3636363636363638,0.12727272727272726,0.09090909090909091,0.26319218241042347,0.2585227272727273,A New Day Has Come,Celine Dion
291,/wiki/Turn_Off_the_Light,2002,2000-2005,92,other,523,17.580363138245012,3.7036328871892925,0.1732283464566929,0.09751434034416825,0.2477696674776967,0.24091778202676864,Turn Off the Light,Nelly Furtado
292,/wiki/Living_and_Living_Well,2002,2000-2005,93,other,142,54.35098397590639,3.908450704225352,0.09302325581395349,0.4154929577464789,0.4942528735632184,0.5985915492957746,Living and Living Well,George Strait
293,/wiki/My_List,2002,2000-2005,94,other,319,94.01226993865032,3.670846394984326,0.057692307692307696,0.2225705329153605,0.38353413654618473,0.438871473354232,My List,Toby Keith
294,/wiki/Hands_Clean,2002,2000-2005,95,other,439,61.35941946597761,4.088838268792711,0.11818181818181818,0.17995444191343962,0.3115487914055506,0.3348519362186788,Hands Clean,Alanis Morissette
295,/wiki/Sk8er_Boi,2002,2000-2005,96,other,407,31.96491485613623,3.727272727272727,0.2857142857142857,0.18673218673218672,0.3379989631933644,0.36855036855036855,Sk8er Boi,Avril Lavigne
296,/wiki/Long_Time_Gone,2002,2000-2005,97,other,360,28.572231274933976,3.7694444444444444,0.175,0.3138888888888889,0.3842135809634359,0.4444444444444444,Long Time Gone,Dixie Chicks
297,/wiki/Where_Were_You_(When_the_World_Stopped_Turning),2002,2000-2005,98,other,533,61.3492963663096,3.8180112570356473,0.06097560975609756,0.19699812382739212,0.33229450720685627,0.350844277673546,Where Were You (When the World Stopped Turning),Alan Jackson
298,/wiki/Like_I_Love_You,2002,2000-2005,99,other,596,53.087435135367585,3.7432885906040267,0.06878306878306878,0.17114093959731544,0.3534178999295278,0.3523489932885906,Like I Love You,Justin Timberlake
299,/wiki/I_Do!!,2002,2000-2005,100,other,640,46.03743679042596,3.3234375,0.060240963855421686,0.1328125,0.24811760487629975,0.240625,I Do!!,Toya
300,/wiki/In_da_Club,2003,2000-2005,1,top20,687,50.95879120879121,3.5254730713246,0.04081632653061224,0.1848617176128093,0.32794164287979705,0.3173216885007278,In da Club,50 Cent
301,/wiki/Ignition_(Remix),2003,2000-2005,2,top20,482,32.76433930485378,3.7261410788381744,0.11976047904191617,0.16804979253112035,0.3139635732870772,0.3132780082987552,Ignition,R. Kelly
302,/wiki/Get_Busy,2003,2000-2005,3,top20,715,38.05322128851541,3.4461538461538463,0.05963302752293578,0.05174825174825175,0.20404984423676012,0.18461538461538463,Get Busy,Sean Paul
303,/wiki/Crazy_in_Love,2003,2000-2005,4,top20,845,16.156332934528688,3.5337278106508876,0.15416666666666667,0.15857988165680473,0.28083441981747065,0.25088757396449707,Crazy in Love,Beyoncé & Jay-Z
304,/wiki/When_I%27m_Gone_(3_Doors_Down_song),2003,2000-2005,5,top20,392,22.59392789373814,3.6607142857142856,0.21818181818181817,0.07908163265306123,0.21522453450164294,0.22448979591836735,When I'm Gone,3 Doors Down
305,/wiki/Unwell,2003,2000-2005,6,top20,321,51.96827759963353,3.781931464174455,0.09090909090909091,0.17445482866043613,0.30213040671400904,0.3333333333333333,Unwell,Matchbox Twenty
306,/wiki/Right_Thurr,2003,2000-2005,7,top20,832,27.764254062038404,3.7247596153846154,0.10247349823321555,0.16105769230769232,0.2638888888888889,0.2548076923076923,Right Thurr,Chingy
307,/wiki/Miss_You_(Aaliyah_song),2003,2000-2005,8,top20,514,22.996283590623214,3.7509727626459144,0.07766990291262135,0.09922178988326848,0.2193126022913257,0.21206225680933852,Miss You,Aaliyah
308,/wiki/Picture_(song),2003,2000-2005,9,top20,333,58.13508403361344,3.7627627627627627,0.06593406593406594,0.2222222222222222,0.3756281407035176,0.4174174174174174,Picture,Kid Rock & Sheryl Crow
309,/wiki/Bring_Me_to_Life,2003,2000-2005,10,top20,346,20.628102836879435,3.7427745664739884,0.1592920353982301,0.17341040462427745,0.28884826325411334,0.3092485549132948,Bring Me to Life,Evanescence & Paul McCoy
310,/wiki/Get_Low_(Lil_Jon_%26_the_East_Side_Boyz_song),2003,2000-2005,11,top20,939,12.776101443909663,3.9552715654952078,0.10722610722610723,0.10969116080937168,0.22207903780068727,0.21299254526091588,Get Low,Lil Jon & The East Side Boyz & Ying Yang Twins
311,/wiki/Baby_Boy_(Beyonc%C3%A9_Knowles_song),2003,2000-2005,12,top20,867,32.78949730312837,3.419838523644752,0.08490566037735849,0.10265282583621683,0.2563835330901511,0.22722029988465975,Baby Boy,Beyoncé & Sean Paul
312,/wiki/Shake_Ya_Tailfeather,2003,2000-2005,13,top20,949,41.207453764281,3.7017913593256058,0.039735099337748346,0.1780821917808219,0.31620111731843575,0.2950474183350896,Shake Ya Tailfeather,Nelly & P. Diddy & Murphy Lee
313,/wiki/21_Questions,2003,2000-2005,14,top20,631,39.54633484752837,3.4960380348652933,0.18120805369127516,0.1949286846275753,0.3442334739803094,0.3058637083993661,21 Questions,50 Cent & Nate Dogg
314,/wiki/All_I_Have_(song),2003,2000-2005,15,top20,825,41.35338345864662,3.6945454545454544,0.11587982832618025,0.11515151515151516,0.29152716971413856,0.24363636363636362,All I Have,Jennifer Lopez & LL Cool J
315,/wiki/Beautiful_(Christina_Aguilera_song),2003,2000-2005,16,top20,254,23.588557993730408,3.893700787401575,0.1506849315068493,0.1732283464566929,0.3411102172164119,0.3464566929133858,Beautiful,Christina Aguilera
316,/wiki/I_Know_What_You_Want,2003,2000-2005,17,top20,1045,24.897197187427672,3.5454545454545454,0.0707395498392283,0.18181818181818182,0.34352744030163385,0.29282296650717704,I Know What You Want,Busta Rhymes & Mariah Carey & Flipmode Squad
317,/wiki/I%27m_with_You_(Avril_Lavigne_song),2003,2000-2005,18,top20,267,27.48232514177694,3.741573033707865,0.21052631578947367,0.149812734082397,0.268503937007874,0.31086142322097376,I'm with You,Avril Lavigne
318,/wiki/Drift_Away,2003,2000-2005,19,top20,370,29.277683011918185,3.610810810810811,0.11811023622047244,0.14324324324324325,0.25977816695855227,0.25405405405405407,Drift Away,Uncle Kracker & Dobie Gray
319,/wiki/Magic_Stick,2003,2000-2005,20,top20,1321,32.81703400503778,3.72445117335352,0.08928571428571429,0.16048448145344435,0.33005551149881046,0.2687358062074186,Magic Stick,Lil' Kim & 50 Cent
320,/wiki/P.I.M.P.,2003,2000-2005,21,other,852,43.23777738327712,3.5140845070422535,0.07725321888412018,0.1619718309859155,0.3214562354763749,0.27582159624413144,P.I.M.P.,50 Cent
321,"/wiki/Bump,_Bump,_Bump",2003,2000-2005,22,other,711,33.08766233766234,3.5372714486638537,0.14537444933920704,0.15049226441631505,0.3412821306906163,0.279887482419128,"Bump, Bump, Bump",B2K & P. Diddy
322,/wiki/Into_You_(Fabolous_song),2003,2000-2005,23,other,636,59.58159126365055,3.8663522012578615,0.06395348837209303,0.27672955974842767,0.376040999359385,0.39308176100628933,Into You,Fabolous & Tamia
323,/wiki/Can%27t_Let_You_Go,2003,2000-2005,24,other,738,32.412743787265654,3.529810298102981,0.08597285067873303,0.22357723577235772,0.3234946871310508,0.3265582655826558,Can't Let You Go,Fabolous & Lil' Mo
324,/wiki/Mesmerize_(Ja_Rule_song),2003,2000-2005,25,other,726,43.5126920240875,3.633608815426997,0.12177121771217712,0.1928374655647383,0.32624741659285506,0.31267217630853994,Mesmerize,Ja Rule & Ashanti
325,/wiki/Where_Is_the_Love%3F,2003,2000-2005,26,other,658,28.306499071467744,4.332826747720365,0.155893536121673,0.24012158054711247,0.3354072398190045,0.3799392097264438,Where Is the Love?,Black Eyed Peas
326,/wiki/The_Game_of_Love_(Santana_song),2003,2000-2005,27,other,364,26.145177664974618,3.5137362637362637,0.2376237623762376,0.08516483516483517,0.25167173252279634,0.24725274725274726,The Game of Love,Santana & Michelle Branch
327,/wiki/Lose_Yourself,2003,2000-2005,28,other,808,75.62218783302477,3.9665841584158414,0.032846715328467155,0.27970297029702973,0.36,0.3972772277227723,Lose Yourself,Eminem
328,/wiki/Rock_wit_U_(Awww_Baby),2003,2000-2005,29,other,513,19.515154639175258,3.576998050682261,0.2205128205128205,0.08966861598440545,0.20570698466780238,0.1695906432748538,Rock wit U (Awww Baby),Ashanti
329,/wiki/Cry_Me_a_River_(Justin_Timberlake_song),2003,2000-2005,30,other,622,14.02178318135765,3.2958199356913185,0.28125,0.05305466237942122,0.2248785954426597,0.1864951768488746,Cry Me a River,Justin Timberlake
330,/wiki/How_You_Gonna_Act_Like_That,2003,2000-2005,31,other,693,26.235,3.6305916305916304,0.14634146341463414,0.1240981240981241,0.28999382334774554,0.24242424242424243,How You Gonna Act Like That,Tyrese
331,/wiki/Rock_Your_Body,2003,2000-2005,32,other,618,42.13967234179248,3.5226537216828477,0.09375,0.06634304207119741,0.24920014219694275,0.22330097087378642,Rock Your Body,Justin Timberlake
332,/wiki/No_Letting_Go_(song),2003,2000-2005,33,other,251,34.316889486960974,3.800796812749004,0.18,0.10358565737051793,0.26411960132890366,0.30278884462151395,No Letting Go,Wayne Wonder
333,/wiki/Frontin%27,2003,2000-2005,34,other,512,32.468759342301944,3.595703125,0.05194805194805195,0.150390625,0.33234921973850695,0.330078125,Frontin',Pharrell & Jay-Z
334,/wiki/Landslide_(Fleetwood_Mac_song),2003,2000-2005,35,other,186,23.61904761904762,4.016129032258065,0.05555555555555555,0.13440860215053763,0.3372591006423983,0.3763440860215054,Landslide,Dixie Chicks
335,/wiki/Work_It_(Missy_Elliott_song),2003,2000-2005,36,other,825,36.25980527415349,3.4193939393939394,0.0825,0.19151515151515153,0.33836029613380864,0.32242424242424245,Work It,Missy Elliott
336,/wiki/%2703_Bonnie_%26_Clyde,2003,2000-2005,37,other,640,38.41627001298139,3.69375,0.08762886597938144,0.2171875,0.3403693931398417,0.3375,'03 Bonnie & Clyde,Jay-Z & Beyoncé
337,/wiki/Don%27t_Mess_with_My_Man_(Nivea_song),2003,2000-2005,38,other,671,26.916944168434622,3.4172876304023845,0.11891891891891893,0.07898658718330849,0.23511604439959638,0.18330849478390462,Don't Mess with My Man,Nivea & Jagged Edge
338,/wiki/So_Gone,2003,2000-2005,39,other,437,20.673500249015255,3.4233409610983982,0.13636363636363635,0.13958810068649885,0.29876160990712075,0.2837528604118993,So Gone,Monica
339,/wiki/Air_Force_Ones_(song),2003,2000-2005,40,other,834,77.32482517482518,3.675059952038369,0.04807692307692308,0.2637889688249401,0.4107778342653787,0.4028776978417266,Air Force Ones,Nelly & Murphy Lee & Ali & Kyjuan
340,"/wiki/Never_Leave_You_(Uh_Oooh,_Uh_Oooh)",2003,2000-2005,41,other,281,20.077120978850985,3.377224199288256,0.3116883116883117,0.10676156583629894,0.2896440129449838,0.28825622775800713,"Never Leave You (Uh Oooh, Uh Oooh)",Lumidee
341,/wiki/Beautiful_(Snoop_Dogg_song),2003,2000-2005,42,other,737,22.725332068311197,3.8995929443690636,0.23113207547169812,0.1519674355495251,0.26391184573002757,0.2537313432835821,Beautiful,Snoop Dogg & Pharrell & Charlie Wilson
342,/wiki/Gossip_Folks,2003,2000-2005,43,other,714,104.17021276595744,4.1456582633053225,0.03188405797101449,0.35294117647058826,0.4246686502569651,0.5042016806722689,Gossip Folks,Missy Elliott & Ludacris
343,/wiki/Miss_Independent_(Kelly_Clarkson_song),2003,2000-2005,44,other,316,59.433211494832364,4.268987341772152,0.15748031496062992,0.22784810126582278,0.3588516746411483,0.40822784810126583,Miss Independent,Kelly Clarkson
344,/wiki/Calling_All_Angels,2003,2000-2005,45,other,338,24.142857142857142,3.636094674556213,0.16923076923076924,0.17455621301775148,0.2944550669216061,0.3047337278106509,Calling All Angels,Train
345,/wiki/Damn!_(song),2003,2000-2005,46,other,846,28.004893035105468,3.607565011820331,0.12142857142857143,0.21749408983451538,0.3150333504361211,0.3191489361702128,Damn!,YoungBloodZ & Lil Jon
346,/wiki/This_Is_the_Night_(Clay_Aiken_song),2003,2000-2005,47,other,210,68.36073689308174,3.6523809523809523,0.07547169811320754,0.19047619047619047,0.3510747185261003,0.4238095238095238,This Is the Night,Clay Aiken
347,/wiki/Your_Body_Is_a_Wonderland,2003,2000-2005,48,other,253,39.78167420814479,3.849802371541502,0.13333333333333333,0.233201581027668,0.34092758340113916,0.4031620553359684,Your Body Is a Wonderland,John Mayer
348,/wiki/Headstrong_(Trapt_song),2003,2000-2005,49,other,359,25.715006856764553,4.116991643454039,0.16666666666666666,0.08913649025069638,0.21840958605664487,0.23676880222841226,Headstrong,Trapt
349,/wiki/In_Those_Jeans,2003,2000-2005,50,other,595,28.843697596422583,3.8336134453781514,0.20588235294117646,0.11428571428571428,0.22322670375521558,0.21008403361344538,In Those Jeans,Ginuwine
350,/wiki/Stand_Up_(Ludacris_song),2003,2000-2005,51,other,642,25.68,3.79595015576324,0.21585903083700442,0.22118380062305296,0.3041220382992535,0.3302180685358255,Stand Up,Ludacris & Shawnna
351,/wiki/The_Remedy_(I_Won%27t_Worry),2003,2000-2005,52,other,501,23.64793540068765,3.748502994011976,0.07092198581560284,0.16966067864271456,0.2837951301427372,0.31137724550898205,The Remedy (I Won't Worry),Jason Mraz
352,/wiki/Why_Don%27t_You_%26_I,2003,2000-2005,53,other,447,52.962894412127625,3.796420581655481,0.08163265306122448,0.087248322147651,0.2241860465116279,0.2550335570469799,Why Don't You & I,Santana & Alex Band
353,/wiki/Excuse_Me_Miss,2003,2000-2005,54,other,783,60.23076923076923,3.7624521072796937,0.0421455938697318,0.20178799489144317,0.3490540900612843,0.34355044699872284,Excuse Me Miss,Jay-Z
354,/wiki/Jenny_from_the_Block,2003,2000-2005,55,other,638,28.26334878517823,3.628526645768025,0.1676300578034682,0.10501567398119123,0.1856368563685637,0.1833855799373041,Jenny from the Block,Jennifer Lopez & Jadakiss & Styles P
355,/wiki/Are_You_Happy_Now%3F,2003,2000-2005,56,other,258,22.47979704797048,3.627906976744186,0.2711864406779661,0.17054263565891473,0.3196652719665272,0.32558139534883723,Are You Happy Now?,Michelle Branch
356,/wiki/Forever_and_for_Always,2003,2000-2005,57,other,389,27.785714285714285,3.7017994858611827,0.09411764705882353,0.07969151670951156,0.23375204806116875,0.23136246786632392,Forever and for Always,Shania Twain
357,/wiki/I_Can_(Nas_song),2003,2000-2005,58,other,857,19.280333670374116,3.5519253208868147,0.14344262295081966,0.22637106184364061,0.33094262295081966,0.32438739789964993,I Can,Nas
358,/wiki/Underneath_It_All,2003,2000-2005,59,other,346,24.84102564102564,4.335260115606936,0.18947368421052632,0.23699421965317918,0.3255939524838013,0.3699421965317919,Underneath It All,No Doubt & Lady Saw
359,/wiki/If_You%27re_Not_the_One,2003,2000-2005,60,other,378,54,3.433862433862434,0.08571428571428572,0.14285714285714285,0.3075089392133492,0.30158730158730157,If You're Not the One,Daniel Bedingfield
360,/wiki/Thoia_Thoing,2003,2000-2005,61,other,561,8.740217391304348,4.251336898395722,0.44375,0.21212121212121213,0.2497458488647916,0.29590017825311943,Thoia Thoing,R. Kelly
361,/wiki/Here_Without_You,2003,2000-2005,62,other,280,37.847187882957456,3.775,0.16666666666666666,0.15714285714285714,0.3061377245508982,0.3357142857142857,Here Without You,3 Doors Down
362,/wiki/Wanksta,2003,2000-2005,63,other,687,44.30197599683841,3.6477438136826783,0.0811965811965812,0.22125181950509462,0.3190637511549122,0.3289665211062591,Wanksta,50 Cent
363,/wiki/My_Love_Is_Like...Wo,2003,2000-2005,64,other,515,17.31205888283928,3.324271844660194,0.3105590062111801,0.1145631067961165,0.2700762673844773,0.22718446601941747,My Love Is Like...Wo,Mýa
364,/wiki/It%27s_Five_O%27Clock_Somewhere,2003,2000-2005,65,other,370,66.57585644371942,3.9675675675675675,0.04918032786885246,0.27837837837837837,0.3861920172599784,0.4540540540540541,It's Five O'Clock Somewhere,Alan Jackson & Jimmy Buffett
365,/wiki/Like_Glue,2003,2000-2005,66,other,860,43.52651328132715,3.4488372093023254,0.12155963302752294,0.09767441860465116,0.2564705882352941,0.23488372093023255,Like Glue,Sean Paul
366,/wiki/Can%27t_Hold_Us_Down,2003,2000-2005,67,other,779,53.30277487650899,3.8061617458279846,0.05138339920948617,0.14762516046213095,0.3104453870625663,0.29781771501925547,Can't Hold Us Down,Christina Aguilera & Lil' Kim
367,/wiki/My_Front_Porch_Looking_In,2003,2000-2005,68,other,367,63.859225255302434,3.975476839237057,0.07042253521126761,0.17438692098092642,0.2983606557377049,0.3405994550408719,My Front Porch Looking In,Lonestar
368,/wiki/Angel_(Amanda_Perez_song),2003,2000-2005,69,other,375,23.985497495946912,3.44,0.175,0.16266666666666665,0.31235011990407674,0.288,Angel,Amanda Perez
369,/wiki/She_Hates_Me,2003,2000-2005,70,other,277,15.983493168504246,3.4187725631768955,0.36,0.17328519855595667,0.29762878168438267,0.34657039711191334,She Hates Me,Puddle of Mudd
370,/wiki/Don%27t_Wanna_Try,2003,2000-2005,71,other,433,31.087179487179487,3.8706697459584296,0.31,0.11778290993071594,0.277148253068933,0.30484988452655887,Don't Wanna Try,Frankie J
371,/wiki/The_Jump_Off,2003,2000-2005,72,other,703,70.07008493363394,3.863442389758179,0.03741496598639456,0.2574679943100996,0.3875946418171229,0.4096728307254623,The Jump Off,Lil' Kim & Mr. Cheeks
372,/wiki/Intuition_(Jewel_song),2003,2000-2005,73,other,361,25.785714285714285,3.92797783933518,0.09333333333333334,0.16897506925207756,0.25140291806958476,0.3047091412742382,Intuition,Jewel
373,/wiki/Hell_Yeah_(Ginuwine_song),2003,2000-2005,74,other,1029,46.97794687700138,3.695821185617104,0.06345177664974619,0.14285714285714285,0.27224272242722425,0.2594752186588921,Hell Yeah,Ginuwine & Baby
374,/wiki/Beer_for_My_Horses,2003,2000-2005,75,other,335,52.91171749598716,3.716417910447761,0.0873015873015873,0.191044776119403,0.3147561747941735,0.382089552238806,Beer for My Horses,Toby Keith & Willie Nelson
375,/wiki/Holidae_In,2003,2000-2005,76,other,972,90.42041688936398,3.983539094650206,0.0316622691292876,0.22016460905349794,0.31606004523956405,0.3405349794238683,Holidae In,Chingy & Ludacris & Snoop Dogg
376,/wiki/Suga_Suga,2003,2000-2005,77,other,571,23.804554893463347,3.831873905429072,0.16517857142857142,0.1295971978984238,0.239568345323741,0.25569176882662,Suga Suga,Baby Bash & Frankie J
377,/wiki/Love_of_My_Life_(An_Ode_to_Hip-Hop),2003,2000-2005,78,other,479,34.72845723421263,3.488517745302714,0.14965986394557823,0.1440501043841336,0.33240482822655526,0.31524008350730687,Love of My Life (An Ode to Hip-Hop),Erykah Badu & Common
378,/wiki/Fighter_(Christina_Aguilera_song),2003,2000-2005,79,other,574,34.87930999712806,3.862369337979094,0.09696969696969697,0.14285714285714285,0.3051693404634581,0.29094076655052264,Fighter,Christina Aguilera
379,/wiki/Thugz_Mansion,2003,2000-2005,80,other,569,38.48637365719392,3.1511423550087874,0.055944055944055944,0.2126537785588752,0.34011012282930964,0.3532513181019332,Thugz Mansion,2Pac
380,/wiki/Clocks_(song),2003,2000-2005,81,other,167,17.991691895901837,3.7664670658682633,0.17647058823529413,0.2754491017964072,0.4049689440993789,0.437125748502994,Clocks,Coldplay
381,/wiki/Rain_on_Me_(Ashanti_song),2003,2000-2005,83,other,429,19.676278624880435,3.7365967365967365,0.16101694915254236,0.10955710955710955,0.2339066339066339,0.24708624708624707,Rain on Me,Ashanti
382,/wiki/19_Somethin%27,2003,2000-2005,84,other,294,75.47333814566221,3.942176870748299,0.0380952380952381,0.2789115646258503,0.3868312757201646,0.4557823129251701,19 Somethin',Mark Wills
383,"/wiki/Can%27t_Stop,_Won%27t_Stop_(Young_Gunz_song)",2003,2000-2005,85,other,635,47.53551578698412,3.84251968503937,0.048,0.22677165354330708,0.3737471710313611,0.4,"Can't Stop, Won't Stop",Young Gunz
384,/wiki/Red_Dirt_Road_(song),2003,2000-2005,86,other,334,78.18829516539441,4.065868263473054,0.08130081300813008,0.19461077844311378,0.30200945626477543,0.36227544910179643,Red Dirt Road,Brooks & Dunn
385,/wiki/What_Was_I_Thinkin%27,2003,2000-2005,87,other,411,54.80388877918744,3.7931873479318736,0.14925373134328357,0.22627737226277372,0.324530218384967,0.3771289537712895,What Was I Thinkin',Dierks Bentley
386,/wiki/Flying_Without_Wings#Ruben_Studdard_version,2003,2000-2005,88,other,238,45.60769230769231,4.189075630252101,0.10344827586206896,0.31932773109243695,0.4166666666666667,0.5,Flying Without Wings,Ruben Studdard
387,/wiki/Sing_for_the_Moment,2003,2000-2005,89,other,854,67.06327087547827,4.014051522248243,0.10676156583629894,0.27985948477751754,0.40672853828306266,0.41217798594847777,Sing for the Moment,Eminem
388,/wiki/Have_You_Forgotten%3F_(song),2003,2000-2005,90,other,281,86.85949612403101,4.213523131672598,0.12790697674418605,0.298932384341637,0.40639891082368956,0.498220640569395,Have You Forgotten?,Darryl Worley
389,"/wiki/No_Shoes,_No_Shirt,_No_Problems_(song)",2003,2000-2005,91,other,180,30.129455909943715,3.6444444444444444,0.09230769230769231,0.3055555555555556,0.39213349225268174,0.46111111111111114,"No Shoes, No Shirt, No Problems",Kenny Chesney
390,/wiki/Come_Over_(Aaliyah_song),2003,2000-2005,92,other,424,11.224171789188947,3.3773584905660377,0.12987012987012986,0.12971698113207547,0.25080558539205156,0.2240566037735849,Come Over,Aaliyah
391,/wiki/Sick_of_Being_Lonely,2003,2000-2005,93,other,484,83.3077814726841,3.8367768595041323,0.0481283422459893,0.30991735537190085,0.43427131457370854,0.4731404958677686,Sick of Being Lonely,Field Mob
392,/wiki/Step_in_the_Name_of_Love,2003,2000-2005,94,other,423,55.351412155614014,3.91725768321513,0.0948905109489051,0.1607565011820331,0.31957773512476007,0.3640661938534279,Step in the Name of Love,R. Kelly
393,/wiki/I_Want_You_(Thal%C3%ADa_song),2003,2000-2005,95,other,446,38.85606060606061,3.5829596412556053,0.14728682170542637,0.1905829596412556,0.3273520853540252,0.336322869955157,I Want You,Thalía & Fat Joe
394,/wiki/Like_a_Stone,2003,2000-2005,96,other,210,37.38043163192706,3.5904761904761906,0.12,0.23333333333333334,0.37487019730010385,0.3952380952380952,Like a Stone,Audioslave
395,/wiki/Don%27t_Know_Why,2003,2000-2005,97,other,150,25.880829015544045,3.533333333333333,0.05405405405405406,0.2866666666666667,0.38676470588235295,0.44666666666666666,Don't Know Why,Norah Jones
396,/wiki/Superman_(Eminem_song),2003,2000-2005,98,other,1095,20.61853193999663,4.010045662100457,0.19047619047619047,0.13059360730593608,0.2440887595489269,0.24383561643835616,Superman,Eminem
397,/wiki/Real_Good_Man,2003,2000-2005,99,other,207,59.15527824072192,3.314009661835749,0.1694915254237288,0.3526570048309179,0.44966442953020136,0.5120772946859904,Real Good Man,Tim McGraw
398,/wiki/Say_Yes_(Floetry_song),2003,2000-2005,100,other,389,9.395455250832345,3.2185089974293057,0.1326530612244898,0.08997429305912596,0.24085365853658536,0.2159383033419023,Say Yes,Floetry
399,/wiki/Yeah!_(Usher_song),2004,2000-2005,1,top20,672,23.111811023622046,3.5773809523809526,0.32270916334661354,0.16220238095238096,0.3388296152602651,0.29910714285714285,Yeah!,Usher & Lil Jon & Ludacris
400,/wiki/Burn_(Usher_song),2004,2000-2005,2,top20,645,26.756232294617565,3.6325581395348836,0.19760479041916168,0.11472868217054263,0.28102189781021897,0.26046511627906976,Burn,Usher
401,/wiki/If_I_Ain%27t_Got_You,2004,2000-2005,3,top20,271,23.80741465802031,3.922509225092251,0.16666666666666666,0.2140221402214022,0.29776119402985074,0.34317343173431736,If I Ain't Got You,Alicia Keys
402,/wiki/This_Love_(Maroon_5_song),2004,2000-2005,4,top20,340,63.69200779727095,3.8794117647058823,0.11538461538461539,0.1676470588235294,0.2820204449789537,0.31470588235294117,This Love,Maroon 5
403,/wiki/The_Way_You_Move,2004,2000-2005,5,top20,570,18.782779766908916,3.508771929824561,0.1457286432160804,0.23684210526315788,0.33929265448892343,0.34912280701754383,The Way You Move,OutKast & Sleepy Brown
404,/wiki/The_Reason_(Hoobastank_song),2004,2000-2005,6,top20,231,33,3.3722943722943723,0.375,0.13852813852813853,0.3211100099108028,0.3116883116883117,The Reason,Hoobastank
405,/wiki/I_Don%27t_Wanna_Know_(Mario_Winans_song),2004,2000-2005,7,top20,517,33.780566833536994,3.8027079303675047,0.11304347826086956,0.17988394584139264,0.31620868180007966,0.3191489361702128,I Don't Wanna Know,Mario Winans & Enya & P. Diddy
406,/wiki/Hey_Ya!,2004,2000-2005,8,top20,493,11.219876766151655,3.4888438133874238,0.15300546448087432,0.1359026369168357,0.3243121335137573,0.29006085192697767,Hey Ya!,OutKast
407,/wiki/Goodies_(song),2004,2000-2005,9,top20,640,28.57142857142857,3.58125,0.06770833333333333,0.175,0.33007746716066017,0.321875,Goodies,Ciara & Petey Pablo
408,/wiki/Lean_Back,2004,2000-2005,10,top20,643,59.35267248027526,3.8895800933125972,0.09266409266409266,0.3312597200622084,0.39214444092492873,0.4447900466562986,Lean Back,Terror Squad & Fat Joe & Remy Ma
409,/wiki/Tipsy_(song),2004,2000-2005,11,top20,648,21.251612903225805,4.0092592592592595,0.12396694214876033,0.19907407407407407,0.29627385640714937,0.3132716049382716,Tipsy,J-Kwon
410,/wiki/Confessions_Part_II,2004,2000-2005,12,top20,657,44.92911721068249,3.6057838660578385,0.1322314049586777,0.1019786910197869,0.2626728110599078,0.2343987823439878,Confessions Part II,Usher
411,/wiki/Slow_Motion_(Juvenile_song),2004,2000-2005,13,top20,825,26.612903225806452,3.7248484848484846,0.18050541516245489,0.1806060606060606,0.28897435897435897,0.27636363636363637,Slow Motion,Juvenile & Soulja Slim
412,/wiki/Freek-a-Leek,2004,2000-2005,14,top20,820,29.726699834162517,3.7573170731707317,0.08247422680412371,0.1597560975609756,0.3025811397904421,0.2914634146341463,Freek-a-Leek,Petey Pablo
413,/wiki/Here_Without_You,2004,2000-2005,15,top20,280,37.847187882957456,3.775,0.16666666666666666,0.15714285714285714,0.3061377245508982,0.3357142857142857,Here Without You,3 Doors Down
414,/wiki/Slow_Jamz,2004,2000-2005,16,top20,1103,19.755073061243188,3.8340888485947415,0.12215909090909091,0.13508612873980055,0.29148817284410505,0.2556663644605621,Slow Jamz,Twista & Kanye West & Jamie Foxx
415,/wiki/Someday_(Nickelback_song),2004,2000-2005,17,top20,335,62.292159763313606,4.2,0.15,0.08656716417910448,0.22400919012062034,0.2835820895522388,Someday,Nickelback
416,/wiki/Naughty_Girl_(Beyonc%C3%A9_Knowles_song),2004,2000-2005,18,top20,460,22.176177066350476,3.489130434782609,0.16,0.036956521739130437,0.20949185043144775,0.19782608695652174,Naughty Girl,Beyoncé
417,/wiki/My_Immortal_(song),2004,2000-2005,19,top20,252,46.717118387909316,3.9126984126984126,0.06557377049180328,0.14682539682539683,0.327140549273021,0.3611111111111111,My Immortal,Evanescence
418,/wiki/Sunshine_(Lil%27_Flip_song),2004,2000-2005,20,top20,623,27.32456140350877,3.548956661316212,0.0881057268722467,0.17495987158908508,0.3118165784832452,0.28731942215088285,Sunshine,Lil' Flip
419,/wiki/Dirt_Off_Your_Shoulder,2004,2000-2005,21,other,720,25.93225318549308,3.9347222222222222,0.057432432432432436,0.19583333333333333,0.2998601398601399,0.30694444444444446,Dirt Off Your Shoulder,Jay-Z
420,/wiki/Move_Ya_Body,2004,2000-2005,22,other,519,19.530658787038107,3.8901734104046244,0.10460251046025104,0.1676300578034682,0.25374310480693457,0.2813102119460501,Move Ya Body,Nina Sky
421,/wiki/Dip_It_Low,2004,2000-2005,23,other,700,35.5269084874348,3.3685714285714288,0.13270142180094788,0.11857142857142858,0.2748614281056407,0.24571428571428572,Dip It Low,Christina Milian
422,/wiki/My_Boo_(Usher_and_Alicia_Keys_song),2004,2000-2005,24,other,609,30.022595001711743,3.6141215106732347,0.1935483870967742,0.059113300492610835,0.2410365637202698,0.20853858784893267,My Boo,Usher & Alicia Keys
423,/wiki/One_Call_Away_(Chingy_song),2004,2000-2005,25,other,1016,37.03782676465286,3.4311023622047245,0.14336917562724014,0.1437007874015748,0.2575992899933437,0.2263779527559055,One Call Away,Chingy & J-Weav
424,"/wiki/Me,_Myself_and_I_(Beyonc%C3%A9_Knowles_song)",2004,2000-2005,26,other,704,39.55225470373233,3.5369318181818183,0.041916167664670656,0.11079545454545454,0.266541822721598,0.24857954545454544,"Me, Myself and I",Beyoncé
425,/wiki/Turn_Me_On_(Kevin_Lyttle_song),2004,2000-2005,27,other,512,15.663922897788845,3.564453125,0.13930348258706468,0.041015625,0.2357966680905596,0.2265625,Turn Me On,Kevin Lyttle & Spragga Benz
426,/wiki/The_First_Cut_Is_the_Deepest#Sheryl_Crow_version,2004,2000-2005,28,other,255,29.317566629650194,3.552941176470588,0.16363636363636364,0.047058823529411764,0.23625429553264604,0.22745098039215686,The First Cut Is the Deepest,Sheryl Crow
427,/wiki/You_Don%27t_Know_My_Name,2004,2000-2005,29,other,693,19.83264458828863,3.6796536796536796,0.2603305785123967,0.18903318903318903,0.3296870252202978,0.3088023088023088,You Don't Know My Name,Alicia Keys
428,/wiki/My_Place_(Nelly_song),2004,2000-2005,30,other,784,28.319666722998257,3.6747448979591835,0.09375,0.10331632653061225,0.2589771490750816,0.24872448979591838,My Place,Nelly & Jaheim
429,/wiki/Overnight_Celebrity,2004,2000-2005,31,other,864,47.57400883021897,3.810185185185185,0.050387596899224806,0.1875,0.33141486810551557,0.30092592592592593,Overnight Celebrity,Twista
430,/wiki/Hotel_(Cassidy_song),2004,2000-2005,32,other,879,18.216199516196887,3.659840728100114,0.0903954802259887,0.09328782707622298,0.241596130592503,0.2229806598407281,Hotel,Cassidy & R. Kelly
431,/wiki/Numb_(Linkin_Park_song),2004,2000-2005,33,other,293,37.51238986784141,3.8600682593856654,0.13793103448275862,0.13651877133105803,0.28651685393258425,0.28668941979522183,Numb,Linkin Park
432,/wiki/Diary_(Alicia_Keys_song),2004,2000-2005,34,other,248,19.45417396380619,3.754032258064516,0.19696969696969696,0.1774193548387097,0.3293718166383701,0.3548387096774194,Diary,Alicia Keys & Tony! Toni! Toné!
433,/wiki/She_Will_Be_Loved,2004,2000-2005,35,other,353,43.25399369149369,3.821529745042493,0.09523809523809523,0.1671388101983003,0.30393885949441507,0.33994334277620397,She Will Be Loved,Maroon 5
434,/wiki/White_Flag_(Dido_song),2004,2000-2005,36,other,287,53.9649894881186,3.6097560975609757,0.10526315789473684,0.18815331010452963,0.2957639939485628,0.32752613240418116,White Flag,Dido
435,/wiki/Heaven_(Los_Lonely_Boys_song),2004,2000-2005,37,other,203,32.033687943262414,3.5960591133004924,0.2,0.22167487684729065,0.33156216790648246,0.3645320197044335,Heaven,Los Lonely Boys
436,/wiki/It%27s_My_Life_(Talk_Talk_song)#No_Doubt_version,2004,2000-2005,38,other,163,20.975701102588687,3.8404907975460123,0.21621621621621623,0.13496932515337423,0.3032994923857868,0.3067484662576687,It's My Life,No Doubt
437,/wiki/Pieces_of_Me_(song),2004,2000-2005,39,other,313,37.5625,3.610223642172524,0.1951219512195122,0.1757188498402556,0.324792243767313,0.33865814696485624,Pieces of Me,Ashlee Simpson
438,/wiki/Leave_(Get_Out),2004,2000-2005,40,other,535,41.69691663819611,3.4691588785046727,0.09259259259259259,0.16074766355140188,0.29608006672226855,0.2822429906542056,Leave (Get Out),JoJo
439,/wiki/Milkshake_(song),2004,2000-2005,41,other,450,16.729735609206816,3.72,0.37037037037037035,0.10666666666666667,0.1879415920866698,0.20222222222222222,Milkshake,Kelis
440,/wiki/Splash_Waterfalls,2004,2000-2005,42,other,668,49.9638426090039,3.7934131736526946,0.07755102040816327,0.2215568862275449,0.2832189644416719,0.3008982035928144,Splash Waterfalls,Ludacris
441,/wiki/Jesus_Walks_(Kanye_West_song),2004,2000-2005,43,other,541,69.34072007579746,3.9593345656192236,0.0891089108910891,0.26247689463955637,0.3824730783512811,0.42513863216266173,Jesus Walks,Kanye West
442,/wiki/Locked_Up_(song),2004,2000-2005,44,other,476,19.90880169671262,3.6785714285714284,0.2079207920792079,0.16176470588235295,0.27142216240466577,0.2668067226890756,Locked Up,Akon & Styles P
443,/wiki/Stand_Up_(Ludacris_song),2004,2000-2005,45,other,642,25.68,3.79595015576324,0.21585903083700442,0.22118380062305296,0.3041220382992535,0.3302180685358255,Stand Up,Ludacris & Shawnna
444,/wiki/Suga_Suga,2004,2000-2005,46,other,571,23.804554893463347,3.831873905429072,0.16517857142857142,0.1295971978984238,0.239568345323741,0.25569176882662,Suga Suga,Baby Bash & Frankie J
445,/wiki/All_Falls_Down,2004,2000-2005,47,other,732,35.72857142857143,3.7950819672131146,0.10619469026548672,0.22404371584699453,0.3600677774639932,0.34972677595628415,All Falls Down,Kanye West & Syleena Johnson
446,/wiki/Toxic_(song),2004,2000-2005,48,other,280,33.184647302904565,3.8642857142857143,0.14814814814814814,0.12142857142857143,0.26055312954876275,0.28214285714285714,Toxic,Britney Spears
447,/wiki/Salt_Shaker_(song),2004,2000-2005,49,other,631,33.488593183893485,3.9572107765451663,0.08524590163934426,0.16323296354992076,0.27380191693290734,0.30427892234548337,Salt Shaker,Ying Yang Twins & Lil Jon & the East Side Boyz
448,/wiki/With_You_(Jessica_Simpson_song),2004,2000-2005,50,other,378,31.44231535773086,3.5502645502645502,0.06172839506172839,0.13756613756613756,0.29282407407407407,0.28835978835978837,With You,Jessica Simpson
449,/wiki/Meant_to_Live,2004,2000-2005,51,other,223,25.45165039516504,4.170403587443946,0.2328767123287671,0.17937219730941703,0.26712922810060713,0.30493273542600896,Meant to Live,Switchfoot
450,/wiki/I_Like_That_(Houston_song),2004,2000-2005,52,other,639,13.897872340425533,3.6823161189358373,0.2265625,0.14241001564945227,0.26285905143620575,0.25821596244131456,I Like That,Houston & Chingy & Nate Dogg & I-20
451,/wiki/Sorry_2004,2004,2000-2005,53,other,492,27.415169660678643,3.8313008130081303,0.06779661016949153,0.12398373983739837,0.2670859538784067,0.2804878048780488,Sorry 2004,Ruben Studdard
452,/wiki/My_Happy_Ending_(song),2004,2000-2005,54,other,452,11.758108108108107,3.5132743362831858,0.13043478260869565,0.08849557522123894,0.24068627450980393,0.2168141592920354,My Happy Ending,Avril Lavigne
453,/wiki/On_Fire_(Lloyd_Banks_song),2004,2000-2005,55,other,467,50.314590075512406,3.8693790149892933,0.09375,0.30406852248394006,0.36248912097476066,0.44539614561027835,On Fire,Lloyd Banks
454,/wiki/Roses_(Outkast_song),2004,2000-2005,56,other,818,26.45752146323255,4.003667481662592,0.12213740458015267,0.1234718826405868,0.21810197609172968,0.2396088019559902,Roses,OutKast
455,/wiki/Walked_Outta_Heaven,2004,2000-2005,57,other,735,28.943774571249502,3.6217687074829934,0.1044776119402985,0.07891156462585033,0.233510011778563,0.18503401360544217,Walked Outta Heaven,Jagged Edge
456,/wiki/Lose_My_Breath,2004,2000-2005,58,other,621,25.816833508956798,3.5185185185185186,0.15450643776824036,0.143317230273752,0.24617573817146923,0.2318840579710145,Lose My Breath,Destiny's Child
457,/wiki/My_Band,2004,2000-2005,59,other,1103,39.956280057460496,3.7896645512239346,0.09020618556701031,0.18313689936536717,0.3709646969983009,0.32184950135992746,My Band,D12
458,/wiki/I%27m_Still_in_Love_with_You_(Sean_Paul_song),2004,2000-2005,60,other,691,27.371369961965716,3.489146164978292,0.14122137404580154,0.09117221418234443,0.24830699774266365,0.21562952243125905,I'm Still in Love with You,Sean Paul & Sasha
459,/wiki/Through_the_Wire,2004,2000-2005,61,other,800,76.63123849648379,3.84375,0.038314176245210725,0.25,0.4063786008230453,0.4,Through the Wire,Kanye West
460,/wiki/Why_(Jadakiss_song),2004,2000-2005,62,other,686,44.40029895366219,3.5932944606413995,0.044444444444444446,0.25072886297376096,0.3761438939728621,0.36151603498542273,Why?,Jadakiss & Anthony Hamilton
461,/wiki/Fuck_It_(I_Don%27t_Want_You_Back),2004,2000-2005,63,other,446,11.014024390243904,3.3542600896860986,0.2222222222222222,0.1412556053811659,0.23321373654536134,0.23318385650224216,Fuck It (I Don't Want You Back),Eamon
462,/wiki/Read_Your_Mind,2004,2000-2005,64,other,498,17.880468631864076,3.63855421686747,0.11764705882352941,0.142570281124498,0.2929032258064516,0.26506024096385544,Read Your Mind,Avant
463,/wiki/Game_Over_(Flip),2004,2000-2005,65,other,429,31.11144578313253,3.699300699300699,0.1927710843373494,0.2517482517482518,0.38248391885205346,0.3986013986013986,Game Over (Flip),Lil' Flip
464,/wiki/One_Thing_(Finger_Eleven_song),2004,2000-2005,66,other,345,21.342963318149124,3.4608695652173913,0.16279069767441862,0.0927536231884058,0.18453541260558803,0.19130434782608696,One Thing,Finger Eleven
465,/wiki/Headsprung,2004,2000-2005,67,other,687,25.761910516786838,3.449781659388646,0.13114754098360656,0.1615720524017467,0.24108878807517822,0.25327510917030566,Headsprung,LL Cool J
466,/wiki/Damn!_(song),2004,2000-2005,68,other,846,28.004893035105468,3.607565011820331,0.12142857142857143,0.21749408983451538,0.3150333504361211,0.3191489361702128,Damn!,YoungBloodZ & Lil Jon
467,/wiki/Baby_Boy_(Beyonc%C3%A9_Knowles_song),2004,2000-2005,69,other,867,32.78949730312837,3.419838523644752,0.08490566037735849,0.10265282583621683,0.2563835330901511,0.22722029988465975,Baby Boy,Beyoncé & Sean Paul
468,/wiki/Get_Low_(Lil_Jon_%26_the_East_Side_Boyz_song),2004,2000-2005,70,other,939,12.776101443909663,3.9552715654952078,0.10722610722610723,0.10969116080937168,0.22207903780068727,0.21299254526091588,Get Low,Lil Jon & the East Side Boyz & Ying Yang Twins
469,/wiki/Drop_It_Like_It%27s_Hot,2004,2000-2005,71,other,797,28.665262757836892,3.5395232120451694,0.12286689419795221,0.21455457967377667,0.31437208024182467,0.32747804265997493,Drop It Like It's Hot,Snoop Dogg & Pharrell
470,/wiki/U_Should%27ve_Known_Better,2004,2000-2005,72,other,484,23.09933221631335,3.8595041322314048,0.12605042016806722,0.09297520661157024,0.26663840610428147,0.25826446280991733,U Should've Known Better,Monica
471,/wiki/On_the_Way_Down,2004,2000-2005,73,other,247,23.224213836477986,3.639676113360324,0.125,0.15789473684210525,0.29668411867364747,0.30364372469635625,On the Way Down,Ryan Cabrera
472,/wiki/Breakaway_(Kelly_Clarkson_song),2004,2000-2005,74,other,401,12.733366935483872,3.428927680798005,0.3148148148148148,0.1770573566084788,0.3041034288926363,0.314214463840399,Breakaway,Kelly Clarkson
473,/wiki/Why_Don%27t_You_%26_I,2004,2000-2005,75,other,447,52.962894412127625,3.796420581655481,0.08163265306122448,0.087248322147651,0.2241860465116279,0.2550335570469799,Why Don't You & I,Santana & Alex Band & Chad Kroeger
474,/wiki/Are_You_Gonna_Be_My_Girl,2004,2000-2005,76,other,273,61.425,3.4652014652014653,0.16666666666666666,0.02197802197802198,0.2438423645320197,0.28205128205128205,Are You Gonna Be My Girl,Jet
475,/wiki/100_Years_(song),2004,2000-2005,77,other,286,30.606910914654883,3.93006993006993,0.12643678160919541,0.22377622377622378,0.3420865862313698,0.3881118881118881,100 Years,Five for Fighting
476,/wiki/Step_in_the_Name_of_Love,2004,2000-2005,78,other,423,55.351412155614014,3.91725768321513,0.0948905109489051,0.1607565011820331,0.31957773512476007,0.3640661938534279,Step in the Name of Love,R. Kelly
477,/wiki/Breaking_the_Habit_(song),2004,2000-2005,79,other,262,36.98468419625915,3.9122137404580153,0.109375,0.183206106870229,0.3126454615981381,0.35877862595419846,Breaking the Habit,Linkin Park
478,/wiki/Gigolo_(Nick_Cannon_song),2004,2000-2005,80,other,570,75.49675186847962,3.736842105263158,0.038135593220338986,0.2912280701754386,0.41435442101368847,0.4456140350877193,Gigolo,Nick Cannon & R. Kelly
479,/wiki/Live_Like_You_Were_Dying_(song),2004,2000-2005,81,other,357,37.73316582914573,3.6470588235294117,0.06363636363636363,0.19047619047619047,0.33373063170441003,0.3641456582633053,Live Like You Were Dying,Tim McGraw
480,/wiki/Remember_When_(Alan_Jackson_song),2004,2000-2005,82,other,193,29.86904761904762,4.181347150259067,0.2153846153846154,0.3626943005181347,0.43356643356643354,0.5129533678756477,Remember When,Alan Jackson
481,/wiki/Everytime,2004,2000-2005,83,other,205,45.35948293494733,3.4292682926829268,0.1111111111111111,0.2097560975609756,0.32855567805953695,0.36585365853658536,Everytime,Britney Spears
482,/wiki/Southside_(Lloyd_song),2004,2000-2005,84,other,647,33.88089401146481,3.7820710973724885,0.10599078341013825,0.1267387944358578,0.30080775444264946,0.2797527047913447,Southside,Lloyd & Ashanti
483,/wiki/Dude_(Beenie_Man_song),2004,2000-2005,85,other,878,57.33974986405655,3.3804100227790435,0.06818181818181818,0.04783599088838269,0.19131791005978685,0.18792710706150342,Dude,Beenie Man & Ms. Thing
484,/wiki/Wanna_Get_to_Know_You,2004,2000-2005,86,other,780,56.62234042553192,3.7102564102564104,0.08921933085501858,0.23205128205128206,0.3537710255018991,0.34615384615384615,Wanna Get to Know You,G-Unit & Joe
485,/wiki/Holidae_In,2004,2000-2005,87,other,972,90.42041688936398,3.983539094650206,0.0316622691292876,0.22016460905349794,0.31606004523956405,0.3405349794238683,Holidae In,Chingy & Ludacris & Snoop Dogg
486,/wiki/Let%27s_Get_It_Started,2004,2000-2005,88,other,64,143.36,4.421875,0.047619047619047616,0.78125,0.6213872832369942,0.875,Let's Get It Started,The Black Eyed Peas
487,/wiki/When_the_Sun_Goes_Down_(Kenny_Chesney_and_Uncle_Kracker_song),2004,2000-2005,89,other,353,23.807959305804907,4.164305949008498,0.2711864406779661,0.16997167138810199,0.21729611384783798,0.2577903682719547,When the Sun Goes Down,Kenny Chesney & Uncle Kracker
488,/wiki/American_Soldier_(song),2004,2000-2005,90,other,240,54.52554744525548,4.016666666666667,0.07692307692307693,0.42916666666666664,0.47381546134663344,0.5625,American Soldier,Toby Keith
489,/wiki/Change_Clothes,2004,2000-2005,91,other,691,31.095,3.654124457308249,0.08365019011406843,0.2040520984081042,0.3605336642879305,0.34442836468885674,Change Clothes,Jay-Z
490,/wiki/Don%27t_Tell_Me_(Avril_Lavigne_song),2004,2000-2005,92,other,347,37.40464344941957,3.4236311239193085,0.12962962962962962,0.1988472622478386,0.3231270358306189,0.3371757925072046,Don't Tell Me,Avril Lavigne
491,/wiki/You%27ll_Think_of_Me,2004,2000-2005,93,other,404,48.63791362916322,4.047029702970297,0.06796116504854369,0.1905940594059406,0.2983316977428852,0.3415841584158416,You'll Think of Me,Keith Urban
492,/wiki/Happy_People_(R._Kelly_song),2004,2000-2005,94,other,966,16.080149205859932,3.9824016563146998,0.13994910941475827,0.09213250517598344,0.2756689483509645,0.2463768115942029,Happy People,R. Kelly
493,/wiki/Hey_Mama_(The_Black_Eyed_Peas_song),2004,2000-2005,95,other,664,33.46304010454954,3.8629518072289155,0.060126582278481014,0.18825301204819278,0.2905113986444855,0.32680722891566266,Hey Mama,The Black Eyed Peas
494,/wiki/Over_and_Over_(Nelly_song),2004,2000-2005,96,other,493,16.451612903225808,3.4239350912778903,0.28695652173913044,0.12981744421906694,0.23604176123468,0.2434077079107505,Over and Over,Nelly & Tim McGraw
495,/wiki/Redneck_Woman,2004,2000-2005,97,other,390,62.828271028037385,3.687179487179487,0.08666666666666667,0.23076923076923078,0.33114754098360655,0.38974358974358975,Redneck Woman,Gretchen Wilson
496,/wiki/Just_Lose_It,2004,2000-2005,98,other,728,18.433333333333334,3.75,0.21621621621621623,0.21978021978021978,0.3553314121037464,0.35027472527472525,Just Lose It,Eminem
497,/wiki/Letters_from_Home_(song),2004,2000-2005,99,other,354,92.6235385526121,3.7062146892655368,0.04854368932038835,0.2175141242937853,0.37173396674584325,0.4096045197740113,Letters from Home,John Michael Montgomery
498,/wiki/I_Go_Back,2004,2000-2005,100,other,362,49.42401619638112,3.6629834254143647,0.061068702290076333,0.23204419889502761,0.3663307646710136,0.40607734806629836,I Go Back,Kenny Chesney
499,/wiki/We_Belong_Together_(Mariah_Carey_song),2005,2000-2005,1,top20,491,33.90238095238095,3.8818737270875765,0.09302325581395349,0.1670061099796334,0.3128099173553719,0.3340122199592668,We Belong Together,Mariah Carey
500,/wiki/Hollaback_Girl,2005,2000-2005,2,top20,503,18.57412423257494,3.73558648111332,0.23170731707317074,0.10337972166998012,0.1908748430305567,0.20079522862823063,Hollaback Girl,Gwen Stefani
501,/wiki/Let_Me_Love_You_(Mario_song),2005,2000-2005,3,top20,492,21.889562670229715,3.926829268292683,0.11940298507462686,0.10569105691056911,0.2595639654463184,0.2621951219512195,Let Me Love You,Mario
502,/wiki/Since_U_Been_Gone,2005,2000-2005,4,top20,280,20.009801234826625,3.575,0.27450980392156865,0.1392857142857143,0.28727556596409054,0.29642857142857143,Since U Been Gone,Kelly Clarkson
503,"/wiki/1,_2_Step",2005,2000-2005,5,top20,777,87.19344126193441,3.8957528957528957,0.034129692832764506,0.28442728442728443,0.3921976592977893,0.41827541827541825,"1, 2 Step",Ciara & Missy Elliott
504,/wiki/Gold_Digger_(Kanye_West_song),2005,2000-2005,6,top20,761,40.869803771586604,3.6819973718791066,0.07434944237918216,0.18265440210249673,0.30692520775623267,0.2996057818659658,Gold Digger,Kanye West & Jamie Foxx
505,/wiki/Boulevard_of_Broken_Dreams_(Green_Day_song),2005,2000-2005,7,top20,271,15.309883960619468,3.7416974169741697,0.2708333333333333,0.12546125461254612,0.26258714175058095,0.28413284132841327,Boulevard of Broken Dreams,Green Day
506,/wiki/Candy_Shop_(50_Cent_song),2005,2000-2005,8,top20,590,49.27503291916774,3.659322033898305,0.04838709677419355,0.17796610169491525,0.33249370277078083,0.3305084745762712,Candy Shop,50 Cent & Olivia
507,/wiki/Don%27t_Cha,2005,2000-2005,9,top20,645,23.320376154263986,3.8046511627906976,0.11403508771929824,0.20155038759689922,0.3532626165220186,0.3488372093023256,Don't Cha,The Pussycat Dolls & Busta Rhymes
508,/wiki/Behind_These_Hazel_Eyes,2005,2000-2005,10,top20,289,43.72411003236246,3.8131487889273354,0.06578947368421052,0.15570934256055363,0.2914572864321608,0.3356401384083045,Behind These Hazel Eyes,Kelly Clarkson
509,/wiki/Disco_Inferno_(50_Cent_song),2005,2000-2005,11,top20,602,53.82046750642351,3.6511627906976742,0.07729468599033816,0.22259136212624583,0.31354425879843584,0.3388704318936877,Disco Inferno,50 Cent
510,/wiki/You_and_Me_(Lifehouse_song),2005,2000-2005,12,top20,246,35.47406266729233,3.6666666666666665,0.24242424242424243,0.13821138211382114,0.2747826086956522,0.3089430894308943,You and Me,Lifehouse
511,/wiki/Don%27t_Phunk_with_My_Heart,2005,2000-2005,13,top20,2274,31.45796407156491,5.31882145998241,0.013237063778580024,0.31926121372031663,0.37138286032276013,0.46262093227792433,Don't Phunk with My Heart,The Black Eyed Peas
512,/wiki/Lose_Control_(Missy_Elliott_song),2005,2000-2005,14,top20,776,14.688571428571429,3.7938144329896906,0.06070287539936102,0.13015463917525774,0.2704874129619711,0.24742268041237114,Lose Control,Missy Elliott & Ciara & Fatman Scoop
513,/wiki/Shake_It_Off_(Mariah_Carey_song),2005,2000-2005,15,top20,706,16.669444444444444,3.8796033994334276,0.27007299270072993,0.11898016997167139,0.23957126303592122,0.23087818696883852,Shake It Off,Mariah Carey
514,/wiki/Mr._Brightside,2005,2000-2005,16,top20,285,50.28524156187955,3.7473684210526317,0.06521739130434782,0.0035087719298245615,0.2783803326102675,0.3263157894736842,Mr. Brightside,The Killers
515,/wiki/Just_a_Lil_Bit,2005,2000-2005,17,top20,674,38.093572587185726,3.3041543026706233,0.13533834586466165,0.16468842729970326,0.3092193808882907,0.2922848664688427,Just a Lil Bit,50 Cent
516,/wiki/Pon_de_Replay,2005,2000-2005,18,top20,664,24.356256499133448,3.5707831325301207,0.125,0.04066265060240964,0.16568241469816272,0.1566265060240964,Pon de Replay,Rihanna
517,/wiki/How_We_Do_(song),2005,2000-2005,19,top20,610,59.19339679238492,3.4868852459016395,0.02702702702702703,0.23278688524590163,0.3913517441860465,0.3983606557377049,How We Do,The Game & 50 Cent
518,/wiki/Beverly_Hills_(song),2005,2000-2005,20,top20,255,19.12768236239146,4.247058823529412,0.21238938053097345,0.29411764705882354,0.348181143281366,0.4196078431372549,Beverly Hills,Weezer
519,/wiki/Oh_(Ciara_song),2005,2000-2005,21,other,523,51.06568367730503,3.959847036328872,0.04,0.24282982791587,0.34319302237390975,0.39579349904397704,Oh,Ciara & Ludacris
520,/wiki/Lonely_No_More,2005,2000-2005,22,other,417,19.814399060698783,3.5899280575539567,0.26126126126126126,0.11031175059952038,0.2549634273772205,0.24700239808153476,Lonely No More,Rob Thomas
521,/wiki/Drop_It_Like_It%27s_Hot,2005,2000-2005,23,other,797,28.665262757836892,3.5395232120451694,0.12286689419795221,0.21455457967377667,0.31437208024182467,0.32747804265997493,Drop It Like It's Hot,Snoop Dogg & Pharrell
522,/wiki/Hate_It_or_Love_It,2005,2000-2005,24,other,669,119.25963330914774,3.698056801195815,0.028225806451612902,0.2914798206278027,0.3719974715549937,0.4170403587443946,Hate It or Love It,The Game & 50 Cent
523,/wiki/Lovers_%26_Friends,2005,2000-2005,25,other,831,219.16090278545374,4.194945848375451,0.08037383177570094,0.41636582430806257,0.4756294756294756,0.5728038507821901,Lovers & Friends,Lil Jon & Usher & Ludacris
524,/wiki/Soldier_(Destiny%27s_Child_song),2005,2000-2005,26,other,984,41.76645326504482,3.8241869918699187,0.04421768707482993,0.13719512195121952,0.2733902896436758,0.2611788617886179,Soldier,Destiny's Child & T.I. & Lil Wayne
525,/wiki/Breakaway_(Kelly_Clarkson_song),2005,2000-2005,27,other,401,12.733366935483872,3.428927680798005,0.3148148148148148,0.1770573566084788,0.3041034288926363,0.314214463840399,Breakaway,Kelly Clarkson
526,/wiki/Switch_(Will_Smith_song),2005,2000-2005,28,other,561,24.002412377994673,4.008912655971479,0.11483253588516747,0.19429590017825313,0.2996800568787771,0.32085561497326204,Switch,Will Smith
527,/wiki/Let_Me_Hold_You,2005,2000-2005,29,other,728,37.640264271397825,3.5961538461538463,0.13440860215053763,0.13186813186813187,0.2993744414655943,0.2651098901098901,Let Me Hold You,Bow Wow & Omarion
528,/wiki/Like_You_(Bow_Wow_song),2005,2000-2005,30,other,660,45.57142857142857,3.5939393939393938,0.07142857142857142,0.1606060606060606,0.30186823992133727,0.2772727272727273,Like You,Bow Wow & Ciara
529,/wiki/Rich_Girl_(Gwen_Stefani_song),2005,2000-2005,31,other,614,7.4448853615520285,3.416938110749186,0.5288461538461539,0.13517915309446255,0.24604051565377533,0.250814332247557,Rich Girl,Gwen Stefani & Eve
530,/wiki/My_Humps,2005,2000-2005,32,other,52,151.42400000000004,4.576923076923077,0.05263157894736842,0.8461538461538461,0.6505190311418685,0.9038461538461539,My Humps,The Black Eyed Peas
531,/wiki/Obsession_(No_Es_Amor),2005,2000-2005,33,other,525,34.5905367487328,3.681904761904762,0.09883720930232558,0.15047619047619049,0.2936893203883495,0.2895238095238095,Obsession (No Es Amor),Frankie J & Baby Bash
532,/wiki/Caught_Up_(Usher_song),2005,2000-2005,34,other,419,38.111982899534766,3.6515513126491648,0.19090909090909092,0.15035799522673032,0.2885699641209636,0.2840095465393795,Caught Up,Usher
533,/wiki/Listen_to_Your_Heart_(Roxette_song)#DHT_cover,2005,2000-2005,35,other,72,90.72000000000001,4.208333333333333,0.08695652173913043,0.6527777777777778,0.5855614973262032,0.7777777777777778,Listen to Your Heart,DHT & Edmee
534,/wiki/Scars_(Papa_Roach_song),2005,2000-2005,36,other,375,41.666666666666664,3.56,0.10185185185185185,0.06933333333333333,0.2615294804436661,0.25066666666666665,Scars,Papa Roach
535,/wiki/Feel_Good_Inc.,2005,2000-2005,37,other,521,14.468061658931921,3.5969289827255277,0.18181818181818182,0.15738963531669867,0.2632016632016632,0.2802303262955854,Feel Good Inc.,Gorillaz
536,/wiki/Let_Me_Go_(3_Doors_Down_song),2005,2000-2005,38,other,311,22.175735044677147,3.4083601286173635,0.24528301886792453,0.1157556270096463,0.27425237053245805,0.27009646302250806,Let Me Go,3 Doors Down
537,/wiki/Holiday_(Green_Day_song),2005,2000-2005,39,other,257,50.3017094017094,3.992217898832685,0.12389380530973451,0.3463035019455253,0.39798293250581845,0.4708171206225681,Holiday,Green Day
538,"/wiki/Sugar,_We%27re_Goin_Down",2005,2000-2005,40,other,427,31.630536916330826,3.8852459016393444,0.06060606060606061,0.07259953161592506,0.20076117982873454,0.21311475409836064,"Sugar, We're Goin Down",Fall Out Boy
539,/wiki/Grind_with_Me,2005,2000-2005,41,other,702,33.676582278481014,3.752136752136752,0.13988095238095238,0.15669515669515668,0.2597980997624703,0.27492877492877493,Grind with Me,Pretty Ricky
540,/wiki/Run_It!,2005,2000-2005,42,other,780,21.406015037593985,3.45,0.08960573476702509,0.13205128205128205,0.30948275862068964,0.26282051282051283,Run It!,Chris Brown & Juelz Santana
541,/wiki/Photograph_(Nickelback_song),2005,2000-2005,43,other,472,41.18190356537331,3.711864406779661,0.09285714285714286,0.21398305084745764,0.3322841726618705,0.3516949152542373,Photograph,Nickelback
542,/wiki/Lonely_(Akon_song),2005,2000-2005,44,other,566,16.34753787878788,3.6130742049469964,0.40875912408759124,0.15724381625441697,0.2971014492753623,0.27208480565371024,Lonely,Akon
543,/wiki/Collide_(Howie_Day_song),2005,2000-2005,45,other,277,6.231799797775531,3.595667870036101,0.7,0.15162454873646208,0.2665094339622642,0.2743682310469314,Collide,Howie Day
544,/wiki/Wake_Me_Up_When_September_Ends,2005,2000-2005,46,other,181,42.005497131931165,4.176795580110498,0.17543859649122806,0.04419889502762431,0.24465811965811965,0.30386740331491713,Wake Me Up When September Ends,Green Day
545,/wiki/Slow_Down_(Bobby_Valentino_song),2005,2000-2005,47,other,489,62.25260364106084,3.9795501022494886,0.09420289855072464,0.1165644171779141,0.24610974610974612,0.25971370143149286,Slow Down,Bobby Valentino
546,/wiki/Over_and_Over_(Nelly_song),2005,2000-2005,48,other,493,16.451612903225808,3.4239350912778903,0.28695652173913044,0.12981744421906694,0.23604176123468,0.2434077079107505,Over and Over,Nelly & Tim McGraw
547,/wiki/Some_Cut,2005,2000-2005,49,other,828,53.475,3.6908212560386473,0.05660377358490566,0.18357487922705315,0.3081081081081081,0.2946859903381642,Some Cut,Trillville
548,/wiki/Get_It_Poppin%27_(Fat_Joe_song),2005,2000-2005,50,other,694,41.23175581992557,3.5878962536023056,0.08085106382978724,0.19596541786743515,0.32238065716057035,0.30979827089337175,Get It Poppin',Fat Joe & Nelly
549,/wiki/Play_(David_Banner_song),2005,2000-2005,51,other,634,29.504329004329,3.719242902208202,0.08843537414965986,0.15457413249211358,0.28604806408544725,0.2634069400630915,Play,David Banner
550,/wiki/Soul_Survivor_(Young_Jeezy_song),2005,2000-2005,52,other,759,56.3748162747194,3.7839262187088276,0.0847457627118644,0.17523056653491437,0.30731441048034935,0.308300395256917,Soul Survivor,Young Jeezy & Akon
551,/wiki/Pimpin%27_All_Over_the_World,2005,2000-2005,53,other,958,68.5959367533278,3.894572025052192,0.049689440993788817,0.2546972860125261,0.38031746031746033,0.3674321503131524,Pimpin' All Over the World,Ludacris & Bobby Valentino
552,/wiki/My_Boo_(Usher_and_Alicia_Keys_song),2005,2000-2005,54,other,609,30.022595001711743,3.6141215106732347,0.1935483870967742,0.059113300492610835,0.2410365637202698,0.20853858784893267,My Boo,Usher & Alicia Keys
553,/wiki/Sugar_(Gimme_Some),2005,2000-2005,55,other,480,51.07708754680324,3.7395833333333335,0.03763440860215054,0.3541666666666667,0.46001757469244287,0.5020833333333333,Sugar (Gimme Some),Trick Daddy & Ludacris & Lil' Kim & Cee Lo Green
554,/wiki/Karma_(Alicia_Keys_song),2005,2000-2005,56,other,426,28.337340161690342,3.943661971830986,0.07894736842105263,0.15023474178403756,0.30533270410571023,0.3075117370892019,Karma,Alicia Keys
555,/wiki/Speed_of_Sound_(song),2005,2000-2005,57,other,314,42.05357142857143,3.8853503184713376,0.0821917808219178,0.18471337579617833,0.3313840155945419,0.3630573248407643,Speed of Sound,Coldplay
556,/wiki/I_Don%27t_Want_to_Be,2005,2000-2005,58,other,357,19.833333333333332,3.9131652661064424,0.23,0.12885154061624648,0.24658314350797267,0.2661064425770308,I Don't Want to Be,Gavin DeGraw
557,/wiki/Mockingbird_(Eminem_song),2005,2000-2005,59,other,900,66.55242778583039,3.852222222222222,0.034482758620689655,0.2111111111111111,0.4018649078917444,0.3622222222222222,Mockingbird,Eminem
558,/wiki/La_Tortura,2005,2000-2005,60,other,411,44.1493017018128,3.369829683698297,0.05084745762711865,0.16058394160583941,0.3435412026726058,0.34549878345498786,La Tortura,Shakira & Alejandro Sanz
559,/wiki/She_Will_Be_Loved,2005,2000-2005,61,other,353,43.25399369149369,3.821529745042493,0.09523809523809523,0.1671388101983003,0.30393885949441507,0.33994334277620397,She Will Be Loved,Maroon 5
560,/wiki/Baby_I%27m_Back_(song),2005,2000-2005,62,other,656,19.15204624980983,3.4939024390243905,0.11242603550295859,0.1173780487804878,0.25524002704530085,0.2149390243902439,Baby I'm Back,Baby Bash & Akon
561,/wiki/Wait_(The_Whisper_Song),2005,2000-2005,63,other,543,14.865534687540787,3.27255985267035,0.10344827586206896,0.19337016574585636,0.31913978494623657,0.30570902394106814,Wait (The Whisper Song),Ying Yang Twins
562,/wiki/Incomplete_(Backstreet_Boys_song),2005,2000-2005,64,other,212,34.934045182658565,3.547169811320755,0.08695652173913043,0.18867924528301888,0.3530633437175493,0.37264150943396224,Incomplete,Backstreet Boys
563,/wiki/Bring_Em_Out_(song),2005,2000-2005,65,other,817,19.974358974358974,3.532435740514076,0.1763157894736842,0.19583843329253367,0.30968082300184646,0.31211750305997554,Bring Em Out,T.I.
564,/wiki/Cater_2_U,2005,2000-2005,66,other,745,29.806552330694814,3.6953020134228187,0.07009345794392523,0.138255033557047,0.313960113960114,0.26308724832214764,Cater 2 U,Destiny's Child
565,/wiki/1_Thing,2005,2000-2005,67,other,720,7.649819204499799,3.227777777777778,0.3333333333333333,0.0875,0.1928851174934726,0.1527777777777778,1 Thing,Amerie
566,/wiki/Best_of_You,2005,2000-2005,68,other,328,15.433812234571247,3.8841463414634148,0.04838709677419355,0.12804878048780488,0.2590511860174782,0.28353658536585363,Best of You,Foo Fighters
567,/wiki/It%27s_like_That_(Mariah_Carey_song),2005,2000-2005,69,other,584,11.81982237419188,3.710616438356164,0.2926829268292683,0.07876712328767123,0.22113997113997114,0.19863013698630136,It's Like That,Mariah Carey & Jermaine Dupri & Fatman Scoop
568,/wiki/Goin%27_Crazy_(Natalie_song),2005,2000-2005,70,other,526,32.24026911999967,3.5570342205323193,0.10869565217391304,0.12737642585551331,0.27487562189054726,0.26806083650190116,Goin' Crazy,Natalie
569,/wiki/Inside_Your_Heaven,2005,2000-2005,71,other,282,50.429866290398444,3.858156028368794,0.12121212121212122,0.14893617021276595,0.26744186046511625,0.3120567375886525,Inside Your Heaven,Carrie Underwood
570,/wiki/Because_of_You_(Kelly_Clarkson_song),2005,2000-2005,72,other,356,24.817307692307693,3.603932584269663,0.0963855421686747,0.1404494382022472,0.3339438339438339,0.32865168539325845,Because of You,Kelly Clarkson
571,/wiki/Truth_Is_(Fantasia_Barrino_song),2005,2000-2005,73,other,501,42.34560974153883,3.5788423153692617,0.22522522522522523,0.1217564870259481,0.25370531822144726,0.25349301397205587,Truth Is,Fantasia
572,/wiki/Your_Body_(Pretty_Ricky_song),2005,2000-2005,74,other,760,32.71062271062271,3.488157894736842,0.11974110032362459,0.19736842105263158,0.30633497251952563,0.3013157894736842,Your Body,Pretty Ricky
573,/wiki/Beautiful_Soul_(song),2005,2000-2005,75,other,353,25.214285714285715,3.784702549575071,0.13333333333333333,0.1388101983002833,0.23459715639810427,0.24929178470254956,Beautiful Soul,Jesse McCartney
574,/wiki/Cool_(Gwen_Stefani_song),2005,2000-2005,76,other,203,30.051551979915555,3.9113300492610836,0.24,0.32019704433497537,0.4292878635907723,0.4975369458128079,Cool,Gwen Stefani
575,/wiki/Get_Back_(Ludacris_song),2005,2000-2005,77,other,851,23.433333333333334,3.72502937720329,0.07380073800738007,0.13396004700352526,0.2553349875930521,0.25499412455934195,Get Back,Ludacris
576,/wiki/Outta_Control_Remix,2005,2000-2005,78,other,529,38.80584910620399,3.4574669187145557,0.1218274111675127,0.21172022684310018,0.3492063492063492,0.33648393194706994,Outta Control,50 Cent & Mobb Deep
577,/wiki/U_Don%27t_Know_Me_(T.I._song),2005,2000-2005,79,other,841,36.428342245989306,3.733650416171225,0.09352517985611511,0.16765755053507728,0.27087980173482035,0.28180737217598095,U Don't Know Me,T.I.
578,/wiki/These_Words,2005,2000-2005,80,other,509,16.277891355140184,3.5304518664047153,0.2694610778443114,0.16110019646365423,0.2775368603642671,0.26129666011787817,These Words,Natasha Bedingfield
579,/wiki/Don%27t_Lie,2005,2000-2005,81,other,336,32.38260869565217,4.479166666666667,0.06818181818181818,0.3273809523809524,0.41553503530689845,0.5178571428571429,Don't Lie,The Black Eyed Peas
580,/wiki/Get_Right_(Jennifer_Lopez_song),2005,2000-2005,82,other,465,18.64002869440459,3.503225806451613,0.10989010989010989,0.13118279569892474,0.23782234957020057,0.24946236559139784,Get Right,Jennifer Lopez
581,/wiki/Daughters_(John_Mayer_song),2005,2000-2005,83,other,237,54.401391162029455,4.025316455696203,0.16666666666666666,0.25738396624472576,0.35798319327731093,0.4388185654008439,Daughters,John Mayer
582,/wiki/As_Good_as_I_Once_Was,2005,2000-2005,84,other,359,58.600234192037476,3.417827298050139,0.03896103896103896,0.3370473537604457,0.41488020176544765,0.4818941504178273,As Good as I Once Was,Toby Keith
583,/wiki/Girlfight_(song),2005,2000-2005,85,other,433,55.707508860011814,3.7990762124711317,0.06790123456790123,0.21939953810623555,0.3488372093023256,0.3972286374133949,Girlfight,Brooke Valentine & Lil Jon & Big Boi
584,/wiki/Lose_My_Breath,2005,2000-2005,86,other,621,25.816833508956798,3.5185185185185186,0.15450643776824036,0.143317230273752,0.24617573817146923,0.2318840579710145,Lose My Breath,Destiny's Child
585,/wiki/Ordinary_People_(John_Legend_song),2005,2000-2005,87,other,369,19.2735807860262,3.959349593495935,0.22330097087378642,0.1951219512195122,0.30572207084468667,0.3224932249322493,Ordinary People,John Legend
586,/wiki/We_Be_Burnin%27,2005,2000-2005,88,other,394,132.7974868936414,4.0786802030456855,0.028409090909090908,0.4720812182741117,0.49481993093241244,0.6015228426395939,We Be Burnin',Sean Paul
587,/wiki/Just_the_Girl,2005,2000-2005,89,other,345,34.71106785317019,3.8376811594202898,0.1111111111111111,0.15942028985507245,0.2644970414201183,0.30434782608695654,Just the Girl,The Click Five
588,/wiki/True_(Ryan_Cabrera_song),2005,2000-2005,90,other,226,45.96706473915776,3.6150442477876106,0.15517241379310345,0.168141592920354,0.32375478927203066,0.34513274336283184,True,Ryan Cabrera
589,/wiki/O_(Omarion_song),2005,2000-2005,91,other,716,14.764455782312925,3.36731843575419,0.15228426395939088,0.11592178770949721,0.3039898670044332,0.23743016759776536,O,Omarion
590,/wiki/Back_Then,2005,2000-2005,92,other,922,27.387576387576388,3.4891540130151846,0.2737642585551331,0.11062906724511931,0.21126082771896054,0.19739696312364424,Back Then,Mike Jones
591,/wiki/Numb/Encore,2005,2000-2005,93,other,587,51.360496860496866,3.7853492333901193,0.04891304347826087,0.24361158432708688,0.3924140375753279,0.403747870528109,Numb/Encore,Jay-Z & Linkin Park
592,/wiki/Wonderful_(Ja_Rule_song),2005,2000-2005,94,other,706,11.331535695942476,3.5269121813031163,0.04519774011299435,0.20254957507082152,0.3184653774173425,0.311614730878187,Wonderful,Ja Rule & R. Kelly & Ashanti
593,/wiki/I%27m_Sprung,2005,2000-2005,95,other,512,8.352886754073014,3.25,0.1375,0.1171875,0.25442980463425713,0.224609375,I'm Sprung,T-Pain
594,/wiki/Chariot_(song),2005,2000-2005,96,other,236,28.265401341620155,4.343220338983051,0.15555555555555556,0.326271186440678,0.3388888888888889,0.4576271186440678,Chariot,Gavin DeGraw
595,/wiki/U_Already_Know,2005,2000-2005,97,other,295,39.173757661128185,3.7796610169491527,0.07142857142857142,0.23389830508474577,0.3545197740112994,0.39322033898305087,U Already Know,112 & Foxy Brown
596,/wiki/Mississippi_Girl,2005,2000-2005,98,other,265,48.704488778054866,4.313207547169811,0.13580246913580246,0.15471698113207547,0.307909604519774,0.3622641509433962,Mississippi Girl,Faith Hill
597,/wiki/Number_One_Spot,2005,2000-2005,99,other,651,92.06408898305085,4.0476190476190474,0.04285714285714286,0.3195084485407066,0.3896969696969697,0.45622119815668205,Number One Spot,Ludacris
598,/wiki/Give_Me_That,2005,2000-2005,100,other,663,34.36474387670269,3.717948717948718,0.12807881773399016,0.25037707390648567,0.3895107131435881,0.38461538461538464,Give Me That,Webbie & Bun B
599,/wiki/Bad_Day_(Daniel_Powter_song),2006,2006-2011,1,top20,395,32.170483757887354,3.4683544303797467,0.12389380530973451,0.14177215189873418,0.29298642533936653,0.29873417721518986,Bad Day,Daniel Powter
600,/wiki/Temperature_(song),2006,2006-2011,2,top20,701,32.456674294431735,3.466476462196862,0.05533596837944664,0.0912981455064194,0.24301143583227447,0.2268188302425107,Temperature,Sean Paul
601,/wiki/Promiscuous_(song),2006,2006-2011,3,top20,653,20.423641186190103,3.6156202143950997,0.11650485436893204,0.2006125574272588,0.3590250329380764,0.33996937212863704,Promiscuous,Nelly Furtado & Timbaland
602,/wiki/You%27re_Beautiful,2006,2006-2011,4,top20,199,27.071546441677707,3.7386934673366836,0.17647058823529413,0.22613065326633167,0.37420718816067655,0.4371859296482412,You're Beautiful,James Blunt
603,/wiki/Hips_Don%27t_Lie,2006,2006-2011,5,top20,657,58.84528742567416,3.773211567732116,0.06007067137809187,0.1308980213089802,0.3202158045065059,0.3059360730593607,Hips Don't Lie,Shakira & Wyclef Jean
604,/wiki/Unwritten_(song),2006,2006-2011,6,top20,446,34.91317961855964,4.056053811659193,0.08552631578947369,0.05829596412556054,0.18278615794143743,0.20179372197309417,Unwritten,Natasha Bedingfield
605,/wiki/Ridin%27,2006,2006-2011,8,top20,976,26.904568077662248,4.011270491803279,0.1078838174273859,0.2151639344262295,0.30510163411717817,0.32172131147540983,Ridin',Chamillionaire & Krayzie Bone
606,/wiki/SexyBack,2006,2006-2011,9,top20,679,20.3294695500903,3.362297496318115,0.26229508196721313,0.035346097201767304,0.16600397614314116,0.14727540500736377,SexyBack,Justin Timberlake & Timbaland
607,/wiki/Check_on_It,2006,2006-2011,10,top20,903,18.755291045922284,3.372093023255814,0.1601423487544484,0.10188261351052048,0.24692288369756343,0.19712070874861573,Check on It,Beyoncé & Slim Thug
608,/wiki/Be_Without_You,2006,2006-2011,11,top20,559,26.014069264069263,3.54561717352415,0.09836065573770492,0.12880143112701253,0.2872257053291536,0.2844364937388193,Be Without You,Mary J. Blige
609,/wiki/Grillz,2006,2006-2011,12,top20,903,49.885187667560324,3.725359911406423,0.1024390243902439,0.2059800664451827,0.33426313342631336,0.31561461794019935,Grillz,Nelly & Paul Wall & Ali & Gipp
610,/wiki/Over_My_Head_(Cable_Car),2006,2006-2011,13,top20,317,29.07092268996558,4.069400630914826,0.1643835616438356,0.24921135646687698,0.328562538892346,0.3785488958990536,Over My Head (Cable Car),The Fray
611,/wiki/Me_%26_U_(Cassie_song),2006,2006-2011,14,top20,502,28.37674316658169,3.4880478087649402,0.14285714285714285,0.06772908366533864,0.23803191489361702,0.199203187250996,Me & U,Cassie
612,/wiki/Buttons_(The_Pussycat_Dolls_song),2006,2006-2011,15,top20,634,15.540755832094415,3.526813880126183,0.12096774193548387,0.08201892744479496,0.19716361120719475,0.18454258675078863,Buttons,Pussycat Dolls & Snoop Dogg
613,/wiki/Run_It!,2006,2006-2011,16,top20,780,21.406015037593985,3.45,0.08960573476702509,0.13205128205128205,0.30948275862068964,0.26282051282051283,Run It!,Chris Brown & Juelz Santana
614,/wiki/So_Sick,2006,2006-2011,17,top20,429,24.992454357192166,3.634032634032634,0.11363636363636363,0.16783216783216784,0.28972431077694233,0.2937062937062937,So Sick,Ne-Yo
615,/wiki/It%27s_Goin%27_Down_(Yung_Joc_song),2006,2006-2011,18,top20,767,33.722757368326654,3.6857887874837028,0.07100591715976332,0.2033898305084746,0.35623620309050774,0.3428943937418514,It's Goin' Down,Yung Joc & Nitti
616,/wiki/SOS_(Rihanna_song),2006,2006-2011,19,top20,676,18.055555555555557,3.46301775147929,0.22,0.11538461538461539,0.2599478147423353,0.22928994082840237,SOS,Rihanna
617,/wiki/I_Write_Sins_Not_Tragedies,2006,2006-2011,20,top20,302,43.142857142857146,4.049668874172186,0.06315789473684211,0.059602649006622516,0.22703412073490814,0.25165562913907286,I Write Sins Not Tragedies,Panic! at the Disco
618,/wiki/Move_Along_(song),2006,2006-2011,21,other,380,15.570495794599381,3.639473684210526,0.35789473684210527,0.08157894736842106,0.19296254256526674,0.20526315789473684,Move Along,The All-American Rejects
619,/wiki/London_Bridge_(Fergie_song),2006,2006-2011,22,other,564,23.107023411371237,3.7872340425531914,0.21145374449339208,0.09929078014184398,0.23410510841602353,0.2429078014184397,London Bridge,Fergie
620,/wiki/Dani_California,2006,2006-2011,23,other,294,61.71159420289855,4.404761904761905,0.08130081300813008,0.3299319727891156,0.38847117794486213,0.47959183673469385,Dani California,Red Hot Chili Peppers
621,/wiki/Snap_Yo_Fingers,2006,2006-2011,24,other,664,30.750115085119766,3.3298192771084336,0.09821428571428571,0.18825301204819278,0.32464861158724717,0.30120481927710846,Snap Yo Fingers,Lil Jon & E-40 & Sean Paul
622,"/wiki/Lean_wit_It,_Rock_wit_It",2006,2006-2011,25,other,749,17.03152454780362,3.472630173564753,0.2423469387755102,0.17757009345794392,0.333134684147795,0.2910547396528705,"Lean wit It, Rock wit It",Dem Franchize Boyz
623,/wiki/What_Hurts_the_Most#Rascal_Flatts_version,2006,2006-2011,26,other,284,53.35947136563877,3.507042253521127,0.06666666666666667,0.22887323943661972,0.3591931730023274,0.4014084507042254,What Hurts the Most,Rascal Flatts
624,/wiki/How_to_Save_a_Life_(song),2006,2006-2011,27,other,382,48.67771428571429,3.6596858638743455,0.1,0.16230366492146597,0.26910112359550564,0.3036649214659686,How to Save a Life,The Fray
625,/wiki/Unfaithful_(song),2006,2006-2011,28,other,360,29.519846350832267,3.6305555555555555,0.15841584158415842,0.17777777777777778,0.32354703415218694,0.34444444444444444,Unfaithful,Rihanna
626,/wiki/Chasing_Cars,2006,2006-2011,29,other,204,60.08369098712447,3.6470588235294117,0.18604651162790697,0.2549019607843137,0.36,0.45098039215686275,Chasing Cars,Snow Patrol
627,/wiki/Lips_of_an_Angel,2006,2006-2011,30,other,283,84.55177657956588,3.6819787985865724,0.07608695652173914,0.11307420494699646,0.27790262172284647,0.3321554770318021,Lips of an Angel,Hinder
628,/wiki/Everytime_We_Touch_(Cascada_song),2006,2006-2011,31,other,255,39.59922889844282,3.5058823529411764,0.125,0.12549019607843137,0.2896790980052038,0.30196078431372547,Everytime We Touch,Cascada
629,/wiki/Ain%27t_No_Other_Man,2006,2006-2011,32,other,564,21.11920581616973,3.725177304964539,0.1375,0.11879432624113476,0.2989883851629824,0.25886524822695034,Ain't No Other Man,Christina Aguilera
630,"/wiki/Dance,_Dance_(Fall_Out_Boy_song)",2006,2006-2011,33,other,315,38.69714115544967,3.9904761904761905,0.22727272727272727,0.14285714285714285,0.30426479949077023,0.3619047619047619,"Dance, Dance",Fall Out Boy
631,/wiki/Gold_Digger_(Kanye_West_song),2006,2006-2011,34,other,761,40.869803771586604,3.6819973718791066,0.07434944237918216,0.18265440210249673,0.30692520775623267,0.2996057818659658,Gold Digger,Kanye West & Jamie Foxx
632,/wiki/Money_Maker,2006,2006-2011,35,other,737,40.53413563032656,3.7639077340569878,0.09195402298850575,0.18181818181818182,0.29470387243735763,0.2930800542740841,Money Maker,Ludacris & Pharrell
633,/wiki/Ms._New_Booty,2006,2006-2011,36,other,827,20.298906096361847,3.8403869407496978,0.18122977346278318,0.1487303506650544,0.22550235673530142,0.23579201934703747,Ms. New Booty,Bubba Sparxxx & Ying Yang Twins
634,/wiki/(When_You_Gonna)_Give_It_Up_to_Me,2006,2006-2011,37,other,930,16.519356043317707,3.4,0.13259668508287292,0.13333333333333333,0.277005608388198,0.23010752688172043,(When You Gonna) Give It Up to Me,Sean Paul & Keyshia Cole
635,/wiki/Photograph_(Nickelback_song),2006,2006-2011,38,other,472,41.18190356537331,3.711864406779661,0.09285714285714286,0.21398305084745764,0.3322841726618705,0.3516949152542373,Photograph,Nickelback
636,/wiki/Because_of_You_(Kelly_Clarkson_song),2006,2006-2011,39,other,356,24.817307692307693,3.603932584269663,0.0963855421686747,0.1404494382022472,0.3339438339438339,0.32865168539325845,Because of You,Kelly Clarkson
637,/wiki/Stickwitu,2006,2006-2011,40,other,370,30.305895267064166,3.8756756756756756,0.13821138211382114,0.0972972972972973,0.26713819368879216,0.27837837837837837,Stickwitu,Pussycat Dolls
638,/wiki/I%27m_%27n_Luv_(wit_a_Stripper),2006,2006-2011,41,other,640,29.466353796079023,3.884375,0.09126984126984126,0.1390625,0.2384590894619548,0.25,I'm 'n Luv (wit a Stripper),T-Pain & Mike Jones
639,/wiki/My_Humps,2006,2006-2011,42,other,52,151.42400000000004,4.576923076923077,0.05263157894736842,0.8461538461538461,0.6505190311418685,0.9038461538461539,My Humps,The Black Eyed Peas
640,/wiki/Where%27d_You_Go_(Fort_Minor_song),2006,2006-2011,43,other,494,41.715042455402354,3.876518218623482,0.08256880733944955,0.1720647773279352,0.3031936955620075,0.31781376518218624,Where'd You Go,Fort Minor & Holly Brook & Jonah Matranga
641,/wiki/Yo_(Excuse_Me_Miss),2006,2006-2011,44,other,553,50.10013599896968,3.6763110307414104,0.052941176470588235,0.13743218806509946,0.3117283950617284,0.3092224231464738,Yo (Excuse Me Miss),Chris Brown
642,/wiki/Walk_Away_(Kelly_Clarkson_song),2006,2006-2011,45,other,334,28.1619662302704,3.934131736526946,0.16483516483516483,0.25149700598802394,0.34200968523002423,0.40718562874251496,Walk Away,Kelly Clarkson
643,/wiki/Laffy_Taffy_(song),2006,2006-2011,46,other,650,15.683139534883722,3.98,0.17563739376770537,0.21076923076923076,0.2975206611570248,0.32153846153846155,Laffy Taffy,D4L
644,/wiki/What_You_Know_(T.I._song),2006,2006-2011,47,other,856,25.834234234234238,3.699766355140187,0.14776632302405499,0.1764018691588785,0.28836633663366334,0.272196261682243,What You Know,T.I.
645,/wiki/Dirty_Little_Secret,2006,2006-2011,48,other,272,37.1025641025641,4.147058823529412,0.18840579710144928,0.09926470588235294,0.2558970693352395,0.3088235294117647,Dirty Little Secret,The All-American Rejects
646,/wiki/Savin%27_Me,2006,2006-2011,49,other,308,40.49570281884273,3.5584415584415585,0.14285714285714285,0.09740259740259741,0.25052779732582686,0.2564935064935065,Savin' Me,Nickelback
647,/wiki/Don%27t_Forget_About_Us,2006,2006-2011,50,other,565,38.986568876011106,3.84070796460177,0.12337662337662338,0.12389380530973451,0.2577696526508227,0.25486725663716814,Don't Forget About Us,Mariah Carey
648,/wiki/Sexy_Love,2006,2006-2011,51,other,345,25.274755108397652,3.544927536231884,0.1958762886597938,0.10144927536231885,0.2676864244741874,0.2579710144927536,Sexy Love,Ne-Yo
649,/wiki/U_and_Dat,2006,2006-2011,52,other,654,28.032555393370835,3.761467889908257,0.11065573770491803,0.2018348623853211,0.30300157977883097,0.308868501529052,U and Dat,E-40 & T-Pain & Kandi Girl
650,/wiki/Far_Away_(Nickelback_song),2006,2006-2011,53,other,291,16.95700225879316,3.611683848797251,0.125,0.12027491408934708,0.29101707498144025,0.2920962199312715,Far Away,Nickelback
651,/wiki/What%27s_Left_of_Me_(song),2006,2006-2011,54,other,315,35.34869240348692,3.8476190476190477,0.14634146341463414,0.1523809523809524,0.3089005235602094,0.3238095238095238,What's Left of Me,Nick Lachey
652,/wiki/So_What_(Field_Mob_song),2006,2006-2011,55,other,690,52.126949510970135,3.8217391304347825,0.04950495049504951,0.16666666666666666,0.2886966895317626,0.2985507246376812,So What,Field Mob & Ciara
653,/wiki/Do_It_to_It,2006,2006-2011,56,other,884,7.657267136643167,3.002262443438914,0.20353982300884957,0.07239819004524888,0.2321729365524986,0.17647058823529413,Do It to It,Cherish & Sean P
654,/wiki/Black_Horse_and_the_Cherry_Tree,2006,2006-2011,57,other,342,16.398029556650243,3.3976608187134505,0.3108108108108108,0.1783625730994152,0.30697674418604654,0.30994152046783624,Black Horse and the Cherry Tree,KT Tunstall
655,/wiki/There_It_Go_(The_Whistle_Song),2006,2006-2011,58,other,489,25.736842105263158,3.4171779141104293,0.08609271523178808,0.1411042944785276,0.3025171624713959,0.2822085889570552,There It Go (The Whistle Song),Juelz Santana
656,/wiki/Shoulder_Lean,2006,2006-2011,59,other,823,17.66923245614035,4.023086269744836,0.1875,0.17253948967193194,0.24528757854035765,0.26366950182260024,Shoulder Lean,Young Dro & T.I.
657,/wiki/Unpredictable_(Jamie_Foxx_song),2006,2006-2011,60,other,480,53.8149556400507,3.970833333333333,0.11278195488721804,0.19791666666666666,0.3283270755110555,0.3458333333333333,Unpredictable,Jamie Foxx & Ludacris
658,/wiki/My_Love_(Justin_Timberlake_song),2006,2006-2011,61,other,729,36.27227440860844,3.6117969821673523,0.16037735849056603,0.15089163237311384,0.2948642266824085,0.28669410150891633,My Love,Justin Timberlake & T.I.
659,/wiki/Shake_That,2006,2006-2011,62,other,781,46.484845837216525,3.6581306017925734,0.06774193548387097,0.2112676056338028,0.345173535791757,0.36363636363636365,Shake That,Eminem & Nate Dogg
660,/wiki/Pullin%27_Me_Back,2006,2006-2011,63,other,764,44.03077889447236,3.8782722513089007,0.06584362139917696,0.16361256544502617,0.2940393826503459,0.3010471204188482,Pullin' Me Back,Chingy & Tyrese
661,/wiki/Bossy_(Kelis_song),2006,2006-2011,64,other,737,30.96327044025157,3.7598371777476256,0.0931899641577061,0.12618724559023067,0.2619654488813367,0.26594301221166894,Bossy,Kelis & Too Short
662,/wiki/Chain_Hang_Low,2006,2006-2011,65,other,727,36.89288395495568,3.5983493810178815,0.13310580204778158,0.10729023383768914,0.2657550535077289,0.23521320495185694,Chain Hang Low,Jibbs
663,/wiki/Smack_That,2006,2006-2011,66,other,726,16.051020408163264,3.765840220385675,0.22727272727272727,0.16115702479338842,0.2480642386005162,0.2644628099173554,Smack That,Akon & Eminem
664,/wiki/One_Wish_(Ray_J_song),2006,2006-2011,67,other,962,24.720482546201232,3.4854469854469854,0.09770114942528736,0.12266112266112267,0.2784195933456562,0.2338877338877339,One Wish,Ray J
665,"/wiki/Sugar,_We%27re_Goin_Down",2006,2006-2011,68,other,427,31.630536916330826,3.8852459016393444,0.06060606060606061,0.07259953161592506,0.20076117982873454,0.21311475409836064,"Sugar, We're Goin Down",Fall Out Boy
666,/wiki/Gimme_That,2006,2006-2011,69,other,570,19.562946567256912,3.585964912280702,0.1722488038277512,0.1456140350877193,0.2640213658908813,0.24561403508771928,Gimme That,Chris Brown & Lil Wayne
667,/wiki/I_Know_You_See_It,2006,2006-2011,70,other,495,33.14732142857143,3.521212121212121,0.09467455621301775,0.23434343434343435,0.35637823371989297,0.3797979797979798,I Know You See It,Yung Joc
668,/wiki/Who_Says_You_Can%27t_Go_Home,2006,2006-2011,71,other,469,25.410616061606163,3.8251599147121533,0.18518518518518517,0.1513859275053305,0.2630415561450044,0.2899786780383795,Who Says You Can't Go Home,Bon Jovi & Jennifer Nettles
669,/wiki/Too_Little_Too_Late_(JoJo_song),2006,2006-2011,72,other,510,23.411009973854945,3.6549019607843136,0.17272727272727273,0.10980392156862745,0.23705263157894738,0.22549019607843138,Too Little Too Late,JoJo
670,/wiki/Touch_It_(Busta_Rhymes_song),2006,2006-2011,73,other,774,19.770212548788145,3.549095607235142,0.061016949152542375,0.18863049095607234,0.3127293254304262,0.28940568475452194,Touch It,Busta Rhymes
671,/wiki/Rompe,2006,2006-2011,74,other,399,19.187747035573125,3.9298245614035086,0.19081272084805653,0.23308270676691728,0.34294385432473445,0.40350877192982454,Rompe,Daddy Yankee
672,/wiki/D%C3%A9j%C3%A0_Vu_(Beyonc%C3%A9_Knowles_song),2006,2006-2011,75,other,627,47.93314362450441,3.5135566188197767,0.07006369426751592,0.1850079744816587,0.31144662921348315,0.3078149920255183,Déjà Vu,Beyoncé & Jay-Z
673,/wiki/Life_Is_a_Highway#Rascal_Flatts_version,2006,2006-2011,76,other,429,25.43051649672014,3.843822843822844,0.11042944785276074,0.1561771561771562,0.2959770114942529,0.31002331002331,Life Is a Highway,Rascal Flatts
674,/wiki/Call_Me_When_You%27re_Sober,2006,2006-2011,77,other,193,52.2737963645296,3.7253886010362693,0.10256410256410256,0.23834196891191708,0.37390350877192985,0.42487046632124353,Call Me When You're Sober,Evanescence
675,"/wiki/Jesus,_Take_the_Wheel",2006,2006-2011,78,other,292,46.14246196403873,3.595890410958904,0.05813953488372093,0.2602739726027397,0.3930421909696521,0.4212328767123288,"Jesus, Take the Wheel",Carrie Underwood
676,/wiki/Show_Stopper_(Danity_Kane_song),2006,2006-2011,79,other,644,24.518215763364278,3.858695652173913,0.07575757575757576,0.11180124223602485,0.23052862058179543,0.2515527950310559,Show Stopper,Danity Kane & Yung Joc
677,/wiki/Get_Up_(Ciara_song),2006,2006-2011,80,other,659,46.80196779964221,3.449165402124431,0.12682926829268293,0.16843702579666162,0.31824324324324327,0.3110773899848255,Get Up,Ciara & Chamillionaire
678,/wiki/We_Be_Burnin%27,2006,2006-2011,81,other,394,132.7974868936414,4.0786802030456855,0.028409090909090908,0.4720812182741117,0.49481993093241244,0.6015228426395939,We Be Burnin',Sean Paul
679,/wiki/Hate_Me_(Blue_October_song),2006,2006-2011,82,other,585,27.35480093676815,3.7162393162393164,0.09523809523809523,0.2222222222222222,0.36113125453226974,0.358974358974359,Hate Me,Blue October
680,/wiki/You_and_Me_(Lifehouse_song),2006,2006-2011,83,other,246,35.47406266729233,3.6666666666666665,0.24242424242424243,0.13821138211382114,0.2747826086956522,0.3089430894308943,You and Me,Lifehouse
681,/wiki/Beep_(The_Pussycat_Dolls_song),2006,2006-2011,84,other,659,14.810858585858586,3.38391502276176,0.2644927536231884,0.07132018209408195,0.1935374149659864,0.18512898330804248,Beep,Pussycat Dolls & will.i.am
682,/wiki/I_Think_They_Like_Me,2006,2006-2011,85,other,328,117.26915593162836,3.9146341463414633,0.04827586206896552,0.39634146341463417,0.4717566728739913,0.573170731707317,I Think They Like Me,Dem Franchize Boyz & Jermaine Dupri & Da Brat & Bow Wow
683,/wiki/Say_Goodbye_(Chris_Brown_song),2006,2006-2011,86,other,753,26.892857142857142,3.6228419654714474,0.12562814070351758,0.09827357237715803,0.24041213508872353,0.21115537848605578,Say Goodbye,Chris Brown
684,/wiki/Waiting_on_the_World_to_Change,2006,2006-2011,87,other,286,21.37214611872146,4.164335664335664,0.36,0.2517482517482518,0.3021680216802168,0.36013986013986016,Waiting on the World to Change,John Mayer
685,/wiki/Soul_Survivor_(Young_Jeezy_song),2006,2006-2011,88,other,759,56.3748162747194,3.7839262187088276,0.0847457627118644,0.17523056653491437,0.30731441048034935,0.308300395256917,Soul Survivor,Young Jeezy & Akon
686,/wiki/Pump_It,2006,2006-2011,89,other,471,90.23852230483271,3.9745222929936306,0.030120481927710843,0.2908704883227176,0.3780332056194125,0.44798301486199577,Pump It,The Black Eyed Peas
687,/wiki/When_I%27m_Gone_(Eminem_song),2006,2006-2011,90,other,919,82.89009569575,3.884657236126224,0.03896103896103896,0.20674646354733406,0.34434897554527427,0.3373231773667029,When I'm Gone,Eminem
688,/wiki/Hung_Up,2006,2006-2011,91,other,489,16.5195543839376,3.623721881390593,0.17763157894736842,0.077709611451942745,0.15701017249004864,0.16155419222903886,Hung Up,Madonna
689,/wiki/Stay_Fly,2006,2006-2011,92,other,882,15.980203081769858,3.5430839002267573,0.1889763779527559,0.21428571428571427,0.37090367428003973,0.3526077097505669,Stay Fly,Three 6 Mafia & Young Buck & 8Ball & MJG
690,/wiki/Love_(Keyshia_Cole_song),2006,2006-2011,93,other,304,28.06420692278433,3.549342105263158,0.16883116883116883,0.13486842105263158,0.28561202576950606,0.2993421052631579,Love,Keyshia Cole
691,/wiki/When_You%27re_Mad,2006,2006-2011,94,other,364,55.67845636690855,3.782967032967033,0.1134020618556701,0.10714285714285714,0.2703788748564868,0.28846153846153844,When You're Mad,Ne-Yo
692,/wiki/Why_You_Wanna,2006,2006-2011,95,other,854,21.693820333721384,3.4555035128805622,0.21115537848605578,0.14754098360655737,0.26134872736814485,0.23185011709601874,Why You Wanna,T.I.
693,/wiki/Stupid_Girls,2006,2006-2011,96,other,530,21.245624103299857,3.8377358490566036,0.11297071129707113,0.12830188679245283,0.2704280155642023,0.25471698113207547,Stupid Girls,Pink
694,/wiki/Feel_Good_Inc.,2006,2006-2011,97,other,521,14.468061658931921,3.5969289827255277,0.18181818181818182,0.15738963531669867,0.2632016632016632,0.2802303262955854,Feel Good Inc.,Gorillaz
695,/wiki/I%27m_Sprung,2006,2006-2011,98,other,512,8.352886754073014,3.25,0.1375,0.1171875,0.25442980463425713,0.224609375,I'm Sprung,T-Pain
696,/wiki/Do_I_Make_You_Proud,2006,2006-2011,99,other,314,33.965927977839335,3.694267515923567,0.18333333333333332,0.1178343949044586,0.24507807196198234,0.24522292993630573,Do I Make You Proud,Taylor Hicks
697,/wiki/For_You_I_Will_(Confidence),2006,2006-2011,100,other,301,30.542647058823533,3.870431893687708,0.09302325581395349,0.1893687707641196,0.3171896316507503,0.34219269102990035,For You I Will (Confidence),Teddy Geiger
698,/wiki/Irreplaceable,2007,2006-2011,1,top20,552,29.6356158749743,3.710144927536232,0.13138686131386862,0.11956521739130435,0.2521871434005325,0.2572463768115942,Irreplaceable,Beyoncé
699,/wiki/Umbrella_(song),2007,2006-2011,2,top20,542,14.455903271692746,3.937269372693727,0.2575107296137339,0.16051660516605165,0.25704747774480713,0.2915129151291513,Umbrella,Rihanna & Jay-Z
700,/wiki/The_Sweet_Escape_(song),2007,2006-2011,3,top20,544,18.153503893214683,3.8511029411764706,0.1762114537444934,0.08272058823529412,0.220666161998486,0.22977941176470587,The Sweet Escape,Gwen Stefani & Akon
701,/wiki/Big_Girls_Don%27t_Cry_(Fergie_song),2007,2006-2011,4,top20,150,44.82044198895028,3.98,0.07692307692307693,0.48,0.5040214477211796,0.66,Big Girls Don't Cry,Fergie
702,/wiki/Buy_U_a_Drank_(Shawty_Snappin%27),2007,2006-2011,5,top20,572,19.8183990442055,3.5664335664335662,0.20392156862745098,0.16958041958041958,0.29337899543379,0.291958041958042,Buy U a Drank (Shawty Snappin'),T-Pain & Yung Joc
703,/wiki/Before_He_Cheats,2007,2006-2011,6,top20,285,64.125,4.23859649122807,0.06666666666666667,0.17192982456140352,0.3096989966555184,0.3719298245614035,Before He Cheats,Carrie Underwood
704,/wiki/Hey_There_Delilah,2007,2006-2011,7,top20,392,20.762489981298422,3.5306122448979593,0.08536585365853659,0.2423469387755102,0.38063063063063063,0.3903061224489796,Hey There Delilah,Plain White T's
705,/wiki/I_Wanna_Love_You_(Akon_song),2007,2006-2011,8,top20,580,25.601858295060673,3.6258620689655174,0.11299435028248588,0.22241379310344828,0.3171983865053172,0.33448275862068966,I Wanna Love You,Akon & Snoop Dogg
706,/wiki/Say_It_Right,2007,2006-2011,9,top20,312,13.29233882678578,3.3653846153846154,0.3625,0.1282051282051282,0.304029304029304,0.2916666666666667,Say It Right,Nelly Furtado
707,/wiki/Glamorous_(Fergie_song),2007,2006-2011,10,top20,559,25.76723091448611,3.9069767441860463,0.12442396313364056,0.21288014311270126,0.3037332366799565,0.35241502683363146,Glamorous,Fergie & Ludacris
708,/wiki/Don%27t_Matter,2007,2006-2011,11,top20,633,14.269756838905774,3.6856240126382307,0.17142857142857143,0.1263823064770932,0.18626155878467635,0.1990521327014218,Don't Matter,Akon
709,/wiki/Girlfriend_(Avril_Lavigne_song),2007,2006-2011,12,top20,597,15.762125669040564,3.4974874371859297,0.49572649572649574,0.05025125628140704,0.21203119197920534,0.17587939698492464,Girlfriend,Avril Lavigne
710,/wiki/Makes_Me_Wonder,2007,2006-2011,13,top20,376,41.77777777777778,3.800531914893617,0.11458333333333333,0.15159574468085107,0.2798898071625344,0.29521276595744683,Makes Me Wonder,Maroon 5
711,/wiki/Party_Like_a_Rockstar,2007,2006-2011,14,top20,670,11.97956577266922,3.571641791044776,0.2214765100671141,0.12686567164179105,0.21600520494469747,0.208955223880597,Party Like a Rockstar,Shop Boyz
712,/wiki/Smack_That,2007,2006-2011,15,top20,726,16.051020408163264,3.765840220385675,0.22727272727272727,0.16115702479338842,0.2480642386005162,0.2644628099173554,Smack That,Akon & Eminem
713,/wiki/This_Is_Why_I%27m_Hot,2007,2006-2011,16,top20,879,13.694993336371871,3.340159271899886,0.265625,0.16496018202502843,0.28211128445137806,0.2525597269624573,This Is Why I'm Hot,Mims
714,/wiki/It%27s_Not_Over_(Daughtry_song),2007,2006-2011,17,top20,288,49.642105263157895,3.71875,0.13043478260869565,0.1388888888888889,0.2841409691629956,0.3229166666666667,It's Not Over,Daughtry
715,/wiki/The_Way_I_Are,2007,2006-2011,18,top20,369,30.965034965034967,3.4010840108401084,0.10576923076923077,0.11924119241192412,0.30679730557256585,0.3089430894308943,The Way I Are,Timbaland & Keri Hilson
716,/wiki/Fergalicious,2007,2006-2011,19,top20,833,15.547238525349552,3.1524609843937577,0.08415841584158416,0.09243697478991597,0.24148874783612234,0.20888355342136855,Fergalicious,Fergie & will.i.am
717,/wiki/Crank_That_(Soulja_Boy),2007,2006-2011,20,top20,336,103.09307906036878,4.029761904761905,0.056179775280898875,0.28869047619047616,0.32089994079336887,0.44047619047619047,Crank That (Soulja Boy),Soulja Boy Tell 'Em
718,/wiki/Give_It_to_Me_(Timbaland_song),2007,2006-2011,21,other,649,27.728154893303902,3.3682588597842833,0.056962025316455694,0.1802773497688752,0.28431372549019607,0.29121725731895226,Give It to Me,Timbaland & Nelly Furtado & Justin Timberlake
719,/wiki/What_Goes_Around..._Comes_Around,2007,2006-2011,22,other,176,46.730594109798204,3.9375,0.08045977011494253,0.4431818181818182,0.49310344827586206,0.5965909090909091,What Goes Around... Comes Around,Justin Timberlake
720,/wiki/Cupid%27s_Chokehold,2007,2006-2011,23,other,585,39.94674376141205,3.9641025641025642,0.11023622047244094,0.3606837606837607,0.44371997254632806,0.5076923076923077,Cupid's Chokehold,Gym Class Heroes & Patrick Stump
721,/wiki/How_to_Save_a_Life_(song),2007,2006-2011,24,other,382,48.67771428571429,3.6596858638743455,0.1,0.16230366492146597,0.26910112359550564,0.3036649214659686,How to Save a Life,The Fray
722,/wiki/Home_(Daughtry_song),2007,2006-2011,25,other,298,41.234135169815005,3.815436241610738,0.14893617021276595,0.12416107382550336,0.26880222841225626,0.30201342281879195,Home,Daughtry
723,/wiki/My_Love_(Justin_Timberlake_song),2007,2006-2011,26,other,729,36.27227440860844,3.6117969821673523,0.16037735849056603,0.15089163237311384,0.2948642266824085,0.28669410150891633,My Love,Justin Timberlake & T.I.
724,/wiki/Stronger_(Kanye_West_song),2007,2006-2011,27,other,911,28.141567494049642,3.7716794731064764,0.1092436974789916,0.09220636663007684,0.20892448512585812,0.20087815587266739,Stronger,Kanye West
725,/wiki/We_Fly_High,2007,2006-2011,28,other,610,74.44825141776937,3.9704918032786884,0.06028368794326241,0.3,0.3880208333333333,0.43278688524590164,We Fly High,Jim Jones
726,/wiki/U_%2B_Ur_Hand,2007,2006-2011,29,other,461,24.75073104386263,3.7483731019522777,0.22784810126582278,0.1648590021691974,0.2780554293502953,0.29718004338394793,U + Ur Hand,Pink
727,/wiki/Walk_It_Out_(Unk_song),2007,2006-2011,30,other,740,9.868421052631579,3.654054054054054,0.45955882352941174,0.13243243243243244,0.18722912453048252,0.19054054054054054,Walk It Out,Unk
728,/wiki/Beautiful_Girls_(Sean_Kingston_song),2007,2006-2011,31,other,384,45.22206158359313,4.130208333333333,0.15625,0.17447916666666666,0.3151515151515151,0.3697916666666667,Beautiful Girls,Sean Kingston
729,"/wiki/This_Ain%27t_a_Scene,_It%27s_an_Arms_Race",2007,2006-2011,32,other,418,14.345392022008253,3.583732057416268,0.09701492537313433,0.20095693779904306,0.2558746736292428,0.2822966507177033,"This Ain't a Scene, It's an Arms Race",Fall Out Boy
730,/wiki/Bartender_(T-Pain_song),2007,2006-2011,33,other,630,34.08180110270311,3.466666666666667,0.05188679245283019,0.11746031746031746,0.3162152655645445,0.2984126984126984,Bartender,T-Pain & Akon
731,"/wiki/Pop,_Lock_%26_Drop_It",2007,2006-2011,34,other,768,24.633110441619515,3.4830729166666665,0.13125,0.16145833333333334,0.3081159420289855,0.2747395833333333,"Pop, Lock & Drop It",Huey
732,/wiki/Runaway_Love_(Ludacris_song),2007,2006-2011,35,other,641,23.386673656750148,4.093603744149766,0.1969111969111969,0.24024960998439937,0.34319707138499084,0.38065522620904835,Runaway Love,Ludacris & Mary J. Blige
733,/wiki/Rockstar_(Nickelback_song),2007,2006-2011,36,other,596,95.31587134805702,4.0134228187919465,0.05241935483870968,0.18959731543624161,0.3179692718770875,0.37080536912751677,Rockstar,Nickelback
734,/wiki/Thnks_fr_th_Mmrs,2007,2006-2011,37,other,363,28.764239064689264,4.0523415977961434,0.13978494623655913,0.17079889807162535,0.27168576104746317,0.3140495867768595,Thnks fr th Mmrs,Fall Out Boy
735,/wiki/What_I%27ve_Done,2007,2006-2011,38,other,187,7.445549242424242,3.5401069518716577,0.64,0.1711229946524064,0.2968197879858657,0.3155080213903743,What I've Done,Linkin Park
736,/wiki/Summer_Love_(Justin_Timberlake_song),2007,2006-2011,39,other,483,31.81298076923077,3.515527950310559,0.168,0.14285714285714285,0.2859744990892532,0.2939958592132505,Summer Love,Justin Timberlake
737,/wiki/You_(Lloyd_song),2007,2006-2011,40,other,688,31.022386153351032,3.51453488372093,0.14601769911504425,0.18313953488372092,0.35154241645244216,0.31976744186046513,You,Lloyd & Lil Wayne
738,/wiki/Wait_for_You_(Elliott_Yamin_song),2007,2006-2011,41,other,477,56.82054572737324,3.389937106918239,0.12222222222222222,0.129979035639413,0.31092036242250837,0.2976939203354298,Wait for You,Elliott Yamin
739,/wiki/Last_Night_(Diddy_song),2007,2006-2011,42,other,774,34.187867121765365,3.7196382428940566,0.14418604651162792,0.08914728682170543,0.2660098522167488,0.22868217054263565,Last Night,Diddy & Keyshia Cole
740,/wiki/Make_It_Rain_(Fat_Joe_song),2007,2006-2011,43,other,757,21.24697347773138,3.4583883751651254,0.21352313167259787,0.16776750330250992,0.2517709563164109,0.2509907529722589,Make It Rain,Fat Joe & Lil Wayne
741,/wiki/Make_Me_Better,2007,2006-2011,44,other,726,13.930921052631579,3.65702479338843,0.2553191489361702,0.18044077134986225,0.2607153414129471,0.2727272727272727,Make Me Better,Fabolous & Ne-Yo
742,/wiki/Ice_Box_(song),2007,2006-2011,45,other,735,17.50253785812931,3.453061224489796,0.23232323232323232,0.05714285714285714,0.204448507007922,0.1564625850340136,Ice Box,Omarion
743,/wiki/Lips_of_an_Angel,2007,2006-2011,46,other,283,84.55177657956588,3.6819787985865724,0.07608695652173914,0.11307420494699646,0.27790262172284647,0.3321554770318021,Lips of an Angel,Hinder
744,/wiki/Waiting_on_the_World_to_Change,2007,2006-2011,47,other,286,21.37214611872146,4.164335664335664,0.36,0.2517482517482518,0.3021680216802168,0.36013986013986016,Waiting on the World to Change,John Mayer
745,/wiki/Lost_Without_U,2007,2006-2011,48,other,369,24.002816523605148,3.6395663956639566,0.18446601941747573,0.1002710027100271,0.2527729130180969,0.23577235772357724,Lost Without U,Robin Thicke
746,/wiki/I%27m_a_Flirt,2007,2006-2011,49,other,964,46.383605283605284,3.569502074688797,0.06070287539936102,0.19294605809128632,0.3968361581920904,0.32468879668049794,I'm a Flirt,R. Kelly & T.I. & T-Pain
747,/wiki/If_Everyone_Cared,2007,2006-2011,50,other,291,19.295140328569715,4.206185567010309,0.09803921568627451,0.15120274914089346,0.2285336856010568,0.26804123711340205,If Everyone Cared,Nickelback
748,/wiki/Get_It_Shawty,2007,2006-2011,51,other,393,29.568766267568975,3.623409669211196,0.125,0.14249363867684478,0.30599889928453494,0.30788804071246817,Get It Shawty,Lloyd
749,/wiki/Face_Down_(The_Red_Jumpsuit_Apparatus_song),2007,2006-2011,52,other,350,63.2475058685446,3.8057142857142856,0.08791208791208792,0.14857142857142858,0.2657550535077289,0.31142857142857144,Face Down,The Red Jumpsuit Apparatus
750,/wiki/The_Way_I_Live,2007,2006-2011,53,other,960,16.16908150302852,3.283333333333333,0.0881542699724518,0.17395833333333333,0.27779129165653127,0.2635416666666667,The Way I Live,Baby Boy da Prince
751,/wiki/Shortie_Like_Mine,2007,2006-2011,54,other,1054,57.85097975015404,3.72011385199241,0.08668730650154799,0.11195445920303605,0.2664664664664665,0.22770398481973433,Shortie Like Mine,Bow Wow & Chris Brown & Johntá Austin
752,/wiki/It_Ends_Tonight,2007,2006-2011,55,other,257,43.672336769759454,4.249027237354086,0.20833333333333334,0.13618677042801555,0.28635014836795253,0.3463035019455253,It Ends Tonight,The All-American Rejects
753,/wiki/A_Bay_Bay,2007,2006-2011,56,other,862,18.149379432624112,3.4443155452436196,0.30945558739255014,0.16241299303944315,0.2862704386192577,0.2679814385150812,A Bay Bay,Hurricane Chris
754,/wiki/Because_of_You_(Ne-Yo_song),2007,2006-2011,57,other,484,15.976190476190474,3.5268595041322315,0.23809523809523808,0.08677685950413223,0.24521422060164083,0.2190082644628099,Because of You,Ne-Yo
755,/wiki/I_Tried_(Bone_Thugs-n-Harmony_song),2007,2006-2011,58,other,740,70.1089146202452,3.7824324324324325,0.0861244019138756,0.1864864864864865,0.3129536571747627,0.31351351351351353,I Tried,Bone Thugs-n-Harmony & Akon
756,/wiki/Welcome_To_The_Black_Parade,2007,2006-2011,59,other,488,43.98136094674556,3.8114754098360657,0.13533834586466165,0.16598360655737704,0.3113287904599659,0.3360655737704918,Welcome To The Black Parade,My Chemical Romance
757,/wiki/Shawty_(Plies_song),2007,2006-2011,60,other,779,12.716476353601674,3.3697047496790757,0.08108108108108109,0.12836970474967907,0.311718522826403,0.2644415917843389,Shawty,Plies & T-Pain
758,/wiki/Chasing_Cars,2007,2006-2011,61,other,204,60.08369098712447,3.6470588235294117,0.18604651162790697,0.2549019607843137,0.36,0.45098039215686275,Chasing Cars,Snow Patrol
759,/wiki/Beautiful_Liar,2007,2006-2011,62,other,332,31.213675213675213,3.7198795180722892,0.1206896551724138,0.19879518072289157,0.3360969387755102,0.35843373493975905,Beautiful Liar,Beyoncé & Shakira
760,/wiki/SexyBack,2007,2006-2011,63,other,679,20.3294695500903,3.362297496318115,0.26229508196721313,0.035346097201767304,0.16600397614314116,0.14727540500736377,SexyBack,Justin Timberlake & Timbaland
761,/wiki/Keep_Holding_On,2007,2006-2011,64,other,398,14.664734011966171,3.957286432160804,0.1917808219178082,0.09547738693467336,0.20433905146316853,0.22613065326633167,Keep Holding On,Avril Lavigne
762,/wiki/Let_It_Go_(Keyshia_Cole_song),2007,2006-2011,65,other,885,28.48628191158157,3.5050847457627117,0.08225108225108226,0.12994350282485875,0.2955566650024963,0.2519774011299435,Let It Go,Keyshia Cole & Missy Elliott & Lil' Kim
763,/wiki/Apologize_(OneRepublic_song),2007,2006-2011,66,other,200,20.781990521327018,3.705,0.2807017543859649,0.19,0.3404255319148936,0.365,Apologize,OneRepublic
764,/wiki/Bubbly,2007,2006-2011,67,other,304,32.37612075814323,3.6447368421052633,0.13402061855670103,0.19407894736842105,0.32863187588152326,0.34868421052631576,Bubbly,Colbie Caillat
765,/wiki/Like_a_Boy,2007,2006-2011,68,other,598,33.841039435618946,3.682274247491639,0.13690476190476192,0.11036789297658862,0.259772565742715,0.25585284280936454,Like a Boy,Ciara
766,/wiki/Who_Knew,2007,2006-2011,69,other,243,41.86544794864639,3.9300411522633745,0.09090909090909091,0.18930041152263374,0.3896752706078268,0.41975308641975306,Who Knew,Pink
767,/wiki/Never_Again_(Kelly_Clarkson_song),2007,2006-2011,70,other,395,24.138888888888886,3.6962025316455698,0.08823529411764706,0.1468354430379747,0.28140161725067386,0.29873417721518986,Never Again,Kelly Clarkson
768,/wiki/Promise_(Ciara_song),2007,2006-2011,71,other,538,25.096636370698363,3.507434944237918,0.07894736842105263,0.10966542750929369,0.27627257799671595,0.23977695167286245,Promise,Ciara
769,/wiki/Bed_(J._Holiday_song),2007,2006-2011,72,other,624,11.065913370998118,3.5721153846153846,0.1510791366906475,0.11538461538461539,0.2551411641686999,0.24519230769230768,Bed,J. Holiday
770,/wiki/Throw_Some_D%27s,2007,2006-2011,73,other,704,38.64431589827875,4.063920454545454,0.10899182561307902,0.20738636363636365,0.26528902541189614,0.31107954545454547,Throw Some D's,Rich Boy & Polow da Don
771,/wiki/Rehab_(Amy_Winehouse_song),2007,2006-2011,74,other,313,43.601684952978054,3.4440894568690097,0.12962962962962962,0.19169329073482427,0.29690869877785764,0.33865814696485624,Rehab,Amy Winehouse
772,/wiki/Big_Shit_Poppin%27_(Do_It),2007,2006-2011,75,other,992,21.42747328430828,3.5735887096774195,0.10367892976588629,0.1622983870967742,0.27675675675675676,0.25100806451612906,Big Shit Poppin' (Do It),T.I.
773,/wiki/No_One_(Alicia_Keys_song),2007,2006-2011,76,other,318,9.407012402889464,3.3238993710691824,0.10869565217391304,0.11320754716981132,0.2536231884057971,0.25157232704402516,No One,Alicia Keys
774,/wiki/The_Great_Escape_(Boys_Like_Girls_song),2007,2006-2011,77,other,252,66.64638424177011,4.111111111111111,0.06329113924050633,0.24603174603174602,0.30364058869093724,0.3968253968253968,The Great Escape,Boys Like Girls
775,/wiki/2_Step_(song),2007,2006-2011,78,other,708,11.786193205721498,3.34180790960452,0.2467948717948718,0.10028248587570622,0.21377978106889892,0.1864406779661017,2 Step,Unk
776,/wiki/Walk_Away_(Remember_Me),2007,2006-2011,79,other,740,25.517241379310345,3.862162162162162,0.15702479338842976,0.1445945945945946,0.28539761706844,0.2554054054054054,Walk Away (Remember Me),Paula DeAnda & The D.E.Y.
777,/wiki/Go_Getta,2007,2006-2011,80,other,646,39.952885268160216,3.515479876160991,0.11583011583011583,0.20278637770897834,0.3329907502569373,0.3219814241486068,Go Getta,Young Jeezy & R. Kelly
778,/wiki/Here_(In_Your_Arms),2007,2006-2011,81,other,249,24.9,3.7389558232931726,0.12698412698412698,0.012048192771084338,0.19813717188823032,0.19678714859437751,Here (In Your Arms),Hellogoodbye
779,/wiki/On_the_Hotline,2007,2006-2011,82,other,659,15.131836945304437,3.811836115326252,0.13707165109034267,0.165402124430956,0.27147766323024053,0.2731411229135053,On the Hotline,Pretty Ricky
780,/wiki/Wind_It_Up_(Gwen_Stefani_song),2007,2006-2011,83,other,487,11.808450281875974,3.3326488706365502,0.3744075829383886,0.17659137577002054,0.3390151515151515,0.31006160164271046,Wind It Up,Gwen Stefani
781,/wiki/Cyclone_(song),2007,2006-2011,84,other,594,26.02285714285714,3.9124579124579126,0.10638297872340426,0.1750841750841751,0.2412025965152033,0.265993265993266,Cyclone,Baby Bash & T-Pain
782,/wiki/Break_It_Off,2007,2006-2011,85,other,729,41.51226207164794,3.429355281207133,0.08125,0.1440329218106996,0.30384024577572966,0.2716049382716049,Break It Off,Rihanna & Sean Paul
783,/wiki/First_Time_(Lifehouse_song),2007,2006-2011,86,other,289,34.38487475915221,4,0.16666666666666666,0.10034602076124567,0.2458448753462604,0.28027681660899656,First Time,Lifehouse
784,/wiki/Ayo_Technology,2007,2006-2011,87,other,726,26.48870650326505,3.713498622589532,0.03980099502487562,0.13911845730027547,0.29985443959243085,0.27823691460055094,Ayo Technology,50 Cent & Justin Timberlake & Timbaland
785,/wiki/Outta_My_System,2007,2006-2011,88,other,778,44.49346405228758,3.641388174807198,0.04519774011299435,0.13881748071979436,0.314333148865523,0.27249357326478146,Outta My System,Bow Wow & T-Pain & Johntá Austin
786,/wiki/Teardrops_on_My_Guitar,2007,2006-2011,89,other,288,80.51537702860216,3.7395833333333335,0.06349206349206349,0.2708333333333333,0.38568298027757486,0.4548611111111111,Teardrops on My Guitar,Taylor Swift
787,/wiki/Shut_Up_and_Drive_(Rihanna_song),2007,2006-2011,90,other,475,13.589071608373079,3.741052631578947,0.24561403508771928,0.10105263157894737,0.22723253757736517,0.24,Shut Up and Drive,Rihanna
788,/wiki/Snow_(Hey_Oh),2007,2006-2011,91,other,508,30.124642289348174,3.641732283464567,0.10638297872340426,0.07677165354330709,0.25583368689011454,0.24803149606299213,Snow (Hey Oh),Red Hot Chili Peppers
789,/wiki/Money_Maker,2007,2006-2011,92,other,737,40.53413563032656,3.7639077340569878,0.09195402298850575,0.18181818181818182,0.29470387243735763,0.2930800542740841,Money Maker,Ludacris & Pharrell
790,/wiki/Kiss_Kiss_(Chris_Brown_song),2007,2006-2011,93,other,816,27.474747474747474,3.713235294117647,0.08767123287671233,0.11519607843137254,0.26383859286083805,0.2267156862745098,Kiss Kiss,Chris Brown & T-Pain
791,/wiki/Far_Away_(Nickelback_song),2007,2006-2011,94,other,291,16.95700225879316,3.611683848797251,0.125,0.12027491408934708,0.29101707498144025,0.2920962199312715,Far Away,Nickelback
792,/wiki/Rock_Yo_Hips,2007,2006-2011,95,other,720,30.380774032459424,3.65,0.11349693251533742,0.24027777777777778,0.3492252681764005,0.35138888888888886,Rock Yo Hips,Crime Mob & Lil' Scrappy
793,/wiki/LoveStoned,2007,2006-2011,96,other,561,28.05,3.8270944741532977,0.06918238993710692,0.12477718360071301,0.2261029411764706,0.23172905525846701,LoveStoned,Justin Timberlake
794,/wiki/Better_Than_Me_(Hinder_song),2007,2006-2011,97,other,311,44.42857142857143,3.733118971061093,0.11666666666666667,0.18006430868167203,0.27396329027872196,0.3215434083601286,Better than Me,Hinder
795,/wiki/Paralyzer,2007,2006-2011,98,other,308,50.55902290076336,3.8766233766233764,0.15625,0.13636363636363635,0.26582278481012656,0.30844155844155846,Paralyzer,Finger Eleven
796,/wiki/That%27s_That,2007,2006-2011,99,other,716,51.171111206003864,3.8435754189944134,0.07942238267148015,0.17597765363128492,0.3049199084668192,0.31424581005586594,That's That,Snoop Dogg & R. Kelly
797,/wiki/Same_Girl_(R._Kelly_and_Usher_song),2007,2006-2011,100,other,704,35.51407799074686,3.703125,0.16037735849056603,0.1875,0.3746987951807229,0.3210227272727273,Same Girl,R. Kelly & Usher
798,/wiki/Low_(Flo_Rida_song),2008,2006-2011,1,top20,715,20.338541666666664,3.718881118881119,0.21172638436482086,0.17622377622377622,0.2855884942764896,0.2923076923076923,Low,Flo Rida & T-Pain
799,/wiki/Bleeding_Love,2008,2006-2011,2,top20,394,24.45020584894946,3.9568527918781724,0.13953488372093023,0.16243654822335024,0.2826086956521739,0.30456852791878175,Bleeding Love,Leona Lewis
800,/wiki/No_One_(Alicia_Keys_song),2008,2006-2011,3,top20,318,9.407012402889464,3.3238993710691824,0.10869565217391304,0.11320754716981132,0.2536231884057971,0.25157232704402516,No One,Alicia Keys
801,/wiki/Lollipop_(Lil_Wayne_song),2008,2006-2011,4,top20,923,18.78116562946284,3.551462621885157,0.11794871794871795,0.05850487540628386,0.2207175100974103,0.16034669555796316,Lollipop,Lil Wayne & Static Major
802,/wiki/Apologize_(OneRepublic_song),2008,2006-2011,5,top20,200,20.781990521327018,3.705,0.2807017543859649,0.19,0.3404255319148936,0.365,Apologize,OneRepublic
803,/wiki/No_Air,2008,2006-2011,6,top20,597,11.959134615384615,3.472361809045226,0.38333333333333336,0.07705192629815745,0.2267463578632798,0.1708542713567839,No Air,Jordin Sparks & Chris Brown
804,/wiki/Love_Song_(Sara_Bareilles_song),2008,2006-2011,7,top20,435,38.0922131147541,3.613793103448276,0.13274336283185842,0.15862068965517243,0.3038099950519545,0.296551724137931,Love Song,Sara Bareilles
805,/wiki/Love_in_This_Club,2008,2006-2011,8,top20,573,23.50478521218433,3.6108202443280977,0.19337016574585636,0.19197207678883071,0.3373676248108926,0.32111692844677137,Love in This Club,Usher & Young Jeezy
806,/wiki/With_You_(Chris_Brown_song),2008,2006-2011,9,top20,633,15.07997731140102,3.593996840442338,0.08571428571428572,0.08372827804107424,0.24399450926561428,0.20853080568720378,With You,Chris Brown
807,/wiki/Forever_(Chris_Brown_song),2008,2006-2011,10,top20,485,14.775840770756394,3.6845360824742266,0.10778443113772455,0.1463917525773196,0.30610452349582784,0.28865979381443296,Forever,Chris Brown
808,/wiki/Sexy_Can_I,2008,2006-2011,11,top20,716,43.89586369895832,3.3324022346368714,0.10460251046025104,0.13128491620111732,0.28346203346203347,0.25139664804469275,Sexy Can I,Ray J & Yung Berg
809,/wiki/Take_a_Bow_(Rihanna_song),2008,2006-2011,12,top20,308,44.91666666666667,3.7824675324675323,0.14285714285714285,0.14935064935064934,0.31347325660121866,0.34415584415584416,Take a Bow,Rihanna
810,/wiki/Viva_la_Vida_(song),2008,2006-2011,13,top20,355,13.443197755960728,3.6619718309859155,0.09022556390977443,0.2084507042253521,0.3289156626506024,0.36056338028169016,Viva la Vida,Coldplay
811,/wiki/I_Kissed_a_Girl,2008,2006-2011,14,top20,264,36.46645995613703,3.632575757575758,0.1125,0.21212121212121213,0.3158756137479542,0.3560606060606061,I Kissed a Girl,Katy Perry
812,/wiki/Whatever_You_Like_(T.I._song),2008,2006-2011,15,top20,610,34.554913294797686,3.6459016393442623,0.09195402298850575,0.1,0.2328767123287671,0.22950819672131148,Whatever You Like,T.I.
813,/wiki/Disturbia_(song),2008,2006-2011,16,top20,596,14.380232558139536,3.6241610738255035,0.2857142857142857,0.07550335570469799,0.2416907514450867,0.22651006711409397,Disturbia,Rihanna
814,/wiki/Don%27t_Stop_the_Music_(Rihanna_song),2008,2006-2011,17,top20,772,14.431167016072676,3.5246113989637307,0.14,0.06865284974093264,0.15450399087799316,0.15155440414507773,Don't Stop the Music,Rihanna
815,/wiki/Pocketful_of_Sunshine_(song),2008,2006-2011,18,top20,536,11.144562646385836,3.5391791044776117,0.0967741935483871,0.04664179104477612,0.1747532894736842,0.15858208955223882,Pocketful of Sunshine,Natasha Bedingfield
816,/wiki/Kiss_Kiss_(Chris_Brown_song),2008,2006-2011,19,top20,816,27.474747474747474,3.713235294117647,0.08767123287671233,0.11519607843137254,0.26383859286083805,0.2267156862745098,Kiss Kiss,Chris Brown & T-Pain
817,/wiki/Closer_(Ne-Yo_song),2008,2006-2011,20,top20,416,10.366627081385655,3.6009615384615383,0.4117647058823529,0.08413461538461539,0.19592476489028213,0.18028846153846154,Closer,Ne-Yo
818,/wiki/Bubbly,2008,2006-2011,21,other,304,32.37612075814323,3.6447368421052633,0.13402061855670103,0.19407894736842105,0.32863187588152326,0.34868421052631576,Bubbly,Colbie Caillat
819,/wiki/Touch_My_Body_(Mariah_Carey_song),2008,2006-2011,22,other,621,20.146849371241117,3.5619967793880836,0.107981220657277,0.0821256038647343,0.25528169014084506,0.23349436392914655,Touch My Body,Mariah Carey
820,/wiki/4_Minutes,2008,2006-2011,23,other,586,22.53846153846154,3.660409556313993,0.1085972850678733,0.07679180887372014,0.22299523983888686,0.2167235494880546,4 Minutes,Madonna & Justin Timberlake & Timbaland
821,/wiki/So_What_(Pink_song),2008,2006-2011,24,other,478,13.004411764705882,3.3702928870292888,0.28125,0.12343096234309624,0.23242467718794835,0.23221757322175732,So What,Pink
822,/wiki/Paralyzer,2008,2006-2011,25,other,308,50.55902290076336,3.8766233766233764,0.15625,0.13636363636363635,0.26582278481012656,0.30844155844155846,Paralyzer,Finger Eleven
823,/wiki/Clumsy_(Fergie_song),2008,2006-2011,26,other,507,16.663254310344826,3.6528599605522682,0.2569444444444444,0.10059171597633136,0.2034109816971714,0.1932938856015779,Clumsy,Fergie
824,/wiki/I%27m_Yours_(Jason_Mraz_song),2008,2006-2011,27,other,348,35.234693260803866,3.82183908045977,0.07777777777777778,0.2614942528735632,0.38974970202622167,0.4367816091954023,I'm Yours,Jason Mraz
825,/wiki/Leavin%27_(Jesse_McCartney_song),2008,2006-2011,28,other,569,12.237974098057354,3.4165202108963095,0.14285714285714285,0.056239015817223195,0.215234375,0.2038664323374341,Leavin',Jesse McCartney
826,/wiki/Dangerous_(Kardinal_Offishall_song),2008,2006-2011,29,other,574,44.29785330948121,3.9041811846689893,0.1650943396226415,0.23170731707317074,0.2925026399155227,0.3397212543554007,Dangerous,Kardinal Offishall & Akon
827,/wiki/Tattoo_(Jordin_Sparks_song),2008,2006-2011,30,other,460,56.18055555555556,3.917391304347826,0.0625,0.11304347826086956,0.2497793468667255,0.2782608695652174,Tattoo,Jordin Sparks
828,/wiki/See_You_Again_(Miley_Cyrus_song),2008,2006-2011,31,other,369,47.354036050156736,3.7398373983739837,0.08823529411764706,0.0975609756097561,0.26067159931701767,0.2791327913279133,See You Again,Miley Cyrus
829,/wiki/Shake_It_(Metro_Station_song),2008,2006-2011,32,other,426,9.418711694809257,3.671361502347418,0.6423841059602649,0.09389671361502347,0.20512820512820512,0.21830985915492956,Shake It,Metro Station
830,/wiki/Stop_and_Stare,2008,2006-2011,33,other,250,88.89854352863291,3.892,0.08333333333333333,0.24,0.3597710547833197,0.448,Stop and Stare,OneRepublic
831,/wiki/Take_You_There_(Sean_Kingston_song),2008,2006-2011,34,other,594,15.368133633778191,3.5723905723905722,0.14166666666666666,0.08417508417508418,0.21502209131075112,0.19696969696969696,Take You There,Sean Kingston
832,/wiki/Paper_Planes_(M.I.A._song),2008,2006-2011,35,other,423,26.373802667920316,3.58628841607565,0.09448818897637795,0.037825059101654845,0.23934257832562916,0.26713947990543735,Paper Planes,M.I.A.
833,/wiki/Hot_n_Cold,2008,2006-2011,36,other,388,13.518792866941014,4.041237113402062,0.08235294117647059,0.10309278350515463,0.21326530612244898,0.23969072164948454,Hot n Cold,Katy Perry
834,/wiki/Live_Your_Life_(T.I._song),2008,2006-2011,37,other,981,24.574984882080223,3.811416921508665,0.11337868480725624,0.1906218144750255,0.31427973199329984,0.30275229357798167,Live Your Life,T.I. & Rihanna
835,/wiki/Bust_It_Baby,2008,2006-2011,38,other,591,56.413636363636364,3.6125211505922166,0.07738095238095238,0.2131979695431472,0.33150984682713347,0.350253807106599,Bust It Baby (Part 2),Plies & Ne-Yo
836,/wiki/American_Boy,2008,2006-2011,39,other,692,26.055497478221,3.63728323699422,0.13909774436090225,0.22687861271676302,0.3456292622442653,0.34971098265895956,American Boy,Estelle & Kanye West
837,/wiki/Got_Money,2008,2006-2011,40,other,725,29.437160773594996,3.4910344827586206,0.10505836575875487,0.16689655172413792,0.30627871362940273,0.29517241379310344,Got Money,Lil Wayne & T-Pain
838,/wiki/Our_Song_(Taylor_Swift_song),2008,2006-2011,41,other,375,93.96020179372198,3.7093333333333334,0.06870229007633588,0.168,0.32492997198879553,0.37066666666666664,Our Song,Taylor Swift
839,/wiki/Damaged_(Danity_Kane_song),2008,2006-2011,42,other,613,14.601766454608166,3.66884176182708,0.24878048780487805,0.08482871125611746,0.23229856993372863,0.200652528548124,Damaged,Danity Kane
840,/wiki/A_Milli,2008,2006-2011,43,other,567,44.81032665964173,3.8959435626102294,0.044642857142857144,0.3298059964726631,0.4368758915834522,0.47442680776014107,A Milli,Lil Wayne
841,/wiki/Sorry_(Buckcherry_song),2008,2006-2011,44,other,274,37.29624918483083,3.565693430656934,0.11320754716981132,0.10218978102189781,0.2827476038338658,0.3029197080291971,Sorry,Buckcherry
842,/wiki/Independent_(song),2008,2006-2011,45,other,772,32.985454545454544,3.332901554404145,0.07547169811320754,0.17746113989637305,0.3201793721973094,0.30310880829015546,Independent,Webbie & Lil Boosie & Lil Phat
843,/wiki/Can%27t_Believe_It_(T-Pain_song),2008,2006-2011,46,other,604,27.101114127890646,3.6754966887417218,0.1320754716981132,0.16887417218543047,0.3038243626062323,0.3029801324503311,Can't Believe It,T-Pain & Lil Wayne
844,/wiki/Like_You%27ll_Never_See_Me_Again,2008,2006-2011,47,other,388,15.400586223742062,3.7036082474226806,0.25,0.08505154639175258,0.2579408543263965,0.24484536082474226,Like You'll Never See Me Again,Alicia Keys
845,/wiki/Teardrops_on_My_Guitar,2008,2006-2011,48,other,288,80.51537702860216,3.7395833333333335,0.06349206349206349,0.2708333333333333,0.38568298027757486,0.4548611111111111,Teardrops on My Guitar,Taylor Swift
846,/wiki/When_I_Grow_Up_(Pussycat_Dolls_song),2008,2006-2011,49,other,764,24.43590098400984,3.4554973821989527,0.12093023255813953,0.04319371727748691,0.1873536299765808,0.1649214659685864,When I Grow Up,Pussycat Dolls
847,/wiki/Sexual_Eruption,2008,2006-2011,50,other,382,28.665329052969504,3.850785340314136,0.12345679012345678,0.23298429319371727,0.3511777301927195,0.4005235602094241,Sexual Eruption,Snoop Dogg
848,/wiki/What_You_Got_(Colby_O%27Donis_song),2008,2006-2011,51,other,691,21.793482699238375,3.781476121562952,0.09473684210526316,0.11143270622286541,0.24017991004497752,0.24312590448625182,What You Got,Colby O'Donis & Akon
849,/wiki/It%27s_Not_My_Time,2008,2006-2011,52,other,331,38.331633666968195,3.6132930513595167,0.15384615384615385,0.1510574018126888,0.3026143790849673,0.2990936555891239,It's Not My Time,3 Doors Down
850,/wiki/Better_in_Time,2008,2006-2011,53,other,404,42.53457653457653,3.7004950495049505,0.21951219512195122,0.1485148514851485,0.29637414608512874,0.297029702970297,Better in Time,Leona Lewis
851,/wiki/Crank_That_(Soulja_Boy),2008,2006-2011,54,other,336,103.09307906036878,4.029761904761905,0.056179775280898875,0.28869047619047616,0.32089994079336887,0.44047619047619047,Crank That (Soulja Boy),Soulja Boy Tell 'Em
852,/wiki/Shadow_of_the_Day,2008,2006-2011,55,other,153,22.167907921462422,3.8627450980392157,0.1509433962264151,0.09803921568627451,0.25841184387617766,0.27450980392156865,Shadow of the Day,Linkin Park
853,/wiki/Sweetest_Girl_(Dollar_Bill),2008,2006-2011,56,other,717,21.8073732718894,4.080892608089261,0.1484848484848485,0.16317991631799164,0.27022609643149004,0.28451882845188287,Sweetest Girl (Dollar Bill),Wyclef Jean & Akon & Lil Wayne & Niia
854,/wiki/Miss_Independent_(Ne-Yo_song),2008,2006-2011,57,other,435,17.4,3.928735632183908,0.09565217391304348,0.13793103448275862,0.2783985102420857,0.2689655172413793,Miss Independent,Ne-Yo
855,/wiki/Fall_for_You_(Secondhand_Serenade_song),2008,2006-2011,58,other,282,59.01258994331674,3.921985815602837,0.0945945945945946,0.16312056737588654,0.2778977681785457,0.33687943262411346,Fall for You,Secondhand Serenade
856,/wiki/In_the_Ayer,2008,2006-2011,59,other,576,26.265921787709495,3.5434027777777777,0.13503649635036497,0.17881944444444445,0.306848278471434,0.3072916666666667,In the Ayer,Flo Rida & will.i.am
857,/wiki/Say_(John_Mayer_song),2008,2006-2011,60,other,350,9.265784082682563,3.4371428571428573,0.07407407407407407,0.15714285714285714,0.2034771410173857,0.22285714285714286,Say,John Mayer
858,/wiki/One_Step_at_a_Time_(Jordin_Sparks_song),2008,2006-2011,61,other,439,29.636492437296575,3.9567198177676537,0.08264462809917356,0.07061503416856492,0.24093620927030748,0.255125284738041,One Step at a Time,Jordin Sparks
859,/wiki/Hate_That_I_Love_You,2008,2006-2011,62,other,445,17.94119720353953,3.310112359550562,0.14545454545454545,0.12808988764044943,0.30568596765779865,0.24269662921348314,Hate That I Love You,Rihanna
860,/wiki/Superstar_(Lupe_Fiasco_song),2008,2006-2011,63,other,661,35.95542524790237,3.8350983358547657,0.11822660098522167,0.25416036308623297,0.372463315641586,0.3767019667170953,Superstar,Lupe Fiasco & Matthew Santos
861,/wiki/Suffocate_(J._Holiday_song),2008,2006-2011,64,other,456,32.57142857142857,3.6842105263157894,0.14655172413793102,0.15350877192982457,0.27323162274618584,0.27850877192982454,Suffocate,J. Holiday
862,/wiki/Let_It_Rock_(Kevin_Rudolf_song),2008,2006-2011,65,other,449,32.04051014259892,3.6570155902004453,0.17333333333333334,0.24053452115812918,0.335243553008596,0.3674832962138085,Let It Rock,Kevin Rudolf & Lil Wayne
863,/wiki/Get_Like_Me_(David_Banner_song),2008,2006-2011,66,other,828,35.31730498855619,3.7983091787439616,0.13225806451612904,0.21014492753623187,0.2958374628344896,0.31280193236714976,Get Like Me,David Banner & Chris Brown & Yung Joc
864,/wiki/Realize_(Colbie_Caillat_song),2008,2006-2011,67,other,283,19.54047619047619,3.8551236749116606,0.2857142857142857,0.06713780918727916,0.22651128914785143,0.24028268551236748,Realize,Colbie Caillat
865,/wiki/Put_On,2008,2006-2011,68,other,767,18.069567627494457,3.555410691003911,0.1598173515981735,0.1760104302477184,0.30753854940034264,0.2894393741851369,Put On,Young Jeezy & Kanye West
866,/wiki/The_Time_of_My_Life_(David_Cook_song),2008,2006-2011,69,other,305,26.884389671361504,3.4327868852459016,0.2235294117647059,0.20327868852459016,0.30412371134020616,0.32459016393442625,The Time of My Life,David Cook
867,/wiki/Lolli_Lolli_(Pop_That_Body),2008,2006-2011,70,other,606,19.705297227316862,3.9174917491749173,0.21316614420062696,0.19801980198019803,0.30653769179452967,0.33003300330033003,Lolli Lolli (Pop That Body),Three 6 Mafia
868,/wiki/Cyclone_(song),2008,2006-2011,71,other,594,26.02285714285714,3.9124579124579126,0.10638297872340426,0.1750841750841751,0.2412025965152033,0.265993265993266,Cyclone,Baby Bash & T-Pain
869,/wiki/Love_Like_This_(Natasha_Bedingfield_song),2008,2006-2011,72,other,704,23.08817204301075,3.4545454545454546,0.19310344827586207,0.09375,0.2587635436583811,0.21875,Love Like This,Natasha Bedingfield & Sean Kingston
870,/wiki/Burnin%27_Up_(Jonas_Brothers_song),2008,2006-2011,73,other,290,51.38970588235294,3.9551724137931035,0.14772727272727273,0.22758620689655173,0.30605226960110044,0.3793103448275862,Burnin' Up,Jonas Brothers
871,/wiki/Love_Lockdown,2008,2006-2011,74,other,397,20.518233119283906,3.8236775818639797,0.20168067226890757,0.1889168765743073,0.3,0.30982367758186397,Love Lockdown,Kanye West
872,/wiki/I_Luv_Your_Girl,2008,2006-2011,75,other,651,31,3.4301075268817205,0.09401709401709402,0.11827956989247312,0.2800414364640884,0.261136712749616,I Luv Your Girl,The-Dream
873,/wiki/Crush_(David_Archuleta_song),2008,2006-2011,76,other,505,25.037544172403546,3.8,0.3157894736842105,0.06930693069306931,0.2229922543823889,0.2198019801980198,Crush,David Archuleta
874,/wiki/Hypnotized_(Plies_song),2008,2006-2011,77,other,530,41.2569809863579,3.6622641509433964,0.06629834254143646,0.17547169811320754,0.278876582278481,0.29245283018867924,Hypnotized,Plies & Akon
875,/wiki/Big_Girls_Don%27t_Cry_(Fergie_song),2008,2006-2011,78,other,150,44.82044198895028,3.98,0.07692307692307693,0.48,0.5040214477211796,0.66,Big Girls Don't Cry,Fergie
876,/wiki/Good_Life_(Kanye_West_song),2008,2006-2011,79,other,623,29.60684460017996,3.452648475120385,0.1111111111111111,0.1797752808988764,0.32988218493395216,0.3162118780096308,Good Life,Kanye West & T-Pain
877,/wiki/Womanizer_(song),2008,2006-2011,80,other,604,13.867462641736127,3.7350993377483444,0.3333333333333333,0.11092715231788079,0.20243478260869566,0.19205298013245034,Womanizer,Britney Spears
878,/wiki/Love_Story_(Taylor_Swift_song),2008,2006-2011,81,other,378,78.11461424332344,3.7142857142857144,0.06315789473684211,0.20105820105820105,0.38801791713325867,0.3915343915343915,Love Story,Taylor Swift
879,/wiki/Just_Fine,2008,2006-2011,82,other,608,15.668102987193588,3.736842105263158,0.3548387096774194,0.09539473684210527,0.2571032571032571,0.24342105263157895,Just Fine,Mary J. Blige
880,/wiki/Piece_of_Me_(Britney_Spears_song),2008,2006-2011,83,other,485,26.514283007248093,3.556701030927835,0.21481481481481482,0.1134020618556701,0.23685393258426965,0.2329896907216495,Piece of Me,Britney Spears
881,/wiki/The_Boss_(Rick_Ross_song),2008,2006-2011,84,other,725,19.092169092169094,3.717241379310345,0.15087719298245614,0.16551724137931034,0.27983777520278097,0.28551724137931034,The Boss,Rick Ross & T-Pain
882,/wiki/All_Summer_Long_(Kid_Rock_song),2008,2006-2011,85,other,383,35.740714840714844,4.5013054830287205,0.07428571428571429,0.20887728459530025,0.26492890995260665,0.34986945169712796,All Summer Long,Kid Rock
883,/wiki/Can%27t_Help_but_Wait,2008,2006-2011,86,other,466,30.09583333333333,3.2317596566523603,0.19801980198019803,0.13948497854077252,0.2665995975855131,0.2553648068669528,Can't Help but Wait,Trey Songz
884,/wiki/In_Love_with_a_Girl,2008,2006-2011,87,other,434,41.7792664124745,3.847926267281106,0.1774193548387097,0.16359447004608296,0.2880228136882129,0.31797235023041476,In Love with a Girl,Gavin DeGraw
885,/wiki/My_Life_(Game_song),2008,2006-2011,88,other,780,67.34226210865246,3.887179487179487,0.06825938566552901,0.2358974358974359,0.3487046632124352,0.36538461538461536,My Life,The Game & Lil Wayne
886,/wiki/I_Remember_(Keyshia_Cole_song),2008,2006-2011,89,other,324,24.923076923076923,3.7191358024691357,0.18947368421052632,0.12345679012345678,0.2664067576348278,0.2654320987654321,I Remember,Keyshia Cole
887,/wiki/Flashing_Lights_(Kayne_West_song),2008,2006-2011,90,other,346,34.6,3.9971098265895955,0.10619469026548672,0.31502890173410403,0.39077809798270896,0.4624277456647399,Flashing Lights,Kanye West & Dwele
888,/wiki/Mrs._Officer,2008,2006-2011,91,other,801,11.203345070422536,3.429463171036205,0.26405867970660146,0.12609238451935081,0.27492957746478874,0.22971285892634208,Mrs. Officer,Lil Wayne & Bobby Valentino & Kidd Kidd
889,/wiki/7_Things,2008,2006-2011,92,other,372,22.069381598793363,3.7661290322580645,0.12871287128712872,0.18548387096774194,0.3461104847801578,0.3521505376344086,7 Things,Miley Cyrus
890,/wiki/You%27re_Gonna_Miss_This,2008,2006-2011,93,other,283,51.88333333333333,4.081272084805653,0.17073170731707318,0.26148409893992935,0.348643006263048,0.45229681978798586,You're Gonna Miss This,Trace Adkins
891,/wiki/Love_Remains_the_Same_(song),2008,2006-2011,94,other,312,38.139199529134785,3.8878205128205128,0.05263157894736842,0.20833333333333334,0.3315858453473132,0.375,Love Remains the Same,Gavin Rossdale
892,/wiki/Feels_Like_Tonight,2008,2006-2011,95,other,235,32.56509078451525,3.9659574468085106,0.24528301886792453,0.225531914893617,0.29845626072041165,0.35319148936170214,Feels Like Tonight,Daughtry
893,/wiki/The_Way_I_Are,2008,2006-2011,96,other,369,30.965034965034967,3.4010840108401084,0.10576923076923077,0.11924119241192412,0.30679730557256585,0.3089430894308943,The Way I Are,Timbaland & Keri Hilson
894,/wiki/Addicted_(Saving_Abel_song),2008,2006-2011,97,other,323,46.86010362694301,3.9535603715170278,0.14814814814814814,0.10835913312693499,0.226875,0.24458204334365324,Addicted,Saving Abel
895,/wiki/Into_the_Night_(Santana_song),2008,2006-2011,98,other,427,14.24957805907173,3.3723653395784545,0.4074074074074074,0.05152224824355972,0.2170418006430868,0.1990632318501171,Into the Night,Santana & Chad Kroeger
896,/wiki/Heaven_Sent_(Keyshia_Cole_song),2008,2006-2011,99,other,613,30.363751418346865,3.871125611745514,0.19130434782608696,0.04241435562805873,0.19377510040160642,0.17944535073409462,Heaven Sent,Keyshia Cole
897,/wiki/She_Got_It,2008,2006-2011,100,other,811,13.836636545071515,3.337854500616523,0.06557377049180328,0.13070283600493218,0.2611518915866742,0.2379778051787916,She Got It,2 Pistols & T-Pain & Tay Dizm
898,/wiki/Boom_Boom_Pow,2009,2006-2011,1,top20,375,43.66971496318607,3.994666666666667,0.01932367149758454,0.488,0.49332621462893755,0.5893333333333334,Boom Boom Pow,The Black Eyed Peas
899,/wiki/Poker_Face_(song),2009,2006-2011,2,top20,575,9.847043325526933,3.2869565217391306,0.24193548387096775,0.11304347826086956,0.20371867421180276,0.20173913043478262,Poker Face,Lady Gaga
900,/wiki/Just_Dance_(song),2009,2006-2011,3,top20,556,21.022328022102137,3.7535971223021583,0.13382899628252787,0.2014388489208633,0.31445828614571536,0.3273381294964029,Just Dance,Lady Gaga & Colby O'Donis
901,/wiki/I_Gotta_Feeling,2009,2006-2011,4,top20,375,43.66971496318607,3.994666666666667,0.01932367149758454,0.488,0.49332621462893755,0.5893333333333334,I Gotta Feeling,The Black Eyed Peas
902,/wiki/Love_Story_(Taylor_Swift_song),2009,2006-2011,5,top20,378,78.11461424332344,3.7142857142857144,0.06315789473684211,0.20105820105820105,0.38801791713325867,0.3915343915343915,Love Story,Taylor Swift
903,/wiki/Right_Round,2009,2006-2011,6,top20,581,26.46376811594203,3.8777969018932876,0.10752688172043011,0.2134251290877797,0.29490333919156414,0.3218588640275387,Right Round,Flo Rida
904,/wiki/I%27m_Yours_(Jason_Mraz_song),2009,2006-2011,7,top20,348,35.234693260803866,3.82183908045977,0.07777777777777778,0.2614942528735632,0.38974970202622167,0.4367816091954023,I'm Yours,Jason Mraz
905,/wiki/Single_Ladies_(Put_a_Ring_on_It),2009,2006-2011,8,top20,671,9.808564069089236,3.302533532041729,0.12413793103448276,0.10134128166915052,0.20696791997240427,0.18777943368107303,Single Ladies (Put a Ring on It),Beyoncé
906,/wiki/Heartless_(Kanye_West_song),2009,2006-2011,9,top20,461,30.608197611292077,3.6225596529284165,0.10526315789473684,0.18872017353579176,0.313780260707635,0.3297180043383948,Heartless,Kanye West
907,/wiki/Gives_You_Hell,2009,2006-2011,10,top20,468,23.64167679222357,3.5854700854700856,0.2421875,0.1282051282051282,0.2516279069767442,0.2564102564102564,Gives You Hell,The All-American Rejects
908,/wiki/You_Belong_with_Me,2009,2006-2011,11,top20,399,46.38342967244702,3.9498746867167918,0.13043478260869565,0.20050125313283207,0.3355229914098029,0.37343358395989973,You Belong with Me,Taylor Swift
909,/wiki/Dead_and_Gone,2009,2006-2011,12,top20,903,58.55743519781719,3.7574750830564785,0.08270676691729323,0.1716500553709856,0.3041570438799076,0.3089700996677741,Dead and Gone,T.I. & Justin Timberlake
910,/wiki/You_Found_Me,2009,2006-2011,13,top20,287,22.208333333333336,3.8710801393728222,0.2,0.2264808362369338,0.3091684434968017,0.3623693379790941,You Found Me,The Fray
911,/wiki/Use_Somebody,2009,2006-2011,14,top20,165,17.839963090065744,4.012121212121212,0.07692307692307693,0.15757575757575756,0.3104693140794224,0.3575757575757576,Use Somebody,Kings of Leon
912,/wiki/Knock_You_Down,2009,2006-2011,15,top20,810,29.53540887945973,3.8283950617283953,0.11297071129707113,0.18024691358024691,0.3444585987261147,0.32098765432098764,Knock You Down,Keri Hilson & Kanye West & Ne-Yo
913,/wiki/Blame_It,2009,2006-2011,16,top20,838,14.21972965199885,3.2410501193317423,0.15384615384615385,0.11575178997613365,0.26540284360189575,0.2458233890214797,Blame It,Jamie Foxx & T-Pain
914,/wiki/I_Know_You_Want_Me_(Calle_Ocho),2009,2006-2011,17,top20,661,18.68664011349899,3.2360060514372164,0.12177121771217712,0.12102874432677761,0.21982300884955752,0.2344931921331316,I Know You Want Me (Calle Ocho),Pitbull
915,/wiki/Live_Your_Life_(T.I._song),2009,2006-2011,18,top20,981,24.574984882080223,3.811416921508665,0.11337868480725624,0.1906218144750255,0.31427973199329984,0.30275229357798167,Live Your Life,T.I. & Rihanna
916,/wiki/Kiss_Me_thru_the_Phone,2009,2006-2011,19,top20,486,11.592108202514165,3.3292181069958846,0.3191489361702128,0.0823045267489712,0.21625475285171103,0.19958847736625515,Kiss Me thru the Phone,Soulja Boy Tell 'Em & Sammie
917,/wiki/Down_(Jay_Sean_song),2009,2006-2011,20,top20,421,15.054916985951468,3.629453681710214,0.1111111111111111,0.1543942992874109,0.29989816700611,0.2921615201900237,Down,Jay Sean & Lil Wayne
918,/wiki/The_Climb_(Miley_Cyrus_song),2009,2006-2011,21,other,256,39.94877825689272,4.3046875,0.15853658536585366,0.19140625,0.3136966126656848,0.37890625,The Climb,Miley Cyrus
919,/wiki/Best_I_Ever_Had_(Drake_song),2009,2006-2011,22,other,838,28.661062787677054,3.5990453460620526,0.12844036697247707,0.1515513126491647,0.2931654676258993,0.2732696897374702,Best I Ever Had,Drake
920,/wiki/My_Life_Would_Suck_Without_You,2009,2006-2011,23,other,216,36.61794880948132,4.162037037037037,0.17647058823529413,0.23148148148148148,0.3193577163247101,0.3888888888888889,My Life Would Suck Without You,Kelly Clarkson
921,/wiki/Halo_(Beyonc%C3%A9_Knowles_song),2009,2006-2011,24,other,428,16.87542857142857,3.794392523364486,0.42592592592592593,0.10747663551401869,0.2305084745762712,0.2523364485981308,Halo,Beyoncé
922,/wiki/Hot_n_Cold,2009,2006-2011,25,other,388,13.518792866941014,4.041237113402062,0.08235294117647059,0.10309278350515463,0.21326530612244898,0.23969072164948454,Hot n Cold,Katy Perry
923,/wiki/Second_Chance_(Shinedown_song),2009,2006-2011,26,other,235,62.92014613778706,4.102127659574468,0.11864406779661017,0.1276595744680851,0.285,0.3617021276595745,Second Chance,Shinedown
924,/wiki/Circus_(Britney_Spears_song),2009,2006-2011,27,other,428,37.28787878787878,3.7593457943925235,0.11023622047244094,0.0630841121495327,0.2252076209086468,0.22897196261682243,Circus,Britney Spears
925,/wiki/Day_%27n%27_Nite,2009,2006-2011,28,other,345,9.331140350877194,3.643478260869565,0.21238938053097345,0.1536231884057971,0.2663755458515284,0.28695652173913044,Day 'n' Nite,Kid Cudi
926,/wiki/Party_in_the_U.S.A.,2009,2006-2011,29,other,496,29.839608064245766,3.534274193548387,0.1092896174863388,0.13306451612903225,0.2770448548812665,0.27419354838709675,Party in the U.S.A.,Miley Cyrus
927,/wiki/Don%27t_Trust_Me,2009,2006-2011,30,other,483,14.162263210368891,3.279503105590062,0.13020833333333334,0.14492753623188406,0.24443368828654405,0.2505175983436853,Don't Trust Me,3OH!3
928,/wiki/Run_This_Town,2009,2006-2011,31,other,659,54.10637791527844,3.8831562974203337,0.05859375,0.2746585735963581,0.4024014778325123,0.4294385432473445,Run This Town,Jay-Z & Rihanna & Kanye West
929,/wiki/Let_It_Rock_(Kevin_Rudolf_song),2009,2006-2011,32,other,449,32.04051014259892,3.6570155902004453,0.17333333333333334,0.24053452115812918,0.335243553008596,0.3674832962138085,Let It Rock,Kevin Rudolf & Lil Wayne
930,/wiki/Fire_Burning,2009,2006-2011,33,other,507,23.764086243220223,4.120315581854044,0.1484375,0.09861932938856016,0.2248748556026184,0.2465483234714004,Fire Burning,Sean Kingston
931,/wiki/Whatcha_Say,2009,2006-2011,34,other,608,18.25089605734767,3.513157894736842,0.1984732824427481,0.04276315789473684,0.21895424836601307,0.18585526315789475,Whatcha Say,Jason Derulo
932,/wiki/LoveGame,2009,2006-2011,35,other,555,19.972570023611986,3.473873873873874,0.17142857142857143,0.08648648648648649,0.20185334407735697,0.1891891891891892,LoveGame,Lady Gaga
933,/wiki/Waking_Up_in_Vegas,2009,2006-2011,36,other,297,40.05644673123487,3.8383838383838382,0.06796116504854369,0.19528619528619529,0.3086505190311419,0.3434343434343434,Waking Up in Vegas,Katy Perry
934,/wiki/Birthday_Sex,2009,2006-2011,37,other,511,24.041866548218337,3.5420743639921723,0.13756613756613756,0.18395303326810175,0.31868600682593856,0.3268101761252446,Birthday Sex,Jeremih
935,/wiki/Sober_(Pink_song),2009,2006-2011,38,other,373,32.88747086247086,3.8659517426273458,0.09734513274336283,0.17962466487935658,0.3233369683751363,0.34584450402144773,Sober,Pink
936,/wiki/Womanizer_(song),2009,2006-2011,39,other,604,13.867462641736127,3.7350993377483444,0.3333333333333333,0.11092715231788079,0.20243478260869566,0.19205298013245034,Womanizer,Britney Spears
937,/wiki/Whatever_You_Like_(T.I._song),2009,2006-2011,40,other,610,34.554913294797686,3.6459016393442623,0.09195402298850575,0.1,0.2328767123287671,0.22950819672131148,Whatever You Like,T.I.
938,/wiki/Obsessed_(Mariah_Carey_song),2009,2006-2011,41,other,699,9.241302468281326,3.456366237482117,0.07954545454545454,0.08869814020028613,0.24486521181001283,0.21602288984263232,Obsessed,Mariah Carey
939,/wiki/Mad_(Ne-Yo_song),2009,2006-2011,42,other,502,25.958119658119656,3.5796812749003983,0.09701492537313433,0.10159362549800798,0.287381158167675,0.2549800796812749,Mad,Ne-Yo
940,/wiki/Good_Girls_Go_Bad,2009,2006-2011,43,other,392,17.64,3.5816326530612246,0.26277372262773724,0.04591836734693878,0.2227146814404432,0.21683673469387754,Good Girls Go Bad,Cobra Starship & Leighton Meester
941,/wiki/Love_Lockdown,2009,2006-2011,44,other,397,20.518233119283906,3.8236775818639797,0.20168067226890757,0.1889168765743073,0.3,0.30982367758186397,Love Lockdown,Kanye West
942,/wiki/So_What_(Pink_song),2009,2006-2011,45,other,478,13.004411764705882,3.3702928870292888,0.28125,0.12343096234309624,0.23242467718794835,0.23221757322175732,So What,Pink
943,/wiki/Hotel_Room_Service,2009,2006-2011,46,other,573,20.72083690421254,3.8726003490401397,0.12448132780082988,0.13612565445026178,0.22357142857142856,0.24956369982547993,Hotel Room Service,Pitbull
944,/wiki/Crack_a_Bottle,2009,2006-2011,47,other,869,97.7625,3.9815880322209436,0.027777777777777776,0.24050632911392406,0.33975240715268223,0.3716915995397008,Crack a Bottle,Eminem & Dr. Dre & 50 Cent
945,/wiki/If_I_Were_a_Boy,2009,2006-2011,48,other,310,52.44654088050314,3.7483870967741937,0.08955223880597014,0.2064516129032258,0.35743243243243245,0.38064516129032255,If I Were a Boy,Beyoncé
946,/wiki/Turnin_Me_On,2009,2006-2011,49,other,605,28.89493266531169,3.652892561983471,0.100418410041841,0.17355371900826447,0.34035087719298246,0.3256198347107438,Turnin Me On,Keri Hilson & Lil Wayne
947,/wiki/I_Hate_This_Part,2009,2006-2011,50,other,389,35.57106611849515,3.7326478149100257,0.11764705882352941,0.14395886889460155,0.2781097229766431,0.3110539845758355,I Hate This Part,Pussycat Dolls
948,/wiki/Gotta_Be_Somebody,2009,2006-2011,51,other,434,43.516404222183766,4.209677419354839,0.10294117647058823,0.10368663594470046,0.24119718309859156,0.2534562211981567,Gotta Be Somebody,Nickelback
949,/wiki/Please_Don%27t_Leave_Me,2009,2006-2011,52,other,489,5.841015192968159,3.0552147239263805,0.8038461538461539,0.12269938650306748,0.24066599394550958,0.19631901840490798,Please Don't Leave Me,Pink
950,/wiki/Paparazzi_(Lady_Gaga_song),2009,2006-2011,53,other,301,77.3764761602724,4.1694352159468435,0.07627118644067797,0.2059800664451827,0.3194355355997434,0.38870431893687707,Paparazzi,Lady Gaga
951,/wiki/Beautiful_(Akon_song),2009,2006-2011,54,other,563,16.348441968989913,4.126110124333925,0.226890756302521,0.1989342806394316,0.2613950276243094,0.29307282415630553,Beautiful,Akon & Colby O'Donis & Kardinal Offishall
952,/wiki/Viva_la_Vida,2009,2006-2011,55,other,355,13.443197755960728,3.6619718309859155,0.09022556390977443,0.2084507042253521,0.3289156626506024,0.36056338028169016,Viva la Vida,Coldplay
953,/wiki/Right_Now_(Na_Na_Na),2009,2006-2011,56,other,573,15.989499638588043,3.2792321116928447,0.3742690058479532,0.08027923211169284,0.2090280601870679,0.19720767888307156,Right Now (Na Na Na),Akon
954,/wiki/Battlefield_(song),2009,2006-2011,57,other,583,13.25,3.758147512864494,0.17197452229299362,0.09433962264150944,0.2069214131218457,0.19897084048027444,Battlefield,Jordin Sparks
955,/wiki/Sugar_(Flo_Rida_song),2009,2006-2011,58,other,757,13.76818783068783,3.40554821664465,0.16744186046511628,0.14002642007926025,0.26114268620999104,0.2311756935270806,Sugar,Flo Rida & Wynter
956,/wiki/Miss_Independent_(Ne-Yo_song),2009,2006-2011,59,other,435,17.4,3.928735632183908,0.09565217391304348,0.13793103448275862,0.2783985102420857,0.2689655172413793,Miss Independent,Ne-Yo
957,/wiki/Fireflies_(Owl_City_song),2009,2006-2011,60,other,337,72.44146586345381,4.130563798219584,0.09433962264150944,0.21068249258160238,0.3080023028209557,0.3798219584569733,Fireflies,Owl City
958,/wiki/New_Divide,2009,2006-2011,61,other,249,43.581206380857424,4.056224899598393,0.05434782608695652,0.1606425702811245,0.3036565977742448,0.3614457831325301,New Divide,Linkin Park
959,/wiki/Empire_State_of_Mind,2009,2006-2011,62,other,761,64.91096163031365,3.9224704336399476,0.06769230769230769,0.28383705650459923,0.38606753522999204,0.4152431011826544,Empire State of Mind,Jay-Z & Alicia Keys
960,/wiki/No_Surprise_(Daughtry_song),2009,2006-2011,63,other,373,82.38148791337184,3.8471849865951744,0.09090909090909091,0.17962466487935658,0.33755506607929514,0.3753351206434316,No Surprise,Daughtry
961,/wiki/She_Wolf_(Shakira_song),2009,2006-2011,64,other,322,40.04347826086956,3.7919254658385095,0.08653846153846154,0.2795031055900621,0.3748378728923476,0.4254658385093168,She Wolf,Shakira
962,/wiki/Break_Up_(song),2009,2006-2011,65,other,720,15.006513243595311,3.7555555555555555,0.16129032258064516,0.14444444444444443,0.2549019607843137,0.25277777777777777,Break Up,Mario & Gucci Mane & Sean Garrett
963,/wiki/Sweet_Dreams_(Beyonc%C3%A9_Knowles_song),2009,2006-2011,66,other,430,66.80461329715061,3.9232558139534883,0.08450704225352113,0.12325581395348838,0.23659454374412042,0.27906976744186046,Sweet Dreams,Beyoncé
964,/wiki/Every_Girl_(Young_Money_song),2009,2006-2011,67,other,929,26.942196578324726,3.61248654467169,0.08250825082508251,0.20882669537136705,0.32791075993492913,0.30893433799784714,Every Girl,Young Money
965,/wiki/Fallin%27_for_You_(Colbie_Caillat_song),2009,2006-2011,68,other,357,26.09886363636364,3.585434173669468,0.20833333333333334,0.09523809523809523,0.24140012070006034,0.24089635854341737,Fallin' for You,Colbie Caillat
966,/wiki/Untouched_(song),2009,2006-2011,69,other,476,13.618181818181817,3.6596638655462184,0.18796992481203006,0.10504201680672269,0.26474561008554703,0.2542016806722689,Untouched,The Veronicas
967,/wiki/If_Today_Was_Your_Last_Day,2009,2006-2011,70,other,410,36.79672264355363,3.970731707317073,0.07339449541284404,0.15365853658536585,0.28976994615761137,0.32439024390243903,If Today Was Your Last Day,Nickelback
968,/wiki/Throw_It_in_the_Bag,2009,2006-2011,71,other,670,27.916666666666668,3.4059701492537315,0.140625,0.19552238805970149,0.33547731888964116,0.30597014925373134,Throw It in the Bag,Fabolous & The-Dream
969,/wiki/Love_Drunk_(Boys_Like_Girls_song),2009,2006-2011,72,other,451,9.613151927437642,3.361419068736142,0.37735849056603776,0.11529933481152993,0.2515182186234818,0.24611973392461198,Love Drunk,Boys Like Girls
970,/wiki/I_Love_College,2009,2006-2011,73,other,657,38.5056554857631,3.736681887366819,0.05172413793103448,0.1263318112633181,0.3015414258188825,0.3074581430745814,I Love College,Asher Roth
971,/wiki/If_U_Seek_Amy,2009,2006-2011,74,other,601,10.602589689624306,3.1181364392678868,0.38095238095238093,0.06821963394342762,0.21120515920999597,0.17970049916805325,If U Seek Amy,Britney Spears
972,/wiki/Big_Green_Tractor,2009,2006-2011,75,other,364,65.57557251908396,3.4258241758241756,0.07058823529411765,0.1565934065934066,0.3256965944272446,0.3269230769230769,Big Green Tractor,Jason Aldean
973,/wiki/White_Horse_(Taylor_Swift_song),2009,2006-2011,76,other,303,48.66429183323815,3.8283828382838285,0.06578947368421052,0.22772277227722773,0.3769597818677573,0.42244224422442245,White Horse,Taylor Swift
974,/wiki/Disturbia_(song),2009,2006-2011,77,other,596,14.380232558139536,3.6241610738255035,0.2857142857142857,0.07550335570469799,0.2416907514450867,0.22651006711409397,Disturbia,Rihanna
975,/wiki/21_Guns_(song),2009,2006-2011,78,other,255,47.95770065075922,3.9058823529411764,0.08791208791208792,0.28627450980392155,0.3492822966507177,0.4196078431372549,21 Guns,Green Day
976,/wiki/Turn_My_Swag_On,2009,2006-2011,79,other,305,116.0575159068738,3.7016393442622952,0.03305785123966942,0.4524590163934426,0.5100624566273422,0.6098360655737705,Turn My Swag On,Soulja Boy Tell 'Em
977,/wiki/Rockin%27_That_Shit,2009,2006-2011,80,other,510,14.333415998884014,3.6019607843137256,0.43478260869565216,0.12941176470588237,0.26005929690808977,0.2607843137254902,Rockin' That Thang,The-Dream
978,/wiki/Chicken_Fried,2009,2006-2011,81,other,366,83.37358001938324,3.789617486338798,0.0684931506849315,0.1994535519125683,0.3030821917808219,0.34972677595628415,Chicken Fried,Zac Brown Band
979,/wiki/Diva_(Beyonc%C3%A9_Knowles_song),2009,2006-2011,82,other,767,7.953524607779927,2.971316818774446,0.21875,0.09908735332464146,0.23881084612871611,0.19165580182529335,Diva,Beyoncé
980,/wiki/Replay_(Iyaz_song),2009,2006-2011,83,other,550,24.740950780648323,3.5854545454545454,0.22580645161290322,0.10363636363636364,0.2305863708399366,0.24,Replay,Iyaz
981,/wiki/Then_(Brad_Paisley_song),2009,2006-2011,84,other,293,18.444367015098724,3.6860068259385668,0.26666666666666666,0.18430034129692832,0.32871720116618075,0.37542662116040953,Then,Brad Paisley
982,/wiki/Her_Diamonds,2009,2006-2011,85,other,475,30.34206038720032,3.741052631578947,0.18518518518518517,0.09052631578947369,0.23654015887025595,0.2294736842105263,Her Diamonds,Rob Thomas
983,/wiki/How_Do_You_Sleep%3F_(Jesse_McCartney_song),2009,2006-2011,86,other,582,17.945920303605313,3.5463917525773194,0.11409395973154363,0.08762886597938144,0.21614485099962277,0.211340206185567,How Do You Sleep?,Jesse McCartney & Ludacris
984,/wiki/3_(Britney_Spears_song),2009,2006-2011,87,other,328,52.19975932611312,3.9786585365853657,0.15151515151515152,0.11280487804878049,0.22303921568627452,0.2621951219512195,3,Britney Spears
985,/wiki/Forever_(Drake_song),2009,2006-2011,88,other,1060,76.33897756686798,3.9056603773584904,0.08042895442359249,0.2537735849056604,0.3563546423135464,0.3660377358490566,Forever,Drake & Kanye West & Lil Wayne & Eminem
986,/wiki/One_Time_(Justin_Bieber_song),2009,2006-2011,89,other,520,13.166666666666668,3.5288461538461537,0.19387755102040816,0.07884615384615384,0.22721492157693937,0.18461538461538463,One Time,Justin Bieber
987,/wiki/I_Run_to_You,2009,2006-2011,90,other,230,18.503000923361036,3.369565217391304,0.3493975903614458,0.13478260869565217,0.27904667328699106,0.29130434782608694,I Run to You,Lady Antebellum
988,/wiki/I_Do_Not_Hook_Up,2009,2006-2011,91,other,332,60.41167108753316,3.4879518072289155,0.06976744186046512,0.20481927710843373,0.32665330661322645,0.3704819277108434,I Do Not Hook Up,Kelly Clarkson
989,/wiki/Green_Light_(John_Legend_song),2009,2006-2011,92,other,706,34.9146288209607,3.6189801699716715,0.17222222222222222,0.16855524079320114,0.29884004884004883,0.28895184135977336,Green Light,John Legend & André 3000
990,/wiki/People_Are_Crazy,2009,2006-2011,93,other,248,62,3.681451612903226,0.060240963855421686,0.4032258064516129,0.4414802065404475,0.5403225806451613,People Are Crazy,Billy Currington
991,/wiki/Whatever_It_Is,2009,2006-2011,94,other,342,45.80357142857143,3.584795321637427,0.0547945205479452,0.2046783625730994,0.3115482233502538,0.34210526315789475,Whatever It Is,Zac Brown Band
992,/wiki/Already_Gone_(Kelly_Clarkson_song),2009,2006-2011,95,other,329,31.954597701149424,4.0121580547112465,0.04838709677419355,0.11854103343465046,0.27184466019417475,0.3100303951367781,Already Gone,Kelly Clarkson
993,/wiki/Goodbye_(Kristinia_DeBarge_song),2009,2006-2011,96,other,430,7.051075268817204,3.5395348837209304,0.3121951219512195,0.09069767441860466,0.2524321556579621,0.2558139534883721,Goodbye,Kristinia DeBarge
994,/wiki/Say_Hey_(I_Love_You),2009,2006-2011,97,other,638,16.182463190940602,3.4529780564263324,0.1323529411764706,0.0877742946708464,0.2239803094233474,0.20532915360501566,Say Hey (I Love You),Michael Franti & Spearhead & Cherine Anderson
995,/wiki/Pop_Champagne,2009,2006-2011,98,other,701,27.50076923076923,3.62339514978602,0.06938775510204082,0.19400855920114124,0.3327183271832718,0.3181169757489301,Pop Champagne,Jim Jones & Ron Browz & Juelz Santana
996,/wiki/Pretty_Wings,2009,2006-2011,99,other,445,101.01578598763615,3.741573033707865,0.08205128205128205,0.34831460674157305,0.46669815777042983,0.5056179775280899,Pretty Wings,Maxwell
997,/wiki/Never_Say_Never_(The_Fray_song),2009,2006-2011,100,other,217,12.55198964955807,3.7235023041474653,0.2,0.17511520737327188,0.2880859375,0.31336405529953915,Never Say Never,The Fray
998,/wiki/Tik_Tok_(song),2010,2006-2011,1,top20,477,34.00649688149688,3.6666666666666665,0.11214953271028037,0.15932914046121593,0.2772585669781931,0.3060796645702306,Tik Tok,Kesha
999,/wiki/Need_You_Now_(Lady_Antebellum_song),2010,2006-2011,2,top20,260,42.50636132315522,3.646153846153846,0.09615384615384616,0.19615384615384615,0.3476465730800991,0.36923076923076925,Need You Now,Lady Antebellum
1000,"/wiki/Hey,_Soul_Sister",2010,2006-2011,3,top20,293,35.6571088794926,3.795221843003413,0.17117117117117117,0.21843003412969283,0.3554131054131054,0.3822525597269625,"Hey, Soul Sister",Train
1001,/wiki/California_Gurls,2010,2006-2011,4,top20,491,16.073287441817488,3.9327902240325865,0.0673076923076923,0.1934826883910387,0.3242798353909465,0.3625254582484725,California Gurls,Katy Perry & Snoop Dogg
1002,/wiki/OMG_(Usher_song),2010,2006-2011,5,top20,750,4.6463913107445105,2.7466666666666666,0.13043478260869565,0.05333333333333334,0.19743863393810032,0.14,OMG,Usher & will.i.am
1003,/wiki/Airplanes_(song),2010,2006-2011,6,top20,527,28.507309941520468,3.859582542694497,0.08661417322834646,0.18026565464895636,0.30443234836702954,0.2998102466793169,Airplanes,B.o.B & Hayley Williams
1004,/wiki/Love_the_Way_You_Lie,2010,2006-2011,7,top20,732,44.733333333333334,3.842896174863388,0.07589285714285714,0.2459016393442623,0.3630252100840336,0.3702185792349727,Love the Way You Lie,Eminem & Rihanna
1005,/wiki/Bad_Romance,2010,2006-2011,8,top20,579,11.098141218437434,3.6079447322970637,0.13427561837455831,0.05008635578583765,0.16410640689396777,0.13989637305699482,Bad Romance,Lady Gaga
1006,/wiki/Dynamite_(Taio_Cruz_song),2010,2006-2011,9,top20,375,15.74749791492911,3.485333333333333,0.0948905109489051,0.06666666666666667,0.2391812865497076,0.224,Dynamite,Taio Cruz
1007,/wiki/Break_Your_Heart,2010,2006-2011,10,top20,395,7.055821371610845,3.643037974683544,0.40764331210191085,0.0759493670886076,0.1777535441657579,0.1670886075949367,Break Your Heart,Taio Cruz & Ludacris
1008,/wiki/Nothin%27_on_You,2010,2006-2011,11,top20,751,17.96898367817303,3.6351531291611185,0.1863799283154122,0.13715046604527298,0.2758328627893845,0.2636484687083888,Nothin' on You,B.o.B & Bruno Mars
1009,/wiki/I_Like_It_(Enrique_Iglesias_song),2010,2006-2011,12,top20,518,23.36892650747981,3.5096525096525095,0.10738255033557047,0.14478764478764478,0.3170940170940171,0.30115830115830117,I Like It,Enrique Iglesias & Pitbull
1010,/wiki/BedRock_(song),2010,2006-2011,13,top20,876,30.74630541871921,3.41324200913242,0.0802675585284281,0.20776255707762556,0.3525458774877229,0.3219178082191781,BedRock,Young Money & Lloyd
1011,/wiki/In_My_Head_(Jason_Derulo_song),2010,2006-2011,14,top20,440,18.408658858159072,3.577272727272727,0.2265625,0.10454545454545454,0.25601965601965604,0.2340909090909091,In My Head,Jason Derulo
1012,/wiki/Rude_Boy_(Rihanna_song),2010,2006-2011,15,top20,610,8.191240086517665,3.3377049180327867,0.17326732673267325,0.06229508196721312,0.18044545111362778,0.14426229508196722,Rude Boy,Rihanna
1013,/wiki/Telephone_(song),2010,2006-2011,16,top20,699,10.943849174297844,3.7138769670958514,0.26865671641791045,0.07868383404864092,0.21236559139784947,0.19456366237482117,Telephone,Lady Gaga & Beyoncé
1014,/wiki/Teenage_Dream_(Katy_Perry_song),2010,2006-2011,17,top20,400,33.55263157894737,3.8875,0.14754098360655737,0.1075,0.25396014307613696,0.29,Teenage Dream,Katy Perry
1015,/wiki/Just_the_Way_You_Are_(Bruno_Mars_song),2010,2006-2011,18,top20,321,21.4,3.8286604361370715,0.18840579710144928,0.11214953271028037,0.28562259306803595,0.2834890965732087,Just the Way You Are,Bruno Mars
1016,/wiki/Cooler_Than_Me,2010,2006-2011,19,top20,563,50.251929362905514,3.827708703374778,0.09302325581395349,0.08348134991119005,0.21688073394495413,0.2344582593250444,Cooler Than Me,Mike Posner
1017,/wiki/Imma_Be,2010,2006-2011,20,top20,532,151.50321757194814,3.924812030075188,0.02242152466367713,0.40225563909774437,0.477116704805492,0.5620300751879699,Imma Be,The Black Eyed Peas
1018,/wiki/Empire_State_of_Mind,2010,2006-2011,21,other,761,64.91096163031365,3.9224704336399476,0.06769230769230769,0.28383705650459923,0.38606753522999204,0.4152431011826544,Empire State of Mind,Jay-Z & Alicia Keys
1019,/wiki/DJ_Got_Us_Fallin%27_in_Love,2010,2006-2011,22,other,529,29.55970486761906,3.7410207939508506,0.0958904109589041,0.14555765595463138,0.28282427608092026,0.29111531190926276,DJ Got Us Fallin' in Love,Usher & Pitbull
1020,/wiki/Billionaire_(song),2010,2006-2011,23,other,484,46.620588235294115,3.8078512396694215,0.05847953216374269,0.21487603305785125,0.3695745595186936,0.3884297520661157,Billionaire,Travie McCoy & Bruno Mars
1021,/wiki/Not_Afraid,2010,2006-2011,24,other,854,53.814062858453774,3.929742388758782,0.0321285140562249,0.2259953161592506,0.3693141645062456,0.36065573770491804,Not Afraid,Eminem
1022,/wiki/Replay_(Iyaz_song),2010,2006-2011,25,other,550,24.740950780648323,3.5854545454545454,0.22580645161290322,0.10363636363636364,0.2305863708399366,0.24,Replay,Iyaz
1023,/wiki/Sexy_Bitch,2010,2006-2011,26,other,327,20.4597415356711,3.9174311926605503,0.13333333333333333,0,0.2082563154651879,0.23853211009174313,Sexy Bitch,David Guetta & Akon
1024,/wiki/Breakeven_(song),2010,2006-2011,27,other,386,46.52580045740423,3.8367875647668392,0.09345794392523364,0.11658031088082901,0.2624,0.2772020725388601,Breakeven,The Script
1025,/wiki/Your_Love_Is_My_Drug,2010,2006-2011,28,other,397,12.745094174251253,3.7355163727959697,0.34177215189873417,0.1964735516372796,0.2988871224165342,0.3198992443324937,Your Love Is My Drug,Kesha
1026,/wiki/I_Gotta_Feeling,2010,2006-2011,29,other,375,43.66971496318607,3.994666666666667,0.01932367149758454,0.488,0.49332621462893755,0.5893333333333334,I Gotta Feeling,The Black Eyed Peas
1027,/wiki/Fireflies_(Owl_City_song),2010,2006-2011,30,other,337,72.44146586345381,4.130563798219584,0.09433962264150944,0.21068249258160238,0.3080023028209557,0.3798219584569733,Fireflies,Owl City
1028,/wiki/Say_Aah,2010,2006-2011,31,other,592,63.5473352514043,3.7094594594594597,0.09813084112149532,0.19425675675675674,0.3198568872987478,0.33783783783783783,Say Aah,Trey Songz & Fabolous
1029,/wiki/Find_Your_Love,2010,2006-2011,32,other,299,19.472689075630253,3.8361204013377925,0.28125,0.16722408026755853,0.23529411764705882,0.27424749163879597,Find Your Love,Drake
1030,/wiki/Alejandro_(song),2010,2006-2011,33,other,400,9.794520547945204,4.4175,0.23976608187134502,0.0925,0.21191135734072022,0.2275,Alejandro,Lady Gaga
1031,/wiki/Ridin%27_Solo,2010,2006-2011,34,other,501,14.174382716049383,3.776447105788423,0.23902439024390243,0.07984031936127745,0.23580968280467446,0.22954091816367264,Ridin' Solo,Jason Derulo
1032,/wiki/Just_a_Dream_(Nelly_song),2010,2006-2011,35,other,533,38.52627857647891,3.6341463414634148,0.10191082802547771,0.12195121951219512,0.26324237560192615,0.26454033771106944,Just a Dream,Nelly
1033,/wiki/How_Low,2010,2006-2011,36,other,708,15.74110671936759,3.3262711864406778,0.34536082474226804,0.1596045197740113,0.2887369791666667,0.2627118644067797,How Low,Ludacris
1034,/wiki/Like_a_G6,2010,2006-2011,37,other,496,20.443056251173086,3.4516129032258065,0.10465116279069768,0.07661290322580645,0.18621307072515667,0.18548387096774194,Like a G6,Far East Movement & The Cataracs & Dev
1035,/wiki/Carry_Out,2010,2006-2011,38,other,771,23.521715538625088,3.4474708171206228,0.15760869565217392,0.08430609597924774,0.21571469991301825,0.18417639429312582,Carry Out,Timbaland & Justin Timberlake
1036,/wiki/Haven%27t_Met_You_Yet,2010,2006-2011,39,other,367,35.195901639344264,3.566757493188011,0.21333333333333335,0.17166212534059946,0.32119402985074624,0.3215258855585831,Haven't Met You Yet,Michael Bublé
1037,/wiki/Club_Can%27t_Handle_Me,2010,2006-2011,40,other,636,29.331084321939052,3.6855345911949686,0.0933852140077821,0.1761006289308176,0.2765957446808511,0.27672955974842767,Club Can't Handle Me,Flo Rida & David Guetta
1038,/wiki/Down_(Jay_Sean_song),2010,2006-2011,41,other,421,15.054916985951468,3.629453681710214,0.1111111111111111,0.1543942992874109,0.29989816700611,0.2921615201900237,Down,Jay Sean & Lil Wayne
1039,/wiki/Bulletproof_(La_Roux_song),2010,2006-2011,42,other,263,20.23076923076923,4.144486692015209,0.23595505617977527,0.1596958174904943,0.28920118343195267,0.35361216730038025,Bulletproof,La Roux
1040,/wiki/Whatcha_Say,2010,2006-2011,43,other,608,18.25089605734767,3.513157894736842,0.1984732824427481,0.04276315789473684,0.21895424836601307,0.18585526315789475,Whatcha Say,Jason Derulo
1041,/wiki/Baby_(Justin_Bieber_song),2010,2006-2011,44,other,470,11.19047619047619,3.572340425531915,0.29015544041450775,0.1829787234042553,0.2985628187297172,0.2936170212765957,Baby,Justin Bieber & Ludacris
1042,/wiki/Whataya_Want_from_Me,2010,2006-2011,45,other,338,21.207843137254905,3.837278106508876,0.30434782608695654,0.09763313609467456,0.22940817571690056,0.24260355029585798,Whataya Want from Me,Adam Lambert
1043,/wiki/Mine_(Taylor_Swift_song),2010,2006-2011,46,other,414,44.69318181818181,3.8067632850241546,0.0673076923076923,0.21739130434782608,0.35653480220330497,0.3719806763285024,Mine,Taylor Swift
1044,/wiki/Only_Girl_(In_the_World),2010,2006-2011,47,other,409,17.81628787878788,3.5403422982885084,0.1415929203539823,0.08557457212713937,0.22998387963460504,0.20293398533007334,Only Girl (In the World),Rihanna
1045,/wiki/Live_Like_We%27re_Dying,2010,2006-2011,48,other,505,47.61733615221988,3.784158415841584,0.12751677852348994,0.12475247524752475,0.23868312757201646,0.27920792079207923,Live Like We're Dying,Kris Allen
1046,/wiki/Hard_(Rihanna_song),2010,2006-2011,49,other,734,9.986856719733431,3.6267029972752045,0.2984126984126984,0.18256130790190736,0.30097087378640774,0.28201634877384196,Hard,Rihanna & Jeezy
1047,/wiki/Young_Forever,2010,2006-2011,50,other,568,45.15786683630195,4.176056338028169,0.19902912621359223,0.27992957746478875,0.37296195652173914,0.41901408450704225,Young Forever,Jay-Z & Mr Hudson
1048,/wiki/Blah_Blah_Blah_(Kesha_song),2010,2006-2011,51,other,392,14.25925925925926,3.5739795918367347,0.26519337016574585,0.14795918367346939,0.2826933778519755,0.3086734693877551,Blah Blah Blah,Kesha & 3OH!3
1049,/wiki/Bottoms_Up_(Trey_Songz_song),2010,2006-2011,52,other,790,19.821043165467625,3.668354430379747,0.15479876160990713,0.11265822784810127,0.26904376012965964,0.25569620253164554,Bottoms Up,Trey Songz & Nicki Minaj
1050,/wiki/Do_You_Remember_(Jay_Sean_song),2010,2006-2011,53,other,616,18.13420938765404,3.7954545454545454,0.14285714285714285,0.1331168831168831,0.25888324873096447,0.2564935064935065,Do You Remember,Jay Sean & Sean Paul & Lil Jon
1051,/wiki/All_the_Right_Moves_(OneRepublic_song),2010,2006-2011,54,other,436,22.373684210526314,4.284403669724771,0.273972602739726,0.16743119266055045,0.233608336951802,0.2798165137614679,All the Right Moves,OneRepublic
1052,/wiki/According_to_You,2010,2006-2011,55,other,313,39.338528547439125,4.300319488817891,0.06349206349206349,0.17252396166134185,0.2796865581675708,0.3354632587859425,According to You,Orianthi
1053,/wiki/My_Chick_Bad,2010,2006-2011,56,other,688,19.663016656384947,3.890988372093023,0.19141914191419143,0.18604651162790697,0.2730496453900709,0.2936046511627907,My Chick Bad,Ludacris & Nicki Minaj
1054,/wiki/You_Belong_with_Me,2010,2006-2011,57,other,399,46.38342967244702,3.9498746867167918,0.13043478260869565,0.20050125313283207,0.3355229914098029,0.37343358395989973,You Belong with Me,Taylor Swift
1055,/wiki/Meet_Me_Halfway,2010,2006-2011,58,other,446,423.70405737544206,4.87219730941704,0.02,0.695067264573991,0.5383734249713631,0.7892376681614349,Meet Me Halfway,The Black Eyed Peas
1056,/wiki/Take_It_Off_(Kesha_song),2010,2006-2011,59,other,465,17.317241379310346,3.7010752688172044,0.06097560975609756,0.11827956989247312,0.21721311475409835,0.23010752688172043,Take It Off,Kesha
1057,/wiki/Over_(Drake_song),2010,2006-2011,60,other,612,66.61475409836066,3.803921568627451,0.08383233532934131,0.20751633986928106,0.32740094022834115,0.3562091503267974,Over,Drake
1058,/wiki/Animal_(Neon_Trees_song),2010,2006-2011,61,other,317,24.56354280842772,3.6214511041009465,0.15584415584415584,0.15141955835962145,0.2653478854024557,0.277602523659306,Animal,Neon Trees
1059,/wiki/Misery_(Maroon_5_song),2010,2006-2011,62,other,391,23,3.652173913043478,0.13861386138613863,0.1534526854219949,0.2590759075907591,0.27877237851662406,Misery,Maroon 5
1060,/wiki/Magic_(B.o.B_song),2010,2006-2011,63,other,501,27.490154582259844,3.8223552894211577,0.22631578947368422,0.21357285429141717,0.3441745574310416,0.35728542914171657,Magic,B.o.B & Rivers Cuomo
1061,/wiki/Paparazzi_(Lady_Gaga_song),2010,2006-2011,64,other,301,77.3764761602724,4.1694352159468435,0.07627118644067797,0.2059800664451827,0.3194355355997434,0.38870431893687707,Paparazzi,Lady Gaga
1062,/wiki/Tie_Me_Down_(New_Boyz_song),2010,2006-2011,65,other,572,30.105263157894736,3.730769230769231,0.15730337078651685,0.19405594405594406,0.3031524926686217,0.3111888111888112,Tie Me Down,New Boyz & Ray J
1063,/wiki/Your_Love_(Nicki_Minaj_song),2010,2006-2011,66,other,572,13.405899427316232,3.6153846153846154,0.23829787234042554,0.1486013986013986,0.2745839636913767,0.28321678321678323,Your Love,Nicki Minaj
1064,/wiki/Party_in_the_U.S.A.,2010,2006-2011,67,other,496,29.839608064245766,3.534274193548387,0.1092896174863388,0.13306451612903225,0.2770448548812665,0.27419354838709675,Party in the U.S.A.,Miley Cyrus
1065,/wiki/Deuces_(song),2010,2006-2011,68,other,734,12.744241378963817,3.637602179836512,0.2578616352201258,0.1771117166212534,0.31803566208710904,0.2847411444141689,Deuces,Chris Brown & Tyga & Kevin McCall
1066,/wiki/3_(Britney_Spears_song),2010,2006-2011,69,other,328,52.19975932611312,3.9786585365853657,0.15151515151515152,0.11280487804878049,0.22303921568627452,0.2621951219512195,3,Britney Spears
1067,/wiki/Impossible_(Shontelle_song),2010,2006-2011,70,other,370,24.712532001942755,3.9945945945945946,0.19658119658119658,0.0972972972972973,0.25593952483801297,0.2594594594594595,Impossible,Shontelle
1068,/wiki/Forever_(Drake_song),2010,2006-2011,71,other,1060,76.33897756686798,3.9056603773584904,0.08042895442359249,0.2537735849056604,0.3563546423135464,0.3660377358490566,Forever,Drake & Kanye West & Lil Wayne & Eminem
1069,/wiki/Two_Is_Better_Than_One,2010,2006-2011,72,other,284,64.46115204286671,3.8943661971830985,0.09523809523809523,0.13028169014084506,0.28735632183908044,0.3274647887323944,Two Is Better Than One,Boys Like Girls & Taylor Swift
1070,/wiki/My_First_Kiss_(song),2010,2006-2011,73,other,447,40.75588235294118,3.5950782997762865,0.18518518518518517,0.07158836689038031,0.19532391622016562,0.19686800894854586,My First Kiss,3OH!3 & Kesha
1071,/wiki/Already_Gone_(Kelly_Clarkson_song),2010,2006-2011,74,other,329,31.954597701149424,4.0121580547112465,0.04838709677419355,0.11854103343465046,0.27184466019417475,0.3100303951367781,Already Gone,Kelly Clarkson
1072,/wiki/Rock_That_Body,2010,2006-2011,75,other,514,27.196987831637742,3.877431906614786,0.0942622950819672,0.16536964980544747,0.2784204228161149,0.30739299610894943,Rock That Body,The Black Eyed Peas
1073,/wiki/Secrets_(OneRepublic_song),2010,2006-2011,76,other,339,70.8903314917127,4.047197640117994,0.09174311926605505,0.20943952802359883,0.2863822326125073,0.35693215339233036,Secrets,OneRepublic
1074,/wiki/Naturally_(Selena_Gomez_%26_the_Scene_song),2010,2006-2011,77,other,283,14.016791563005725,4.413427561837456,0.37777777777777777,0.10954063604240283,0.21815806662312215,0.24381625441696114,Naturally,Selena Gomez & the Scene
1075,/wiki/Un-Thinkable_(I%27m_Ready),2010,2006-2011,78,other,346,26.005330490405118,3.69364161849711,0.2236842105263158,0.13005780346820808,0.30067360685854255,0.3092485549132948,Un-Thinkable (I'm Ready),Alicia Keys
1076,/wiki/All_I_Do_Is_Win,2010,2006-2011,79,other,745,32.51111290074393,3.6161073825503354,0.12152777777777778,0.19328859060402684,0.3208955223880597,0.31140939597315437,All I Do Is Win,DJ Khaled & T-Pain & Ludacris & Snoop Dogg & Rick Ross
1077,/wiki/I_Made_It_(Cash_Money_Heroes),2010,2006-2011,80,other,711,19.17201120797011,3.2742616033755274,0.06598984771573604,0.19127988748241911,0.3197903014416776,0.3009845288326301,I Made It (Cash Money Heroes),Kevin Rudolf & Birdman & Jay Sean & Lil Wayne
1078,/wiki/Stuck_Like_Glue,2010,2006-2011,81,other,585,19.278858731355758,3.634188034188034,0.20125786163522014,0.09572649572649573,0.21512915129151292,0.20170940170940171,Stuck Like Glue,Sugarland
1079,/wiki/Hey_Daddy_(Daddy%27s_Home),2010,2006-2011,82,other,509,21.005086805555557,3.5756385068762278,0.2714285714285714,0.068762278978389,0.24731644482610562,0.2220039292730845,Hey Daddy (Daddy's Home),Usher & Plies
1080,/wiki/There_Goes_My_Baby_(Usher_song),2010,2006-2011,83,other,450,49.6264168322072,3.7622222222222224,0.15151515151515152,0.1288888888888889,0.2783216783216783,0.30666666666666664,There Goes My Baby,Usher
1081,/wiki/Today_Was_a_Fairytale,2010,2006-2011,84,other,345,30.292473919523097,3.7681159420289854,0.2,0.1565217391304348,0.25349544072948327,0.2782608695652174,Today Was a Fairytale,Taylor Swift
1082,/wiki/Say_Something_(Timbaland_song),2010,2006-2011,85,other,606,64.96743968142422,3.966996699669967,0.06976744186046512,0.21947194719471946,0.33201058201058203,0.3580858085808581,Say Something,Timbaland & Drake
1083,/wiki/Sweet_Dreams_(Beyonc%C3%A9_Knowles_song),2010,2006-2011,86,other,430,66.80461329715061,3.9232558139534883,0.08450704225352113,0.12325581395348838,0.23659454374412042,0.27906976744186046,Sweet Dreams,Beyoncé
1084,/wiki/Use_Somebody,2010,2006-2011,87,other,165,17.839963090065744,4.012121212121212,0.07692307692307693,0.15757575757575756,0.3104693140794224,0.3575757575757576,Use Somebody,Kings of Leon
1085,/wiki/Undo_It,2010,2006-2011,88,other,414,12.504267373762424,3.243961352657005,0.2926829268292683,0.1473429951690821,0.27774615822424586,0.26570048309178745,Undo It,Carrie Underwood
1086,/wiki/Eenie_Meenie,2010,2006-2011,89,other,441,27.64453333672509,3.888888888888889,0.08520179372197309,0.08390022675736962,0.2136594370096908,0.25170068027210885,Eenie Meenie,Sean Kingston & Justin Bieber
1087,/wiki/Right_Above_It,2010,2006-2011,90,other,700,86.77188410822056,3.854285714285714,0.03305785123966942,0.27714285714285714,0.37606586298147604,0.40714285714285714,Right Above It,Lil Wayne & Drake
1088,/wiki/The_House_That_Built_Me,2010,2006-2011,91,other,301,95.43424479166666,3.87375415282392,0.04938271604938271,0.23920265780730898,0.3446866485013624,0.42524916943521596,The House That Built Me,Miranda Lambert
1089,/wiki/If_I_Die_Young,2010,2006-2011,92,other,360,87.69064202966544,3.5833333333333335,0.040983606557377046,0.25277777777777777,0.35908267954133977,0.4305555555555556,If I Die Young,The Band Perry
1090,/wiki/The_Only_Exception,2010,2006-2011,93,other,258,27.429327808471456,3.9651162790697674,0.2711864406779661,0.3178294573643411,0.36796875,0.44573643410852715,The Only Exception,Paramore
1091,/wiki/American_Honey,2010,2006-2011,94,other,216,58.316487351139244,4,0.08602150537634409,0.2361111111111111,0.336697247706422,0.4305555555555556,American Honey,Lady Antebellum
1092,/wiki/King_of_Anything,2010,2006-2011,95,other,349,19.832332068577852,3.524355300859599,0.10526315789473684,0.2636103151862464,0.35461441213653605,0.3839541547277937,King of Anything,Sara Bareilles
1093,/wiki/Life_After_You_(Daughtry_song),2010,2006-2011,96,other,335,37.22222222222222,3.8805970149253732,0.22077922077922077,0.2,0.29647630619684084,0.34328358208955223,Life After You,Daughtry
1094,/wiki/Smile_(Uncle_Kracker_song),2010,2006-2011,97,other,320,50.80167144386505,3.75,0.07142857142857142,0.153125,0.2817643186306781,0.3125,Smile,Uncle Kracker
1095,/wiki/Teach_Me_How_to_Dougie,2010,2006-2011,98,other,810,18.44008436476661,3.5876543209876544,0.14590747330960854,0.17160493827160495,0.29336188436830835,0.26296296296296295,Teach Me How to Dougie,Cali Swag District
1096,/wiki/Try_Sleeping_with_a_Broken_Heart,2010,2006-2011,99,other,355,28.445512820512818,3.6140845070422536,0.14457831325301204,0.17746478873239438,0.2990255785627284,0.3154929577464789,Try Sleeping with a Broken Heart,Alicia Keys
1097,"/wiki/Lover,_Lover",2010,2006-2011,100,other,329,28.66287878787879,3.5653495440729484,0.24299065420560748,0.1337386018237082,0.3047238855622089,0.3069908814589666,"Lover, Lover",Jerrod Niemann
1098,/wiki/Rolling_in_the_Deep,2011,2006-2011,1,top20,546,40.09408825978352,3.8443223443223444,0.1218274111675127,0.11904761904761904,0.22297808012093726,0.23992673992673993,Rolling in the Deep,Adele
1099,/wiki/Party_Rock_Anthem,2011,2006-2011,2,top20,509,16.84718309859155,3.5756385068762278,0.12087912087912088,0.13359528487229863,0.265531914893617,0.25343811394891946,Party Rock Anthem,LMFAO & Lauren Bennett & GoonRock
1100,/wiki/Firework_(song),2011,2006-2011,3,top20,372,31.91293213828425,3.8198924731182795,0.17532467532467533,0.19623655913978494,0.3128800442233278,0.3521505376344086,Firework,Katy Perry
1101,/wiki/E.T._(song),2011,2006-2011,4,top20,271,34.712684575698276,4.483394833948339,0.05982905982905983,0.15498154981549817,0.3,0.3505535055350554,E.T.,Katy Perry & Kanye West
1102,/wiki/Give_Me_Everything_(Pitbull_song),2011,2006-2011,5,top20,661,23.1233096405919,4.05143721633888,0.20784313725490197,0.10741301059001512,0.23718712753277713,0.23751891074130105,Give Me Everything,Pitbull & Ne-Yo & Afrojack & Nayer
1103,/wiki/Grenade_(song),2011,2006-2011,6,top20,457,23.679178159348623,3.4682713347921226,0.23717948717948717,0.10940919037199125,0.26552567237163816,0.26914660831509846,Grenade,Bruno Mars
1104,/wiki/Forget_You_(CeeLo_Green_song),2011,2006-2011,7,top20,1855,1057.4268618518818,4.678167115902965,0.04244954766875435,0.5293800539083557,0.5037957866767888,0.6679245283018868,F**K You (Forget You),CeeLo Green
1105,/wiki/Super_Bass,2011,2006-2011,8,top20,673,13.798320038641755,3.8142644873699854,0.27794561933534745,0.1188707280832095,0.2513812154696133,0.25705794947994054,Super Bass,Nicki Minaj
1106,/wiki/Moves_like_Jagger,2011,2006-2011,9,top20,449,35.47596077307607,3.6748329621380846,0.13333333333333333,0.12026726057906459,0.2760590195145169,0.26948775055679286,Moves like Jagger,Maroon 5 & Christina Aguilera
1107,/wiki/Just_Can%27t_Get_Enough_(The_Black_Eyed_Peas_song),2011,2006-2011,10,top20,1123,82.01367359798361,4.18699910952805,0.017777777777777778,0.3116651825467498,0.43561126373626374,0.4505788067675868,Just Can't Get Enough,The Black Eyed Peas
1108,/wiki/On_the_Floor,2011,2006-2011,11,top20,750,10.567464736451374,3.344,0.35805626598465473,0.14133333333333334,0.277896667685723,0.256,On the Floor,Jennifer Lopez & Pitbull
1109,/wiki/S%26M_(song),2011,2006-2011,12,top20,590,7.866666666666666,2.971186440677966,0.32903225806451614,0.05084745762711865,0.16567291311754684,0.13898305084745763,S&M,Rihanna
1110,/wiki/Pumped_Up_Kicks,2011,2006-2011,13,top20,400,17.607114768673135,3.8975,0.24858757062146894,0.1425,0.2169474221541603,0.235,Pumped Up Kicks,Foster the People
1111,/wiki/Last_Friday_Night_(T.G.I.F.),2011,2006-2011,14,top20,445,43.404350790946324,3.7865168539325844,0.11560693641618497,0.1146067415730337,0.2480037576326914,0.29213483146067415,Last Friday Night (T.G.I.F.),Katy Perry
1112,/wiki/Just_the_Way_You_Are_(Bruno_Mars_song),2011,2006-2011,15,top20,321,21.4,3.8286604361370715,0.18840579710144928,0.11214953271028037,0.28562259306803595,0.2834890965732087,Just the Way You Are,Bruno Mars
1113,/wiki/Tonight_(I%27m_Lovin%27_You),2011,2006-2011,16,top20,447,8.94357743097239,3.6577181208053693,0.4444444444444444,0.12751677852348994,0.2598950882212685,0.24832214765100671,Tonight (I'm Lovin' You),Enrique Iglesias & Ludacris & DJ Frank E
1114,/wiki/Raise_Your_Glass,2011,2006-2011,17,top20,404,33.057208137440135,3.8366336633663365,0.14035087719298245,0.12128712871287128,0.24757033248081842,0.28217821782178215,Raise Your Glass,Pink
1115,/wiki/Born_This_Way_(song),2011,2006-2011,18,top20,648,17.777852375498597,3.7145061728395063,0.1638655462184874,0.125,0.23717739300882065,0.22530864197530864,Born This Way,Lady Gaga
1116,/wiki/What%27s_My_Name%3F_(Rihanna_song),2011,2006-2011,20,top20,638,21.946011999117122,3.322884012539185,0.25870646766169153,0.15047021943573669,0.2615273775216138,0.25235109717868337,What's My Name?,Rihanna & Drake
1117,/wiki/Look_at_Me_Now_(Chris_Brown_song),2011,2006-2011,21,other,866,34.81617777985615,3.6304849884526558,0.05555555555555555,0.24018475750577367,0.4042027194066749,0.37066974595842955,Look at Me Now,Chris Brown & Lil Wayne & Busta Rhymes
1118,/wiki/Down_on_Me_(Jeremih_song),2011,2006-2011,22,other,753,28.385822979366715,3.308100929614874,0.034482758620689655,0.12749003984063745,0.3131127450980392,0.26294820717131473,Down on Me,Jeremih & 50 Cent
1119,/wiki/How_to_Love,2011,2006-2011,23,other,530,41.77405415670333,3.730188679245283,0.16216216216216217,0.12830188679245283,0.26544440015942605,0.2622641509433962,How to Love,Lil Wayne
1120,/wiki/Someone_Like_You_(Adele_song),2011,2006-2011,24,other,335,62.214285714285715,4.053731343283582,0.07228915662650602,0.1791044776119403,0.2801418439716312,0.3582089552238806,Someone Like You,Adele
1121,/wiki/Good_Life_(OneRepublic_song),2011,2006-2011,25,other,417,35.967591488293266,3.8920863309352516,0.20388349514563106,0.11990407673860912,0.2818627450980392,0.30455635491606714,Good Life,OneRepublic
1122,/wiki/The_Lazy_Song,2011,2006-2011,26,other,400,17.929413259633407,3.565,0.20666666666666667,0.1675,0.28337874659400547,0.305,The Lazy Song,Bruno Mars
1123,/wiki/Till_the_World_Ends,2011,2006-2011,27,other,420,5.409079600516533,3.0904761904761906,0.24742268041237114,0.07380952380952381,0.22337363270005758,0.20952380952380953,Till the World Ends,Britney Spears
1124,/wiki/The_Show_Goes_On_(song),2011,2006-2011,28,other,681,52.15441287269668,3.886930983847283,0.046153846153846156,0.19823788546255505,0.2889087656529517,0.31718061674008813,The Show Goes On,Lupe Fiasco
1125,/wiki/The_Edge_of_Glory,2011,2006-2011,29,other,423,12.441176470588236,3.6288416075650116,0.29927007299270075,0.09929078014184398,0.19369598373157093,0.20094562647754138,The Edge of Glory,Lady Gaga
1126,/wiki/We_R_Who_We_R,2011,2006-2011,30,other,423,11.715117639676178,3.3947990543735225,0.08620689655172414,0.13238770685579196,0.2634094530005311,0.2789598108747045,We R Who We R,Kesha
1127,/wiki/Black_and_Yellow,2011,2006-2011,31,other,676,28.215652173913043,3.9068047337278107,0.18315018315018314,0.15532544378698224,0.24483068624513035,0.26331360946745563,Black and Yellow,Wiz Khalifa
1128,/wiki/Tonight_Tonight_(Hot_Chelle_Rae_song),2011,2006-2011,32,other,499,22.529903470383775,3.7995991983967934,0.13793103448275862,0.10420841683366733,0.25780924614743855,0.250501002004008,Tonight Tonight,Hot Chelle Rae
1129,/wiki/Blow_(Kesha_song),2011,2006-2011,33,other,452,5.534732395173027,3.088495575221239,0.3132530120481928,0.12168141592920353,0.21262817053426875,0.20575221238938052,Blow,Kesha
1130,/wiki/Lighters_(song),2011,2006-2011,34,other,853,95.34872824631861,3.7069167643610785,0.025,0.2801875732708089,0.4223648481856332,0.4196951934349355,Lighters,Bad Meets Evil & Bruno Mars
1131,/wiki/If_I_Die_Young,2011,2006-2011,35,other,360,87.69064202966544,3.5833333333333335,0.040983606557377046,0.25277777777777777,0.35908267954133977,0.4305555555555556,If I Die Young,The Band Perry
1132,/wiki/Stereo_Hearts,2011,2006-2011,36,other,634,23.936771275091886,3.6025236593059935,0.09767441860465116,0.1529968454258675,0.31939684715558603,0.2870662460567823,Stereo Hearts,Gym Class Heroes & Adam Levine
1133,/wiki/The_Time_(Dirty_Bit),2011,2006-2011,37,other,595,15.002298967825784,3.3327731092436976,0.14054054054054055,0.13109243697478992,0.28218966846569005,0.2689075630252101,The Time (Dirty Bit),The Black Eyed Peas
1134,/wiki/Coming_Home_(Diddy_%E2%80%93_Dirty_Money_song),2011,2006-2011,38,other,789,28.448262149049548,3.7921419518377695,0.14736842105263157,0.15462610899873258,0.3245499608661623,0.29784537389100124,Coming Home,Diddy – Dirty Money & Skylar Grey
1135,/wiki/Hey_Baby_(Drop_It_to_the_Floor),2011,2006-2011,39,other,799,9.567316422240964,3.290362953692115,0.3018867924528302,0.07008760951188986,0.18819080860965678,0.1702127659574468,Hey Baby (Drop It to the Floor),Pitbull & T-Pain
1136,/wiki/Only_Girl_(In_the_World),2011,2006-2011,40,other,409,17.81628787878788,3.5403422982885084,0.1415929203539823,0.08557457212713937,0.22998387963460504,0.20293398533007334,Only Girl (In the World),Rihanna
1137,/wiki/6_Foot_7_Foot,2011,2006-2011,41,other,812,90.36513694902956,3.9495073891625614,0.03380281690140845,0.3435960591133005,0.45595854922279794,0.47413793103448276,6 Foot 7 Foot,Lil Wayne & Cory Gunz
1138,/wiki/Just_a_Kiss_(song),2011,2006-2011,42,other,311,52.52087184728523,3.7363344051446945,0.08602150537634409,0.12218649517684887,0.2892057026476578,0.31511254019292606,Just a Kiss,Lady Antebellum
1139,/wiki/Dirt_Road_Anthem,2011,2006-2011,43,other,466,110.87335282809013,4.045064377682404,0.031413612565445025,0.20600858369098712,0.3067561896768779,0.3776824034334764,Dirt Road Anthem,Jason Aldean
1140,/wiki/Dynamite_(Taio_Cruz_song),2011,2006-2011,44,other,375,15.74749791492911,3.485333333333333,0.0948905109489051,0.06666666666666667,0.2391812865497076,0.224,Dynamite,Taio Cruz
1141,/wiki/No_Hands,2011,2006-2011,45,other,807,90.47216519729271,3.7571251548946716,0.03363914373088685,0.2057001239157373,0.3331599479843953,0.3469640644361834,No Hands,Waka Flocka Flame & Wale & Roscoe Dash
1142,/wiki/I_Wanna_Go,2011,2006-2011,46,other,338,16.14958308193485,3.3224852071005917,0.11904761904761904,0.08875739644970414,0.23340177960301164,0.21893491124260356,I Wanna Go,Britney Spears
1143,/wiki/I%27m_on_One,2011,2006-2011,47,other,825,54.205202312138724,3.6351515151515152,0.05017921146953405,0.23030303030303031,0.3504914640455251,0.3478787878787879,I'm on One,DJ Khaled & Drake & Rick Ross & Lil Wayne
1144,/wiki/You_Make_Me_Feel...,2011,2006-2011,48,other,507,7.9887096774193544,3.1400394477317555,0.6398104265402843,0.05128205128205128,0.21340304182509506,0.16765285996055226,You Make Me Feel...,Cobra Starship & Sabi
1145,/wiki/Yeah_3x,2011,2006-2011,49,other,433,12.228526358640341,3.6351039260969977,0.28735632183908044,0.12240184757505773,0.2830188679245283,0.2678983833718245,Yeah 3x,Chris Brown
1146,/wiki/Moment_4_Life,2011,2006-2011,50,other,608,37.450482295153876,3.893092105263158,0.09523809523809523,0.2631578947368421,0.3762972882490793,0.38980263157894735,Moment 4 Life,Nicki Minaj & Drake
1147,/wiki/I_Need_a_Doctor,2011,2006-2011,51,other,771,53.03128726791107,3.6874189364461736,0.08035714285714286,0.23994811932555124,0.38082191780821917,0.35927367055771725,I Need a Doctor,Dr. Dre & Eminem & Skylar Grey
1148,/wiki/Just_a_Dream_(Nelly_song),2011,2006-2011,52,other,533,38.52627857647891,3.6341463414634148,0.10191082802547771,0.12195121951219512,0.26324237560192615,0.26454033771106944,Just a Dream,Nelly
1149,/wiki/Motivation_(Kelly_Rowland_song),2011,2006-2011,53,other,327,45.59411652305256,3.8103975535168195,0.08602150537634409,0.17737003058103976,0.35066582117945466,0.3761467889908257,Motivation,Kelly Rowland & Lil Wayne
1150,/wiki/Stereo_Love,2011,2006-2011,54,other,366,31.48462496407702,3.530054644808743,0.06542056074766354,0.07377049180327869,0.27092113184828415,0.26229508196721313,Stereo Love,Edward Maya & Vika Jigulina
1151,/wiki/Jar_of_Hearts,2011,2006-2011,55,other,321,46.13646337772397,3.866043613707165,0.06315789473684211,0.16822429906542055,0.2837150127226463,0.32710280373831774,Jar of Hearts,Christina Perri
1152,/wiki/Roll_Up_(Wiz_Khalifa_song),2011,2006-2011,56,other,693,26.428881213317403,3.486291486291486,0.15196078431372548,0.1341991341991342,0.2492762946284979,0.2453102453102453,Roll Up,Wiz Khalifa
1153,/wiki/Sexy_and_I_Know_It,2011,2006-2011,57,other,412,13.127333051331373,3.3883495145631066,0.1464968152866242,0.13106796116504854,0.2472345132743363,0.25,Sexy and I Know It,LMFAO
1154,/wiki/Rocketeer_(song),2011,2006-2011,58,other,256,19.34438706170155,3.54296875,0.19402985074626866,0.3125,0.44587628865979384,0.46875,Rocketeer,Far East Movement & Ryan Tedder
1155,/wiki/All_of_the_Lights,2011,2006-2011,59,other,564,22.596153846153847,3.8297872340425534,0.19553072625698323,0.12056737588652482,0.2539391718578234,0.2712765957446808,All of the Lights,Kanye West
1156,/wiki/Hold_It_Against_Me,2011,2006-2011,60,other,324,51.72029474976973,3.6944444444444446,0.09876543209876543,0.16666666666666666,0.2875902823374918,0.30864197530864196,Hold It Against Me,Britney Spears
1157,/wiki/More_(Usher_song),2011,2006-2011,61,other,426,32.32480271573899,3.68075117370892,0.07563025210084033,0.06572769953051644,0.21854636591478696,0.22065727699530516,More,Usher
1158,/wiki/What_the_Hell,2011,2006-2011,62,other,436,14.817972350230415,3.447247706422018,0.27071823204419887,0.08256880733944955,0.241397021058038,0.22477064220183487,What the Hell,Avril Lavigne
1159,/wiki/Written_in_the_Stars_(Tinie_Tempah_song),2011,2006-2011,63,other,485,13.589864101797613,3.5814432989690723,0.05343511450381679,0.27835051546391754,0.36922386720502465,0.4041237113402062,Written in the Stars,Tinie Tempah & Eric Turner
1160,/wiki/Bottoms_Up_(Trey_Songz_song),2011,2006-2011,64,other,790,19.821043165467625,3.668354430379747,0.15479876160990713,0.11265822784810127,0.26904376012965964,0.25569620253164554,Bottoms Up,Trey Songz & Nicki Minaj
1161,/wiki/DJ_Got_Us_Fallin%27_in_Love,2011,2006-2011,65,other,529,29.55970486761906,3.7410207939508506,0.0958904109589041,0.14555765595463138,0.28282427608092026,0.29111531190926276,DJ Got Us Fallin' in Love,Usher & Pitbull
1162,/wiki/For_the_First_Time_(The_Script_song),2011,2006-2011,66,other,398,54.093395135509525,3.949748743718593,0.07142857142857142,0.12060301507537688,0.2715736040609137,0.3065326633165829,For the First Time,The Script
1163,/wiki/Honey_Bee_(Blake_Shelton_song),2011,2006-2011,67,other,316,33.901747940325095,3.8797468354430378,0.06741573033707865,0.22151898734177214,0.32490272373540857,0.40189873417721517,Honey Bee,Blake Shelton
1164,/wiki/Don%27t_You_Wanna_Stay,2011,2006-2011,68,other,212,23.50658747300216,4.084905660377358,0.24096385542168675,0.1320754716981132,0.24652455977757182,0.2971698113207547,Don't You Wanna Stay,Jason Aldean & Kelly Clarkson
1165,/wiki/We_Found_Love,2011,2006-2011,69,other,274,24.90909090909091,3.9963503649635035,0.18681318681318682,0.16423357664233576,0.28122717311906503,0.3357664233576642,We Found Love,Rihanna & Calvin Harris
1166,/wiki/Pretty_Girl_Rock,2011,2006-2011,70,other,669,20.272727272727273,3.8086696562032887,0.17293233082706766,0.0687593423019432,0.22067901234567902,0.20179372197309417,Pretty Girl Rock,Keri Hilson
1167,/wiki/You_and_I_(Lady_Gaga_song),2011,2006-2011,71,other,423,23.176130099228224,3.971631205673759,0.09523809523809523,0.15839243498817968,0.30527817403708984,0.32387706855791965,Yoü and I,Lady Gaga
1168,/wiki/Like_a_G6,2011,2006-2011,72,other,496,20.443056251173086,3.4516129032258065,0.10465116279069768,0.07661290322580645,0.18621307072515667,0.18548387096774194,Like a G6,Far East Movement & The Cataracs & Dev
1169,/wiki/Without_You_(David_Guetta_song),2011,2006-2011,73,other,178,9.13421052631579,3.730337078651685,0.14285714285714285,0.2247191011235955,0.32461355529131986,0.33707865168539325,Without You,David Guetta & Usher
1170,/wiki/Back_to_December,2011,2006-2011,74,other,424,62.26036574325548,3.8608490566037736,0.08547008547008547,0.18867924528301888,0.32867469879518074,0.3466981132075472,Back to December,Taylor Swift
1171,/wiki/Teenage_Dream_(Katy_Perry_song),2011,2006-2011,75,other,400,33.55263157894737,3.8875,0.14754098360655737,0.1075,0.25396014307613696,0.29,Teenage Dream,Katy Perry
1172,/wiki/Crazy_Girl,2011,2006-2011,76,other,238,32.63782051282051,3.563025210084034,0.1411764705882353,0.14705882352941177,0.2746543778801843,0.31512605042016806,Crazy Girl,Eli Young Band
1173,/wiki/Cheers_(Drink_to_That),2011,2006-2011,77,other,539,8.232459054516461,3.877551020408163,0.6109215017064846,0.08163265306122448,0.1669195751138088,0.19109461966604824,Cheers (Drink to That),Rihanna
1174,/wiki/Who_Says_(Selena_Gomez_%26_the_Scene_song),2011,2006-2011,78,other,471,7.359831367047004,3.662420382165605,0.5591397849462365,0.10615711252653928,0.23216719672875966,0.2208067940552017,Who Says,Selena Gomez & the Scene
1175,/wiki/Barefoot_Blue_Jean_Night_(song),2011,2006-2011,79,other,292,39.983010650683454,3.8972602739726026,0.06802721088435375,0.2534246575342466,0.32110726643598614,0.4041095890410959,Barefoot Blue Jean Night,Jake Owen
1176,/wiki/Knee_Deep,2011,2006-2011,80,other,338,77.50496688741723,3.8254437869822486,0.05454545454545454,0.21005917159763313,0.34294478527607364,0.3905325443786982,Knee Deep,Zac Brown Band & Jimmy Buffett
1177,/wiki/Country_Girl_(Shake_It_for_Me),2011,2006-2011,81,other,547,17.569205298013244,3.7221206581352835,0.1875,0.14990859232175502,0.24692780337941628,0.25411334552102377,Country Girl (Shake It for Me),Luke Bryan
1178,/wiki/Remind_Me_(Brad_Paisley_and_Carrie_Underwood_song),2011,2006-2011,82,other,281,37.89008100921403,3.683274021352313,0.2345679012345679,0.2491103202846975,0.4034954407294833,0.4199288256227758,Remind Me,Brad Paisley & Carrie Underwood
1179,/wiki/In_the_Dark_(Dev_song),2011,2006-2011,83,other,417,15.855670846223983,3.306954436450839,0.24761904761904763,0.05995203836930456,0.22056384742951907,0.20863309352517986,In the Dark,Dev
1180,/wiki/Backseat_(song),2011,2006-2011,84,other,577,41.24843154047308,3.6412478336221836,0.12371134020618557,0.12305025996533796,0.23946288698246923,0.25476603119584057,Backseat,New Boyz & The Cataracs & Dev
1181,/wiki/Headlines_(Drake_song),2011,2006-2011,85,other,512,19.975757575757576,3.861328125,0.05042016806722689,0.205078125,0.35964912280701755,0.3515625,Headlines,Drake
1182,/wiki/Best_Thing_I_Never_Had,2011,2006-2011,86,other,498,28.480392156862745,3.5903614457831323,0.09411764705882353,0.09236947791164658,0.2430191972076789,0.2289156626506024,Best Thing I Never Had,Beyoncé
1183,/wiki/Don%27t_Wanna_Go_Home,2011,2006-2011,87,other,445,28.253968253968253,3.606741573033708,0.09316770186335403,0.1303370786516854,0.2925170068027211,0.3101123595505618,Don't Wanna Go Home,Jason Derulo
1184,/wiki/Where_Them_Girls_At,2011,2006-2011,88,other,637,12.018867924528301,3.466248037676609,0.23809523809523808,0.14599686028257458,0.2697299193265521,0.25745682888540034,Where Them Girls At,David Guetta & Flo Rida & Nicki Minaj
1185,/wiki/She_Ain%27t_You,2011,2006-2011,89,other,511,11.874198717948719,3.3776908023483365,0.2761904761904762,0.06653620352250489,0.2376502002670227,0.2054794520547945,She Ain't You,Chris Brown
1186,/wiki/Take_a_Back_Road_(song),2011,2006-2011,90,other,384,47.80267214799589,3.890625,0.1056338028169014,0.19270833333333334,0.30319148936170215,0.3541666666666667,Take a Back Road,Rodney Atkins
1187,/wiki/Please_Don%27t_Go_(Mike_Posner_song),2011,2006-2011,91,other,316,13.77443270570156,3.75,0.22826086956521738,0.056962025316455694,0.2023731048121292,0.21518987341772153,Please Don't Go,Mike Posner
1188,/wiki/Sure_Thing_(Miguel_song),2011,2006-2011,92,other,668,20.55871212121212,3.7230538922155687,0.10822510822510822,0.0748502994011976,0.20803035093265887,0.18862275449101795,Sure Thing,Miguel
1189,/wiki/Price_Tag,2011,2006-2011,93,other,551,20.87501957857689,4.052631578947368,0.11063829787234042,0.1869328493647913,0.2919210053859964,0.32123411978221417,Price Tag,Jessie J & B.o.B
1190,/wiki/God_Gave_Me_You#Blake_Shelton_version,2011,2006-2011,94,other,262,48.63021582733813,3.5229007633587788,0.18333333333333332,0.21755725190839695,0.3288364249578415,0.36259541984732824,God Gave Me You,Blake Shelton
1191,/wiki/She_Will,2011,2006-2011,95,other,754,41.37052542289263,3.627320954907162,0.04524886877828054,0.17639257294429708,0.2910490307867731,0.2957559681697613,She Will,Lil Wayne & Drake
1192,/wiki/Are_You_Gonna_Kiss_Me_or_Not,2011,2006-2011,96,other,302,54.237103530819866,3.4635761589403975,0.15714285714285714,0.271523178807947,0.4020771513353116,0.4105960264900662,Are You Gonna Kiss Me or Not,Thompson Square
1193,/wiki/Animal_(Neon_Trees_song),2011,2006-2011,97,other,317,24.56354280842772,3.6214511041009465,0.15584415584415584,0.15141955835962145,0.2653478854024557,0.277602523659306,Animal,Neon Trees
1194,/wiki/You_and_Tequila,2011,2006-2011,98,other,188,41.60111524163569,3.9202127659574466,0.08620689655172414,0.2712765957446808,0.37445887445887444,0.4627659574468085,You and Tequila,Kenny Chesney & Grace Potter
1195,/wiki/Colder_Weather,2011,2006-2011,99,other,333,56.6883826879271,3.8528528528528527,0.05,0.24024024024024024,0.363302752293578,0.4264264264264264,Colder Weather,Zac Brown Band
1196,/wiki/My_Last,2011,2006-2011,100,other,907,14.748942358540454,3.1543550165380374,0.168141592920354,0.11466372657111357,0.29830598200105873,0.21940463065049615,My Last,Big Sean & Chris Brown
1197,/wiki/Somebody_That_I_Used_to_Know,2012,2012-2017,1,top20,370,32.31651417054596,3.8378378378378377,0.05084745762711865,0.14324324324324325,0.31078814980436,0.3108108108108108,Somebody That I Used to Know,Gotye & Kimbra
1198,/wiki/Call_Me_Maybe,2012,2012-2017,2,top20,410,33.13130477171869,3.529268292682927,0.12745098039215685,0.07560975609756097,0.23027375201288244,0.23414634146341465,Call Me Maybe,Carly Rae Jepsen
1199,/wiki/We_Are_Young,2012,2012-2017,3,top20,425,9.650981640459245,3.3858823529411763,0.46153846153846156,0.15529411764705883,0.27540106951871657,0.27294117647058824,We Are Young,Fun & Janelle Monáe
1200,/wiki/Payphone_(song),2012,2012-2017,4,top20,572,106.61363855566375,3.737762237762238,0.05357142857142857,0.16083916083916083,0.32538517975055026,0.33916083916083917,Payphone,Maroon 5 & Wiz Khalifa
1201,/wiki/Lights_(Ellie_Goulding_song),2012,2012-2017,5,top20,297,13.8471971427054,4.2087542087542085,0.2975206611570248,0.1414141414141414,0.22451612903225807,0.26262626262626265,Lights,Ellie Goulding
1202,/wiki/Glad_You_Came,2012,2012-2017,6,top20,332,20.456992756507205,3.394578313253012,0.19402985074626866,0,0.20164609053497942,0.20180722891566266,Glad You Came,The Wanted
1203,/wiki/Stronger_(What_Doesn%27t_Kill_You),2012,2012-2017,7,top20,398,27.044220691279513,4.371859296482412,0.1574074074074074,0.11557788944723618,0.2177156177156177,0.23869346733668342,Stronger (What Doesn't Kill You),Kelly Clarkson
1204,/wiki/We_Found_Love,2012,2012-2017,8,top20,274,24.90909090909091,3.9963503649635035,0.18681318681318682,0.16423357664233576,0.28122717311906503,0.3357664233576642,We Found Love,Rihanna & Calvin Harris
1205,/wiki/Starships_(song),2012,2012-2017,9,top20,411,35.882300275482095,3.712895377128954,0.07627118644067797,0.15328467153284672,0.2687950566426365,0.31143552311435524,Starships,Nicki Minaj
1206,/wiki/What_Makes_You_Beautiful,2012,2012-2017,10,top20,438,17.83177083333333,3.8493150684931505,0.2803738317757009,0.0776255707762557,0.19802445907808092,0.21232876712328766,What Makes You Beautiful,One Direction
1207,/wiki/Wild_Ones_(song),2012,2012-2017,11,top20,528,38.5,3.5625,0.11442786069651742,0.2215909090909091,0.34353038445638695,0.36553030303030304,Wild Ones,Flo Rida & Sia
1208,/wiki/Set_Fire_to_the_Rain,2012,2012-2017,12,top20,339,34.56563869112815,3.690265486725664,0.05319148936170213,0.15634218289085547,0.3039950062421973,0.3421828908554572,Set Fire to the Rain,Adele
1209,/wiki/Sexy_and_I_Know_It,2012,2012-2017,13,top20,412,13.127333051331373,3.3883495145631066,0.1464968152866242,0.13106796116504854,0.2472345132743363,0.25,Sexy and I Know It,LMFAO
1210,/wiki/Some_Nights_(song),2012,2012-2017,14,top20,559,19.885513629164464,3.4114490161001787,0.17834394904458598,0.18962432915921287,0.35077047850770476,0.32379248658318427,Some Nights,Fun
1211,/wiki/Wide_Awake_(Katy_Perry_song),2012,2012-2017,15,top20,313,28.454545454545453,3.9201277955271565,0.1652892561983471,0.20766773162939298,0.31785944551902,0.35782747603833864,Wide Awake,Katy Perry
1212,/wiki/Good_Feeling_(song),2012,2012-2017,16,top20,534,23.363412633305987,3.661048689138577,0.1780821917808219,0.24906367041198502,0.29001203369434414,0.3258426966292135,Good Feeling,Flo Rida
1213,/wiki/Whistle_(Flo_Rida_song),2012,2012-2017,17,top20,530,20.414814814814815,3.9320754716981132,0.21367521367521367,0.1471698113207547,0.2669977081741788,0.2679245283018868,Whistle,Flo Rida
1214,/wiki/One_More_Night_(Maroon_5_song),2012,2012-2017,18,top20,523,12.810722850291196,3.5315487571701722,0.24870466321243523,0.07839388145315487,0.22203461376108063,0.20076481835564053,One More Night,Maroon 5
1215,/wiki/Drive_By_(song),2012,2012-2017,19,top20,413,75.44981574292453,3.4213075060532687,0.06451612903225806,0.12106537530266344,0.2888402625820569,0.31234866828087166,Drive By,Train
1216,/wiki/The_Motto_(Drake_song),2012,2012-2017,20,top20,535,75.87324317157253,3.9420560747663553,0.07109004739336493,0.27850467289719627,0.36599099099099097,0.4355140186915888,The Motto,Drake & Lil Wayne
1217,/wiki/Where_Have_You_Been,2012,2012-2017,21,other,368,7.381149425287356,3.5842391304347827,0.5371900826446281,0.019021739130434784,0.1481042654028436,0.13043478260869565,Where Have You Been,Rihanna
1218,/wiki/Everybody_Talks,2012,2012-2017,22,other,287,26.308333333333334,4.2264808362369335,0.21782178217821782,0.11498257839721254,0.272,0.313588850174216,Everybody Talks,Neon Trees
1219,/wiki/Take_Care_(song),2012,2012-2017,23,other,479,35.13930575331651,3.776617954070981,0.08,0.18997912317327767,0.36193379790940766,0.35908141962421714,Take Care,Drake & Rihanna
1220,/wiki/Titanium_(song),2012,2012-2017,24,other,212,22.472043340488604,3.891509433962264,0.14285714285714285,0.18867924528301888,0.2722007722007722,0.32547169811320753,Titanium,David Guetta & Sia
1221,/wiki/I_Won%27t_Give_Up,2012,2012-2017,25,other,306,51.62267417639419,3.5686274509803924,0.06060606060606061,0.21568627450980393,0.39198855507868385,0.4117647058823529,I Won't Give Up,Jason Mraz
1222,/wiki/It_Will_Rain,2012,2012-2017,26,other,307,38.786978000714136,3.9413680781758957,0.09090909090909091,0.2247557003257329,0.34338138925294887,0.4201954397394137,It Will Rain,Bruno Mars
1223,/wiki/Mercy_(GOOD_Music_song),2012,2012-2017,27,other,1139,28.127743902439025,3.829675153643547,0.10775862068965517,0.18964003511852504,0.2832463559474537,0.286215978928885,Mercy,Kanye West & Big Sean & Pusha T & 2 Chainz
1224,/wiki/Boyfriend_(Justin_Bieber_song),2012,2012-2017,28,other,431,19.282875929102346,3.5614849187935036,0.23076923076923078,0.1740139211136891,0.2972560975609756,0.2877030162412993,Boyfriend,Justin Bieber
1225,/wiki/Party_Rock_Anthem,2012,2012-2017,29,other,509,16.84718309859155,3.5756385068762278,0.12087912087912088,0.13359528487229863,0.265531914893617,0.25343811394891946,Party Rock Anthem,LMFAO & Lauren Bennett & GoonRock
1226,/wiki/Too_Close_(Alex_Clare_song),2012,2012-2017,30,other,268,36.83020507473062,3.4402985074626864,0.13953488372093023,0.1455223880597015,0.27586206896551724,0.30223880597014924,Too Close,Alex Clare
1227,/wiki/Part_of_Me_(Katy_Perry_song),2012,2012-2017,31,other,403,33.471270448441445,3.69727047146402,0.175,0.13647642679900746,0.22938689217758984,0.2456575682382134,Part of Me,Katy Perry
1228,"/wiki/Young,_Wild_%26_Free",2012,2012-2017,32,other,532,62.45554371014718,3.6522556390977443,0.05263157894736842,0.2462406015037594,0.36076707950459447,0.39849624060150374,"Young, Wild & Free",Snoop Dogg & Wiz Khalifa & Bruno Mars
1229,/wiki/We_Are_Never_Ever_Getting_Back_Together,2012,2012-2017,33,other,409,11.468919745046044,3.801955990220049,0.4098360655737705,0.17114914425427874,0.2769857433808554,0.27383863080684595,We Are Never Ever Getting Back Together,Taylor Swift
1230,/wiki/As_Long_as_You_Love_Me_(Justin_Bieber_song),2012,2012-2017,34,other,574,12.941257624164972,3.538327526132404,0.27848101265822783,0.14982578397212543,0.29804372842347526,0.2735191637630662,As Long as You Love Me,Justin Bieber & Big Sean
1231,/wiki/Turn_Me_On_(David_Guetta_song),2012,2012-2017,35,other,433,10.988922303990943,3.1547344110854505,0.14473684210526316,0.08083140877598152,0.21821210438645197,0.19399538106235567,Turn Me On,David Guetta & Nicki Minaj
1232,/wiki/Moves_like_Jagger,2012,2012-2017,36,other,449,35.47596077307607,3.6748329621380846,0.13333333333333333,0.12026726057906459,0.2760590195145169,0.26948775055679286,Moves like Jagger,Maroon 5 & Christina Aguilera
1233,/wiki/Blow_Me_(One_Last_Kiss),2012,2012-2017,37,other,580,19.548038070585264,3.510344827586207,0.16304347826086957,0.11551724137931034,0.24120795107033638,0.24482758620689654,Blow Me (One Last Kiss),Pink
1234,/wiki/Good_Time_(Owl_City_and_Carly_Rae_Jepsen_song),2012,2012-2017,38,other,414,12.106882295719844,3.4541062801932365,0.26595744680851063,0.09178743961352658,0.19393282773564463,0.1956521739130435,Good Time,Owl City & Carly Rae Jepsen
1235,/wiki/Give_Your_Heart_a_Break,2012,2012-2017,39,other,445,31.56641554321967,3.7280898876404494,0.2,0.1348314606741573,0.2599809885931559,0.2786516853932584,Give Your Heart a Break,Demi Lovato
1236,/wiki/Niggas_in_Paris,2012,2012-2017,40,other,567,45.43269230769231,3.9188712522045854,0.08108108108108109,0.2768959435626102,0.37897747586700037,0.4126984126984127,Niggas in Paris,Jay-Z & Kanye West
1237,/wiki/The_One_That_Got_Away_(Katy_Perry_song),2012,2012-2017,41,other,328,26.96855260744178,3.722560975609756,0.10294117647058823,0.21951219512195122,0.32451612903225807,0.35060975609756095,The One That Got Away,Katy Perry
1238,/wiki/Feel_So_Close,2012,2012-2017,42,other,127,28.171967996877743,3.677165354330709,0.14285714285714285,0,0.2478920741989882,0.25984251968503935,Feel So Close,Calvin Harris
1239,/wiki/Someone_like_You_(Adele_song),2012,2012-2017,43,other,335,62.214285714285715,4.053731343283582,0.07228915662650602,0.1791044776119403,0.2801418439716312,0.3582089552238806,Someone like You,Adele
1240,/wiki/Scream_(Usher_song),2012,2012-2017,44,other,425,15.294381612367754,3.724705882352941,0.3316831683168317,0.11764705882352941,0.24750996015936255,0.25176470588235295,Scream,Usher
1241,/wiki/Rack_City,2012,2012-2017,45,other,470,8.264117861120607,4.376595744680851,0.23863636363636365,0.17659574468085107,0.22533543804262035,0.2765957446808511,Rack City,Tyga
1242,/wiki/Domino_(Jessie_J_song),2012,2012-2017,46,other,411,31.525568181818183,3.902676399026764,0.20930232558139536,0.0535279805352798,0.2166584035696579,0.2384428223844282,Domino,Jessie J
1243,/wiki/Gangnam_Style,2012,2012-2017,47,other,33,3.1786764705882353,3.515151515151515,0.2857142857142857,0.15151515151515152,0.42567567567567566,0.30303030303030304,Gangnam Style,Psy
1244,/wiki/International_Love,2012,2012-2017,48,other,634,19.711096871527413,4.143533123028392,0.09824561403508772,0.167192429022082,0.30684596577017115,0.30441640378548895,International Love,Pitbull & Chris Brown
1245,/wiki/Home_(Phillip_Phillips_song),2012,2012-2017,49,other,214,5.821797873378207,3.5654205607476634,0.5299145299145299,0.06074766355140187,0.2379979570990807,0.2757009345794392,Home,Phillip Phillips
1246,/wiki/Without_You_(David_Guetta_song),2012,2012-2017,50,other,178,9.13421052631579,3.730337078651685,0.14285714285714285,0.2247191011235955,0.32461355529131986,0.33707865168539325,Without You,David Guetta & Usher
1247,/wiki/Ass_Back_Home,2012,2012-2017,51,other,502,59.263888888888886,3.864541832669323,0.07741935483870968,0.19322709163346613,0.3473298002445985,0.36254980079681276,Ass Back Home,Gym Class Heroes & Neon Hitch
1248,/wiki/Wanted_(Hunter_Hayes_song),2012,2012-2017,52,other,284,19.92907373920032,3.841549295774648,0.23170731707317074,0.13732394366197184,0.3149492017416546,0.30985915492957744,Wanted,Hunter Hayes
1249,/wiki/Drunk_on_You,2012,2012-2017,53,other,294,90.34362840993583,3.877551020408163,0.05128205128205128,0.2108843537414966,0.30934256055363324,0.3945578231292517,Drunk on You,Luke Bryan
1250,/wiki/No_Lie_(2_Chainz_song),2012,2012-2017,54,other,770,29.82017062963685,3.498701298701299,0.12286689419795221,0.2077922077922078,0.3181818181818182,0.32857142857142857,No Lie,2 Chainz & Drake
1251,/wiki/Want_U_Back,2012,2012-2017,55,other,616,15.524781647900662,3.482142857142857,0.125,0.07954545454545454,0.22709306503772908,0.20616883116883117,Want U Back,Cher Lloyd
1252,/wiki/Don%27t_Wake_Me_Up_(Chris_Brown_song),2012,2012-2017,56,other,283,7.452529452529452,3.314487632508834,0.3875,0.1519434628975265,0.24856909239574815,0.24381625441696114,Don't Wake Me Up,Chris Brown
1253,/wiki/Dance_(A$$),2012,2012-2017,57,other,489,7.5854978354978355,3.7280163599182004,0.3897058823529412,0.2167689161554192,0.30121002592912705,0.3231083844580777,Dance (A$$),Big Sean & Nicki Minaj
1254,/wiki/Springsteen_(song),2012,2012-2017,58,other,399,9.627034883720931,3.644110275689223,0.152,0.2531328320802005,0.3446418955304254,0.38345864661654133,Springsteen,Eric Church
1255,/wiki/Brokenhearted_(Karmin_song),2012,2012-2017,59,other,439,56.85696630347054,3.8747152619589977,0.06716417910447761,0.19817767653758542,0.3333333333333333,0.3553530751708428,Brokenhearted,Karmin
1256,/wiki/Not_Over_You,2012,2012-2017,60,other,356,34.00616276962117,3.5168539325842696,0.109375,0.17696629213483145,0.31425015556938396,0.3258426966292135,Not Over You,Gavin DeGraw
1257,/wiki/Stereo_Hearts,2012,2012-2017,61,other,634,23.936771275091886,3.6025236593059935,0.09767441860465116,0.1529968454258675,0.31939684715558603,0.2870662460567823,Stereo Hearts,Gym Class Heroes & Adam Levine
1258,/wiki/Back_in_Time_(Pitbull_song),2012,2012-2017,62,other,394,35.34019137126707,3.779187817258883,0.1945945945945946,0.20304568527918782,0.3522546419098143,0.37055837563451777,Back in Time,Pitbull
1259,/wiki/Work_Out_(song),2012,2012-2017,63,other,730,66.25322935412918,3.415068493150685,0.06896551724137931,0.12465753424657534,0.28412600370599134,0.2726027397260274,Work Out,J. Cole
1260,/wiki/Rumour_Has_It_(Adele_song),2012,2012-2017,64,other,359,11.469066937119674,3.9442896935933147,0.504,0.12256267409470752,0.282108805384184,0.28133704735376047,Rumour Has It,Adele
1261,/wiki/Let%27s_Go_(Calvin_Harris_song),2012,2012-2017,65,other,202,9.884188034188034,3.98019801980198,0.1951219512195122,0.04455445544554455,0.19862340216322516,0.18811881188118812,Let's Go,Calvin Harris & Ne-Yo
1262,/wiki/Good_Girl_(Carrie_Underwood_song),2012,2012-2017,66,other,379,38.94816033138402,3.4195250659630605,0.13392857142857142,0.1424802110817942,0.31747919143876335,0.3113456464379947,Good Girl,Carrie Underwood
1263,/wiki/Pontoon_(song),2012,2012-2017,67,other,237,33.967461167648636,4.037974683544304,0.21428571428571427,0.24472573839662448,0.33864207879295893,0.4092827004219409,Pontoon,Little Big Town
1264,/wiki/Ho_Hey,2012,2012-2017,68,other,216,19.193258426966292,3.634259259259259,0.21794871794871795,0.2361111111111111,0.34291377601585726,0.38425925925925924,Ho Hey,The Lumineers
1265,/wiki/Paradise_(Coldplay_song),2012,2012-2017,69,other,323,4.396388888888889,3.5479876160990713,0.3689839572192513,0.09907120743034056,0.21525885558583105,0.2043343653250774,Paradise,Coldplay
1266,/wiki/Blown_Away_(Carrie_Underwood_song),2012,2012-2017,70,other,254,23.682444733420024,4.539370078740157,0.14634146341463414,0.15354330708661418,0.28783592644978784,0.3425196850393701,Blown Away,Carrie Underwood
1267,/wiki/Rolling_in_the_Deep,2012,2012-2017,71,other,546,40.09408825978352,3.8443223443223444,0.1218274111675127,0.11904761904761904,0.22297808012093726,0.23992673992673993,Rolling in the Deep,Adele
1268,/wiki/Climax_(Usher_song),2012,2012-2017,72,other,294,72.20178321900406,3.938775510204082,0.17142857142857143,0.1292517006802721,0.24603721571330117,0.3163265306122449,Climax,Usher
1269,"/wiki/Work_Hard,_Play_Hard",2012,2012-2017,73,other,625,25.053802008608322,3.84,0.13043478260869565,0.176,0.2891526541378173,0.3024,"Work Hard, Play Hard",Wiz Khalifa
1270,/wiki/Let_Me_Love_You_(Until_You_Learn_to_Love_Yourself),2012,2012-2017,74,other,428,15.230273752012883,3.6051401869158877,0.32867132867132864,0.102803738317757,0.2050761421319797,0.1985981308411215,Let Me Love You (Until You Learn to Love Yourself),Ne-Yo
1271,/wiki/Pound_the_Alarm,2012,2012-2017,75,other,310,35.30555555555556,3.638709677419355,0.10084033613445378,0.14838709677419354,0.287292817679558,0.32903225806451614,Pound the Alarm,Nicki Minaj
1272,/wiki/Come_Over_(Kenny_Chesney_song),2012,2012-2017,76,other,281,18.340975041163333,3.626334519572954,0.1,0.18505338078291814,0.26943802925327176,0.3238434163701068,Come Over,Kenny Chesney
1273,/wiki/Heart_Attack_(Trey_Songz_song),2012,2012-2017,77,other,362,57.96917450365726,3.7044198895027622,0.10619469026548672,0.11878453038674033,0.2681498829039813,0.30662983425414364,Heart Attack,Trey Songz
1274,/wiki/Drank_in_My_Cup,2012,2012-2017,78,other,465,29.0625,3.649462365591398,0.060810810810810814,0.2537634408602151,0.393005062126093,0.3978494623655914,Drank in My Cup,Kirko Bangz
1275,/wiki/Birthday_Cake_(song),2012,2012-2017,79,other,216,12.543319886808355,3.5324074074074074,0.38961038961038963,0.14814814814814814,0.3067484662576687,0.3194444444444444,Birthday Cake,Rihanna & Chris Brown
1276,/wiki/So_Good_(B.o.B_song),2012,2012-2017,80,other,589,18.48352813623388,3.6825127334465195,0.3418803418803419,0.1935483870967742,0.30123099203475745,0.32597623089983024,So Good,B.o.B
1277,/wiki/50_Ways_to_Say_Goodbye,2012,2012-2017,81,other,383,73.50505050505049,3.7258485639686683,0.035398230088495575,0.10966057441253264,0.29463792150359314,0.3368146214099217,50 Ways to Say Goodbye,Train
1278,/wiki/Red_Solo_Cup,2012,2012-2017,82,other,404,19.32114074362468,3.737623762376238,0.1393939393939394,0.21287128712871287,0.33107049608355094,0.3316831683168317,Red Solo Cup,Toby Keith
1279,/wiki/Love_You_Like_a_Love_Song,2012,2012-2017,83,other,403,15.564678613786919,3.3870967741935485,0.27607361963190186,0.14640198511166252,0.25662718556119574,0.22580645161290322,Love You Like a Love Song,Selena Gomez & the Scene
1280,/wiki/Turn_Up_the_Music_(Chris_Brown_song),2012,2012-2017,84,other,662,9.856772272894785,3.1827794561933533,0.14772727272727273,0.03172205438066465,0.1590909090909091,0.10725075528700906,Turn Up the Music,Chris Brown
1281,/wiki/Die_Young_(Kesha_song),2012,2012-2017,85,other,441,18.422881459768266,3.671201814058957,0.1297709923664122,0.09297052154195011,0.20923520923520925,0.23809523809523808,Die Young,Kesha
1282,/wiki/5_O%27Clock_(T-Pain_song),2012,2012-2017,86,other,873,44.93139448310433,3.5967926689576175,0.05063291139240506,0.1111111111111111,0.27627329192546585,0.24398625429553264,5 O'Clock,T-Pain & Wiz Khalifa & Lily Allen
1283,/wiki/A_Thousand_Years_(Christina_Perri_song),2012,2012-2017,87,other,220,39.29595015576324,3.940909090909091,0.1388888888888889,0.15,0.289134438305709,0.33636363636363636,A Thousand Years,Christina Perri
1284,/wiki/Take_a_Little_Ride,2012,2012-2017,88,other,333,71.75021186440678,3.93993993993994,0.09401709401709402,0.23123123123123124,0.3000604960677556,0.39039039039039036,Take a Little Ride,Jason Aldean
1285,/wiki/You_da_One,2012,2012-2017,89,other,511,20.04692307692308,3.49119373776908,0.2767857142857143,0.07436399217221135,0.217353579175705,0.19765166340508805,You da One,Rihanna
1286,/wiki/We_Run_the_Night,2012,2012-2017,90,other,368,5.842741935483871,3.255434782608696,0.3050847457627119,0.1358695652173913,0.24667931688804554,0.23369565217391305,We Run the Night,Havana Brown & Pitbull
1287,/wiki/It%27s_Time_(Imagine_Dragons_song),2012,2012-2017,91,other,314,67.45439516116664,3.786624203821656,0.06976744186046512,0.12101910828025478,0.2586436170212766,0.29936305732484075,It's Time,Imagine Dragons
1288,/wiki/Cashin%27_Out,2012,2012-2017,92,other,57,44.123493975903614,4.421052631578948,0.08695652173913043,0.543859649122807,0.5382165605095541,0.7017543859649122,Cashin' Out,Cash Out
1289,/wiki/I_Don%27t_Want_This_Night_to_End,2012,2012-2017,93,other,370,51.584836705601205,3.3324324324324324,0.08653846153846154,0.14864864864864866,0.29301745635910226,0.31351351351351353,I Don't Want This Night to End,Luke Bryan
1290,/wiki/Diamonds_(Rihanna_song),2012,2012-2017,94,other,375,20.943462146068782,4.226666666666667,0.15,0.064,0.1660723382577687,0.18933333333333333,Diamonds,Rihanna
1291,/wiki/Hard_to_Love_(Lee_Brice_song),2012,2012-2017,95,other,301,19.575438596491228,3.4617940199335546,0.32098765432098764,0.1362126245847176,0.2697466467958271,0.2558139534883721,Hard to Love,Lee Brice
1292,/wiki/Somethin%27_%27Bout_a_Truck,2012,2012-2017,96,other,310,34.44444444444444,4.15483870967742,0.14388489208633093,0.15161290322580645,0.28256880733944956,0.32903225806451614,Somethin' 'Bout a Truck,Kip Moore
1293,/wiki/Adorn_(song),2012,2012-2017,97,other,361,20.645424836601308,3.6315789473684212,0.08904109589041095,0.11080332409972299,0.3016157989228007,0.26038781163434904,Adorn,Miguel
1294,/wiki/Fly_Over_States,2012,2012-2017,98,other,237,134.79150684555185,4.481012658227848,0.028846153846153848,0.4767932489451477,0.4745762711864407,0.6371308016877637,Fly Over States,Jason Aldean
1295,/wiki/Even_If_It_Breaks_Your_Heart,2012,2012-2017,99,other,247,49.99273504273504,3.6761133603238867,0.12244897959183673,0.22672064777327935,0.3142375737152485,0.3724696356275304,Even If It Breaks Your Heart,Eli Young Band
1296,/wiki/Burn_It_Down_(Linkin_Park_song),2012,2012-2017,100,other,280,32.59354548122266,3.6857142857142855,0.14285714285714285,0.14285714285714285,0.2936689549961861,0.29285714285714287,Burn It Down,Linkin Park
1297,/wiki/Thrift_Shop,2013,2012-2017,1,top20,742,20.549053917009527,4.006738544474394,0.07575757575757576,0.24258760107816713,0.34863854778430325,0.3746630727762803,Thrift Shop,Macklemore & Ryan Lewis & Wanz
1298,/wiki/Blurred_Lines,2013,2012-2017,2,top20,755,28.50071225071225,3.6039735099337746,0.296,0.13112582781456952,0.2981099656357388,0.27019867549668874,Blurred Lines,Robin Thicke & T.I. & Pharrell Williams
1299,/wiki/Radioactive_(Imagine_Dragons_song),2013,2012-2017,3,top20,236,15.886084142394822,3.940677966101695,0.2,0.13135593220338984,0.248068669527897,0.2711864406779661,Radioactive,Imagine Dragons
1300,/wiki/Harlem_Shake_(song),2013,2012-2017,4,top20,97,3.2890804597701147,3.7010309278350517,0.43956043956043955,0,0.17802197802197803,0.10309278350515463,Harlem Shake,Baauer
1301,/wiki/Can%27t_Hold_Us,2013,2012-2017,5,top20,764,25.24098258706468,3.5850785340314135,0.10996563573883161,0.193717277486911,0.3250853242320819,0.31413612565445026,Can't Hold Us,Macklemore & Ryan Lewis & Ray Dalton
1302,/wiki/Mirrors_(Justin_Timberlake_song),2013,2012-2017,6,top20,1049,12.520833262679531,3.425166825548141,0.1459227467811159,0.04861773117254528,0.18253968253968253,0.1572926596758818,Mirrors,Justin Timberlake
1303,/wiki/Just_Give_Me_a_Reason,2013,2012-2017,7,top20,417,33.67214640198511,3.7961630695443644,0.16216216216216217,0.1750599520383693,0.2891445722861431,0.3069544364508393,Just Give Me a Reason,Pink & Nate Ruess
1304,/wiki/When_I_Was_Your_Man,2013,2012-2017,8,top20,304,60.57398978418421,3.736842105263158,0.047058823529411764,0.21052631578947367,0.36903939184519696,0.40789473684210525,When I Was Your Man,Bruno Mars
1305,/wiki/Cruise_(song),2013,2012-2017,9,top20,424,67.70246085011186,3.731132075471698,0.058823529411764705,0.16981132075471697,0.29245283018867924,0.32075471698113206,Cruise,Florida Georgia Line & Nelly
1306,/wiki/Roar_(song),2013,2012-2017,10,top20,442,8.185185185185185,3.3076923076923075,0.13953488372093023,0.08823529411764706,0.21925693354264783,0.21266968325791855,Roar,Katy Perry
1307,/wiki/Locked_Out_of_Heaven,2013,2012-2017,11,top20,313,12.909932659932661,3.7220447284345046,0.3288590604026846,0.13738019169329074,0.24983164983164982,0.2747603833865815,Locked Out of Heaven,Bruno Mars
1308,/wiki/Ho_Hey,2013,2012-2017,12,top20,216,19.193258426966292,3.634259259259259,0.21794871794871795,0.2361111111111111,0.34291377601585726,0.38425925925925924,Ho Hey,The Lumineers
1309,/wiki/Stay_(Rihanna_song),2013,2012-2017,13,top20,246,33.668767941940246,3.5853658536585367,0.12,0.2032520325203252,0.3209549071618037,0.37398373983739835,Stay,Rihanna & Mikky Ekko
1310,/wiki/Get_Lucky_(Daft_Punk_song),2013,2012-2017,14,top20,751,14.095784275992372,3.5246338215712383,0.44878048780487806,0.043941411451398134,0.09509832697387731,0.09320905459387484,Get Lucky,Daft Punk & Pharrell Williams
1311,/wiki/Royals_(Lorde_song),2013,2012-2017,15,top20,374,50.089285714285715,4.074866310160428,0.08,0.11764705882352941,0.27617043661230933,0.3342245989304813,Royals,Lorde
1312,/wiki/I_Knew_You_Were_Trouble,2013,2012-2017,16,top20,421,18.86556603773585,3.63895486935867,0.29464285714285715,0.12114014251781473,0.25920245398773006,0.24703087885985747,I Knew You Were Trouble,Taylor Swift
1313,/wiki/We_Can%27t_Stop,2013,2012-2017,17,top20,574,15.245404672717449,3.4982578397212545,0.1,0.08710801393728224,0.22718521370812475,0.21254355400696864,We Can't Stop,Miley Cyrus
1314,/wiki/Wrecking_Ball_(Miley_Cyrus_song),2013,2012-2017,18,top20,335,34.36266094420601,3.4865671641791045,0.09574468085106383,0.10746268656716418,0.2643142476697736,0.28059701492537314,Wrecking Ball,Miley Cyrus
1315,/wiki/Wake_Me_Up_(Avicii_song),2013,2012-2017,19,top20,253,26.705555555555556,3.5652173913043477,0.12727272727272726,0.20553359683794467,0.3186907838070629,0.35177865612648224,Wake Me Up,Avicii
1316,/wiki/Suit_%26_Tie,2013,2012-2017,20,top20,757,28.21490880253767,3.5627476882430646,0.0641025641025641,0.166446499339498,0.2954742000576535,0.2906208718626156,Suit & Tie,Justin Timberlake & Jay-Z
1317,/wiki/Holy_Grail_(Jay-Z_song),2013,2012-2017,22,other,856,22.605003346720213,3.7768691588785046,0.13368983957219252,0.17406542056074767,0.3134255887351299,0.2885514018691589,Holy Grail,Jay-Z & Justin Timberlake
1318,/wiki/Scream_%26_Shout,2013,2012-2017,23,other,616,11.096148175207489,3.3685064935064934,0.1595744680851064,0.056818181818181816,0.1860294117647059,0.16558441558441558,Scream & Shout,will.i.am & Britney Spears
1319,/wiki/Clarity_(Zedd_song),2013,2012-2017,24,other,242,37.799832495812396,3.8636363636363638,0.08108108108108109,0.24793388429752067,0.33559322033898303,0.4049586776859504,Clarity,Zedd & Foxes
1320,/wiki/Sail_(song),2013,2012-2017,25,other,140,5.833333333333333,3.25,0.352112676056338,0.16428571428571428,0.3164983164983165,0.3142857142857143,Sail,Awolnation
1321,/wiki/Don%27t_You_Worry_Child,2013,2012-2017,26,other,256,17.676190476190477,3.71484375,0.21052631578947367,0.1640625,0.2883181441590721,0.3359375,Don't You Worry Child,Swedish House Mafia & John Martin
1322,/wiki/Diamonds_(Rihanna_song),2013,2012-2017,27,other,375,20.943462146068782,4.226666666666667,0.15,0.064,0.1660723382577687,0.18933333333333333,Diamonds,Rihanna
1323,/wiki/I_Love_It_(Icona_Pop_song),2013,2012-2017,28,other,303,20.031103678929767,3.3168316831683167,0.15625,0,0.19391634980988592,0.19471947194719472,I Love It,Icona Pop & Charli XCX
1324,/wiki/Safe_and_Sound_(Capital_Cities_song),2013,2012-2017,29,other,280,16.985294117647058,3.789285714285714,0.2872340425531915,0.08214285714285714,0.2082089552238806,0.20714285714285716,Safe and Sound,Capital Cities
1325,/wiki/Treasure_(Bruno_Mars_song),2013,2012-2017,30,other,325,11.020114942528735,3.806153846153846,0.25274725274725274,0.09846153846153846,0.2514395393474088,0.23384615384615384,Treasure,Bruno Mars
1326,/wiki/The_Way_(Ariana_Grande_song),2013,2012-2017,31,other,704,21.151773049645392,3.1775568181818183,0.26732673267326734,0.11647727272727272,0.27888851236868856,0.23011363636363635,The Way,Ariana Grande & Mac Miller
1327,/wiki/Started_from_the_Bottom,2013,2012-2017,32,other,463,26.774615935684153,4.170626349892008,0.18354430379746836,0.17062634989200864,0.24366957243669574,0.28293736501079914,Started from the Bottom,Drake
1328,/wiki/Come_%26_Get_It_(Selena_Gomez_song),2013,2012-2017,33,other,457,6.826978818283166,3.264770240700219,0.64,0.08315098468271334,0.22165212929707542,0.18599562363238512,Come & Get It,Selena Gomez
1329,"/wiki/Hold_On,_We%27re_Going_Home",2013,2012-2017,34,other,325,19.036103859779974,3.913846153846154,0.25,0.003076923076923077,0.18976279650436953,0.18769230769230769,"Hold On, We're Going Home",Drake & Majid Jordan
1330,/wiki/Daylight_(Maroon_5_song),2013,2012-2017,35,other,405,11.345709322683007,3.3703703703703702,0.34594594594594597,0.1259259259259259,0.24619718309859154,0.24938271604938272,Daylight,Maroon 5
1331,/wiki/Feel_This_Moment,2013,2012-2017,36,other,444,34.336976696226024,3.815315315315315,0.1,0.19594594594594594,0.33395609528257825,0.36486486486486486,Feel This Moment,Pitbull & Christina Aguilera
1332,/wiki/Applause_(Lady_Gaga_song),2013,2012-2017,37,other,520,17.801395458001906,3.2826923076923076,0.16568047337278108,0.09423076923076923,0.177390527256479,0.18461538461538463,Applause,Lady Gaga
1333,/wiki/One_More_Night_(Maroon_5_song),2013,2012-2017,38,other,523,12.810722850291196,3.5315487571701722,0.24870466321243523,0.07839388145315487,0.22203461376108063,0.20076481835564053,One More Night,Maroon 5
1334,/wiki/Love_Me_(Lil_Wayne_song),2013,2012-2017,39,other,729,21.86491547384957,3.7448559670781894,0.17096774193548386,0.102880658436214,0.24346827447602643,0.23731138545953362,Love Me,Lil Wayne & Drake & Future
1335,/wiki/My_Songs_Know_What_You_Did_in_the_Dark_(Light_Em_Up),2013,2012-2017,40,other,479,6.146369211050816,3.183716075156576,0.12949640287769784,0.1440501043841336,0.24047501237011382,0.22755741127348644,My Songs Know What You Did in the Dark (Light Em Up),Fall Out Boy
1336,/wiki/Fuckin%27_Problems,2013,2012-2017,41,other,793,46.01893531802965,3.930643127364439,0.11371237458193979,0.1841109709962169,0.28863120746155785,0.29760403530895335,Fuckin' Problems,ASAP Rocky & Drake & 2 Chainz & Kendrick Lamar
1337,/wiki/Beauty_and_a_Beat,2013,2012-2017,42,other,347,29.11888111888112,3.674351585014409,0.08450704225352113,0.1729106628242075,0.3347665847665848,0.36023054755043227,Beauty and a Beat,Justin Bieber & Nicki Minaj
1338,/wiki/Same_Love,2013,2012-2017,43,other,661,30.071844502277163,3.981845688350983,0.09691629955947137,0.2934947049924357,0.38951197332525006,0.41906202723146746,Same Love,Macklemore & Ryan Lewis & Mary Lambert
1339,/wiki/Sweet_Nothing_(Calvin_Harris_song),2013,2012-2017,44,other,226,23.032376747608538,3.9646017699115044,0.16842105263157894,0.16371681415929204,0.30461270670147955,0.3672566371681416,Sweet Nothing,Calvin Harris & Florence Welch
1340,/wiki/Summertime_Sadness,2013,2012-2017,45,other,303,18.23878816793893,4.3894389438943895,0.2153846153846154,0.14521452145214522,0.2515225334957369,0.31683168316831684,Summertime Sadness,Lana Del Rey & Cédric Gervais
1341,/wiki/Home_(Phillip_Phillips_song),2013,2012-2017,46,other,214,5.821797873378207,3.5654205607476634,0.5299145299145299,0.06074766355140187,0.2379979570990807,0.2757009345794392,Home,Phillip Phillips
1342,/wiki/It%27s_Time_(Imagine_Dragons_song),2013,2012-2017,47,other,314,67.45439516116664,3.786624203821656,0.06976744186046512,0.12101910828025478,0.2586436170212766,0.29936305732484075,It's Time,Imagine Dragons
1343,/wiki/Power_Trip_(song),2013,2012-2017,48,other,713,24.357625575460688,3.541374474053296,0.12093023255813953,0.15287517531556802,0.2825084537350138,0.2650771388499299,Power Trip,J. Cole & Miguel
1344,/wiki/Girl_on_Fire_(song),2013,2012-2017,49,other,266,14.675277954944526,3.5902255639097747,0.27380952380952384,0.18421052631578946,0.34037367993501216,0.3308270676691729,Girl on Fire,Alicia Keys & Nicki Minaj
1345,/wiki/Heart_Attack_(Demi_Lovato_song),2013,2012-2017,50,other,413,46.94755067834667,3.585956416464891,0.10833333333333334,0.17675544794188863,0.3005263157894737,0.3341404358353511,Heart Attack,Demi Lovato
1346,/wiki/Love_Somebody_(Maroon_5_song),2013,2012-2017,51,other,350,16.961898395721924,3.5228571428571427,0.14285714285714285,0.10571428571428572,0.21871049304677623,0.22857142857142856,Love Somebody,Maroon 5
1347,/wiki/I_Will_Wait,2013,2012-2017,52,other,219,19.982303941487203,3.4657534246575343,0.3283582089552239,0.2694063926940639,0.3503575076608784,0.3744292237442922,I Will Wait,Mumford & Sons
1348,/wiki/Try_(Pink_song),2013,2012-2017,53,other,290,17.19186026382301,3.713793103448276,0.2459016393442623,0.1413793103448276,0.24231332357247437,0.2793103448275862,Try,Pink
1349,/wiki/Wagon_Wheel_(song),2013,2012-2017,54,other,358,27.860403984504703,3.611731843575419,0.17177914110429449,0.25139664804469275,0.3375757575757576,0.3659217877094972,Wagon Wheel,Darius Rucker
1350,/wiki/Gangnam_Style,2013,2012-2017,55,other,33,3.1786764705882353,3.515151515151515,0.2857142857142857,0.15151515151515152,0.42567567567567566,0.30303030303030304,Gangnam Style,Psy
1351,/wiki/I_Need_Your_Love_(Calvin_Harris_song),2013,2012-2017,56,other,316,39.07114019160652,3.5727848101265822,0.12195121951219512,0.14873417721518986,0.29362880886426596,0.31329113924050633,I Need Your Love,Calvin Harris & Ellie Goulding
1352,/wiki/Die_Young_(Kesha_song),2013,2012-2017,57,other,441,18.422881459768266,3.671201814058957,0.1297709923664122,0.09297052154195011,0.20923520923520925,0.23809523809523808,Die Young,Kesha
1353,/wiki/Some_Nights_(song),2013,2012-2017,58,other,559,19.885513629164464,3.4114490161001787,0.17834394904458598,0.18962432915921287,0.35077047850770476,0.32379248658318427,Some Nights,Fun
1354,/wiki/Bad_(Wale_song),2013,2012-2017,59,other,684,49.356235261422015,3.5482456140350878,0.09090909090909091,0.20175438596491227,0.3447946513849093,0.3391812865497076,Bad,Wale & Tiara Thomas & Rihanna
1355,/wiki/Boys_%27Round_Here,2013,2012-2017,60,other,552,28.568006843455947,4.021739130434782,0.15824915824915825,0.13768115942028986,0.27350427350427353,0.29347826086956524,Boys 'Round Here,Blake Shelton & Pistol Annies
1356,"/wiki/Gone,_Gone,_Gone_(Phillip_Phillips_song)",2013,2012-2017,61,other,405,20.25,3.8962962962962964,0.10416666666666667,0.1382716049382716,0.24962178517397882,0.25679012345679014,"Gone, Gone, Gone",Phillip Phillips
1357,/wiki/Demons_(Imagine_Dragons_song),2013,2012-2017,62,other,309,28.627477017364658,3.831715210355987,0.15,0.19741100323624594,0.3089812332439678,0.34951456310679613,Demons,Imagine Dragons
1358,/wiki/Counting_Stars_(song),2013,2012-2017,63,other,518,35.9524348810872,4.225868725868726,0.07608695652173914,0.06756756756756757,0.15956284153005465,0.1969111969111969,Counting Stars,OneRepublic
1359,/wiki/I_Cry_(Flo_Rida_song),2013,2012-2017,64,other,642,34.980707909113555,3.6510903426791277,0.08620689655172414,0.21495327102803738,0.29025778372949446,0.3068535825545171,I Cry,Flo Rida
1360,/wiki/Little_Talks,2013,2012-2017,65,other,329,44.42778497409327,3.851063829787234,0.12698412698412698,0.24012158054711247,0.32811521603005633,0.4012158054711246,Little Talks,Of Monsters and Men
1361,/wiki/The_Other_Side_(Jason_Derulo_song),2013,2012-2017,66,other,454,20.043513373091173,3.4779735682819384,0.1,0.07929515418502203,0.23292383292383292,0.23127753303964757,The Other Side,Jason Derulo
1362,/wiki/Berzerk_(song),2013,2012-2017,67,other,767,80.47295765719768,3.9022164276401563,0.030201342281879196,0.22685788787483702,0.34355990478709336,0.3820078226857888,Berzerk,Eminem
1363,/wiki/Catch_My_Breath,2013,2012-2017,68,other,394,56.37488249016399,3.8375634517766497,0.140625,0.12436548223350254,0.2289156626506024,0.25888324873096447,Catch My Breath,Kelly Clarkson
1364,/wiki/Crash_My_Party_(song),2013,2012-2017,69,other,381,54.42857142857143,3.335958005249344,0.07518796992481203,0.14173228346456693,0.30163537250151423,0.31496062992125984,Crash My Party,Luke Bryan
1365,/wiki/Pour_It_Up,2013,2012-2017,70,other,446,12.75326797385621,3.320627802690583,0.14556962025316456,0.12331838565022421,0.2261048304213772,0.21748878923766815,Pour It Up,Rihanna
1366,/wiki/22_(Taylor_Swift_song),2013,2012-2017,71,other,432,27.9,3.9837962962962963,0.11888111888111888,0.08101851851851852,0.25069637883008355,0.24305555555555555,22,Taylor Swift
1367,/wiki/I_Want_Crazy,2013,2012-2017,72,other,425,46.26024590163935,3.863529411764706,0.1015625,0.17411764705882352,0.31204644412191584,0.33647058823529413,I Want Crazy,Hunter Hayes
1368,/wiki/The_Fox_(What_Does_the_Fox_Say%3F),2013,2012-2017,73,other,369,11.536227679437886,3.6504065040650406,0.07009345794392523,0.2086720867208672,0.3259475218658892,0.36585365853658536,The Fox (What Does the Fox Say?),Ylvis
1369,/wiki/Best_Song_Ever_(song),2013,2012-2017,74,other,453,16.00385787027772,3.487858719646799,0.26548672566371684,0.07505518763796909,0.2244597249508841,0.18984547461368653,Best Song Ever,One Direction
1370,/wiki/The_A_Team_(Ed_Sheeran_song),2013,2012-2017,75,other,348,63.53682086724852,4.17816091954023,0.07432432432432433,0.16091954022988506,0.2847645429362881,0.3563218390804598,The A Team,Ed Sheeran
1371,/wiki/Carry_On_(Fun_song),2013,2012-2017,76,other,327,65.82818745692626,3.654434250764526,0.08163265306122448,0.2599388379204893,0.3935611038107753,0.44648318042813456,Carry On,Fun
1372,/wiki/Highway_Don%27t_Care,2013,2012-2017,77,other,435,15.391297999707987,3.9448275862068964,0.19402985074626866,0.11724137931034483,0.18578727357176034,0.21379310344827587,Highway Don't Care,Tim McGraw & Taylor Swift & Keith Urban
1373,/wiki/That%27s_My_Kind_of_Night,2013,2012-2017,78,other,394,39.82264668514668,3.6142131979695433,0.06201550387596899,0.1598984771573604,0.29582875960482985,0.32741116751269034,That's My Kind of Night,Luke Bryan
1374,/wiki/Swimming_Pools_(Drank),2013,2012-2017,79,other,862,33.995253603745304,3.8097447795823665,0.08648648648648649,0.18329466357308585,0.31353293413173655,0.32018561484918795,Swimming Pools (Drank),Kendrick Lamar
1375,/wiki/Sure_Be_Cool_If_You_Did,2013,2012-2017,80,other,345,86.26656742220516,3.782608695652174,0.03773584905660377,0.13333333333333333,0.28744693753790174,0.3333333333333333,Sure Be Cool If You Did,Blake Shelton
1376,/wiki/Beautiful_(Mariah_Carey_song),2013,2012-2017,81,other,301,23.485625113905595,3.5415282392026577,0.16666666666666666,0.13953488372093023,0.30380673499267935,0.28903654485049834,#Beautiful,Mariah Carey & Miguel
1377,/wiki/Troublemaker_(Olly_Murs_song),2013,2012-2017,82,other,461,67.44255382460636,3.82646420824295,0.09859154929577464,0.18004338394793926,0.28847016599371916,0.31670281995661603,Troublemaker,Olly Murs & Flo Rida
1378,/wiki/Body_Party,2013,2012-2017,83,other,361,38.76311475409837,3.6398891966759,0.06593406593406594,0.08587257617728532,0.2989260143198091,0.29362880886426596,Body Party,Ciara
1379,/wiki/Adorn_(song),2013,2012-2017,84,other,361,20.645424836601308,3.6315789473684212,0.08904109589041095,0.11080332409972299,0.3016157989228007,0.26038781163434904,Adorn,Miguel
1380,/wiki/Hall_of_Fame_(song),2013,2012-2017,85,other,461,21.4534632034632,3.8676789587852496,0.10625,0.0737527114967462,0.2263064658990257,0.22342733188720174,Hall of Fame,The Script & will.i.am
1381,/wiki/Let_Me_Love_You_(Until_You_Learn_to_Love_Yourself),2013,2012-2017,86,other,428,15.230273752012883,3.6051401869158877,0.32867132867132864,0.102803738317757,0.2050761421319797,0.1985981308411215,Let Me Love You (Until You Learn to Love Yourself),Ne-Yo
1382,/wiki/U.O.E.N.O.,2013,2012-2017,87,other,822,30.914303517717958,3.0267639902676398,0.09401709401709402,0.15815085158150852,0.2686972255729795,0.24087591240875914,U.O.E.N.O.,Rocko & Future & Rick Ross
1383,/wiki/Next_to_Me_(Emeli_Sand%C3%A9_song),2013,2012-2017,88,other,288,13.7569176882662,3.579861111111111,0.34782608695652173,0.24305555555555555,0.3153904473085671,0.3263888888888889,Next to Me,Emeli Sandé
1384,/wiki/Mama%27s_Broken_Heart,2013,2012-2017,89,other,318,91.8426039157942,3.940251572327044,0.03571428571428571,0.3270440251572327,0.3776091081593928,0.4779874213836478,Mama's Broken Heart,Miranda Lambert
1385,/wiki/It_Goes_Like_This_(song),2013,2012-2017,90,other,302,45.71172220927523,3.5397350993377485,0.08695652173913043,0.10596026490066225,0.264919941775837,0.27483443708609273,It Goes Like This,Thomas Rhett
1386,/wiki/Bugatti_(song),2013,2012-2017,91,other,702,43.868056732046455,3.8675213675213675,0.06853582554517133,0.26495726495726496,0.349825378346915,0.38461538461538464,Bugatti,Ace Hood & Future & Rick Ross
1387,/wiki/Wanted_(Hunter_Hayes_song),2013,2012-2017,92,other,284,19.92907373920032,3.841549295774648,0.23170731707317074,0.13732394366197184,0.3149492017416546,0.30985915492957744,Wanted,Hunter Hayes
1388,/wiki/Downtown_(Lady_Antebellum_song),2013,2012-2017,93,other,355,55.619056635529745,3.9211267605633804,0.0898876404494382,0.19154929577464788,0.29435253850541926,0.3464788732394366,Downtown,Lady Antebellum
1389,/wiki/Get_Your_Shine_On_(Florida_Georgia_Line_song),2013,2012-2017,94,other,286,58.522619047619045,4.195804195804196,0.12318840579710146,0.06643356643356643,0.24650233177881412,0.32167832167832167,Get Your Shine On,Florida Georgia Line
1390,/wiki/ThatPower,2013,2012-2017,95,other,406,14.285185185185185,3.9261083743842367,0.1503267973856209,0.16748768472906403,0.2720515361744301,0.3054187192118227,#thatPower,will.i.am & Justin Bieber
1391,/wiki/Brave_(Sara_Bareilles_song),2013,2012-2017,96,other,387,18.470454545454544,3.591731266149871,0.297029702970297,0.20671834625322996,0.27815315315315314,0.29457364341085274,Brave,Sara Bareilles
1392,/wiki/Let_Her_Go_(Passenger_song),2013,2012-2017,97,other,406,28.238125262715428,3.812807881773399,0.1,0.09113300492610837,0.18753193663771078,0.21182266009852216,Let Her Go,Passenger
1393,/wiki/Runnin%27_Outta_Moonlight,2013,2012-2017,98,other,381,54.52992817238628,3.94750656167979,0.057692307692307696,0.15485564304461943,0.27859391395592864,0.3228346456692913,Runnin' Outta Moonlight,Randy Houser
1394,/wiki/I%27m_Different_(2_Chainz_song),2013,2012-2017,99,other,599,17.321636005818988,3.956594323873122,0.1187214611872146,0.1285475792988314,0.2600942126514132,0.2637729549248748,I'm Different,2 Chainz
1395,/wiki/Still_Into_You,2013,2012-2017,100,other,333,37.606557377049185,3.735735735735736,0.0967741935483871,0.14714714714714713,0.27605811749842074,0.3063063063063063,Still Into You,Paramore
1396,/wiki/Happy_(Pharrell_Williams_song),2014,2012-2017,1,top20,475,28.67409408541058,3.985263157894737,0.17647058823529413,0.10105263157894737,0.15667229729729729,0.18947368421052632,Happy,Pharrell Williams
1397,/wiki/Dark_Horse_(Katy_Perry_song),2014,2012-2017,2,top20,459,34.0467032967033,3.7734204793028323,0.04516129032258064,0.2047930283224401,0.35294117647058826,0.37254901960784315,Dark Horse,Katy Perry & Juicy J
1398,/wiki/All_of_Me_(John_Legend_song),2014,2012-2017,3,top20,344,24.571428571428573,3.7674418604651163,0.03896103896103896,0.17151162790697674,0.2934386391251519,0.30523255813953487,All of Me,John Legend
1399,/wiki/Fancy_(Iggy_Azalea_song),2014,2012-2017,4,top20,523,25.423611111111114,3.5965583173996176,0.03896103896103896,0.2294455066921606,0.3738085370907584,0.3824091778202677,Fancy,Iggy Azalea & Charli XCX
1400,/wiki/Counting_Stars,2014,2012-2017,5,top20,518,35.9524348810872,4.225868725868726,0.07608695652173914,0.06756756756756757,0.15956284153005465,0.1969111969111969,Counting Stars,OneRepublic
1401,/wiki/Talk_Dirty_(Jason_Derulo_song),2014,2012-2017,6,top20,390,32.546641077607234,3.7282051282051283,0.07692307692307693,0.18461538461538463,0.349756361667569,0.3564102564102564,Talk Dirty,Jason Derulo & 2 Chainz
1402,/wiki/Rude_(song),2014,2012-2017,7,top20,394,33.911613613429964,3.6015228426395938,0.125,0.1218274111675127,0.26125137211855104,0.2817258883248731,Rude,Magic!
1403,/wiki/All_About_That_Bass,2014,2012-2017,8,top20,521,18.630906768837804,3.802303262955854,0.2171945701357466,0.07677543186180422,0.2263553620894341,0.23032629558541268,All About That Bass,Meghan Trainor
1404,/wiki/Problem_(Ariana_Grande_song),2014,2012-2017,9,top20,583,18.719067900585408,3.680960548885077,0.16551724137931034,0.1457975986277873,0.26798101496896676,0.25900514579759865,Problem,Ariana Grande & Iggy Azalea
1405,/wiki/Stay_with_Me_(Sam_Smith_song),2014,2012-2017,10,top20,169,51.74966097097912,3.6449704142011834,0.2222222222222222,0.23668639053254437,0.3269961977186312,0.39644970414201186,Stay with Me,Sam Smith
1406,/wiki/Timber_(Pitbull_song),2014,2012-2017,11,top20,569,8.033940335707465,3.6836555360281196,0.12953367875647667,0.1054481546572935,0.19563609467455623,0.18980667838312829,Timber,Pitbull & Kesha
1407,/wiki/Pompeii_(Bastille_song),2014,2012-2017,12,top20,363,16.205357142857142,3.7796143250688705,0.272108843537415,0.06336088154269973,0.1966551326412918,0.22865013774104684,Pompeii,Bastille
1408,/wiki/Shake_It_Off,2014,2012-2017,13,top20,567,8.526797829036635,3.6031746031746033,0.28,0.07936507936507936,0.20464939024390244,0.19753086419753085,Shake It Off,Taylor Swift
1409,/wiki/Am_I_Wrong_(song),2014,2012-2017,14,top20,454,20.116801751444008,3.6101321585903086,0.21014492753623187,0.11013215859030837,0.2241215574548908,0.22246696035242292,Am I Wrong,Nico & Vinz
1410,/wiki/Turn_Down_for_What,2014,2012-2017,15,top20,136,5.926880553483009,4.0661764705882355,0.6078431372549019,0.007352941176470588,0.11482558139534883,0.10294117647058823,Turn Down for What,DJ Snake & Lil Jon
1411,/wiki/The_Monster_(Eminem_song),2014,2012-2017,16,top20,745,21.48096807878949,3.997315436241611,0.2255892255892256,0.2563758389261745,0.3255505439108517,0.3597315436241611,The Monster,Eminem & Rihanna
1412,/wiki/Say_Something_(A_Great_Big_World_song),2014,2012-2017,17,top20,142,32.71612296110414,3.9577464788732395,0.3181818181818182,0.20422535211267606,0.33428165007112376,0.36619718309859156,Say Something,A Great Big World & Christina Aguilera
1413,/wiki/Team_(Lorde_song),2014,2012-2017,18,top20,367,22.262867647058826,3.9019073569482288,0.1328125,0.1907356948228883,0.2929125138427464,0.3569482288828338,Team,Lorde
1414,/wiki/Let_Her_Go_(Passenger_song),2014,2012-2017,19,top20,406,28.238125262715428,3.812807881773399,0.1,0.09113300492610837,0.18753193663771078,0.21182266009852216,Let Her Go,Passenger
1415,/wiki/Royals_(Lorde_song),2014,2012-2017,20,top20,374,50.089285714285715,4.074866310160428,0.08,0.11764705882352941,0.27617043661230933,0.3342245989304813,Royals,Lorde
1416,/wiki/Let_It_Go_(Disney_song),2014,2012-2017,21,other,275,41.3779883683934,3.749090909090909,0.056338028169014086,0.32,0.44061302681992337,0.48,Let It Go,Idina Menzel
1417,/wiki/Wake_Me_Up_(Avicii_song),2014,2012-2017,22,other,253,26.705555555555556,3.5652173913043477,0.12727272727272726,0.20553359683794467,0.3186907838070629,0.35177865612648224,Wake Me Up,Avicii
1418,/wiki/Demons_(Imagine_Dragons_song),2014,2012-2017,23,other,309,28.627477017364658,3.831715210355987,0.15,0.19741100323624594,0.3089812332439678,0.34951456310679613,Demons,Imagine Dragons
1419,/wiki/Story_of_My_Life_(One_Direction_song),2014,2012-2017,24,other,384,22.96401267558236,3.5859375,0.192,0.12760416666666666,0.2771152754116979,0.2916666666666667,Story of My Life,One Direction
1420,/wiki/Chandelier_(song),2014,2012-2017,25,other,379,19.747865343139225,4.068601583113456,0.11851851851851852,0.0633245382585752,0.19784725781650436,0.23482849604221637,Chandelier,Sia
1421,/wiki/Black_Widow_(Iggy_Azalea_song),2014,2012-2017,26,other,528,33,3.7234848484848486,0.1111111111111111,0.20454545454545456,0.3426183844011142,0.3465909090909091,Black Widow,Iggy Azalea & Rita Ora
1422,"/wiki/Bang_Bang_(Jessie_J,_Ariana_Grande_and_Nicki_Minaj_song)",2014,2012-2017,27,other,619,24.283846153846156,3.4491114701130856,0.20297029702970298,0.15508885298869143,0.2738439306358382,0.2730210016155089,Bang Bang,Jessie J & Ariana Grande & Nicki Minaj
1423,/wiki/Latch_(song),2014,2012-2017,28,other,292,22.689622626157426,3.541095890410959,0.1,0.136986301369863,0.26656626506024095,0.2671232876712329,Latch,Disclosure & Sam Smith
1424,/wiki/Maps_(Maroon_5_song),2014,2012-2017,29,other,454,18.538333333333334,3.601321585903084,0.17391304347826086,0.08370044052863436,0.20584011488750598,0.2026431718061674,Maps,Maroon 5
1425,/wiki/Loyal_(Chris_Brown_song),2014,2012-2017,30,other,679,29.26280594074411,3.7098674521354935,0.10305343511450382,0.16053019145802652,0.33157404532753804,0.2974963181148748,Loyal,Chris Brown & Lil Wayne & French Montana & Too Short & Tyga
1426,/wiki/Best_Day_of_My_Life,2014,2012-2017,31,other,397,9.965182186234816,3.022670025188917,0.2802547770700637,0.1309823677581864,0.2571964956195244,0.23173803526448364,Best Day of My Life,American Authors
1427,/wiki/Habits_(Stay_High),2014,2012-2017,32,other,388,20.500099697439943,3.4768041237113403,0.3956043956043956,0.12371134020618557,0.26146788990825687,0.2706185567010309,Habits (Stay High),Tove Lo
1428,/wiki/Summer_(Calvin_Harris_song),2014,2012-2017,33,other,121,20.242288570080106,3.71900826446281,0.2,0,0.30526315789473685,0.2892561983471074,Summer,Calvin Harris
1429,/wiki/Boom_Clap,2014,2012-2017,34,other,386,20.320995387506407,3.3134715025906734,0.16,0.15284974093264247,0.2205528846153846,0.22797927461139897,Boom Clap,Charli XCX
1430,/wiki/Drunk_in_Love,2014,2012-2017,35,other,583,28.03470960638591,3.7855917667238423,0.08936170212765958,0.20754716981132076,0.35939158118146447,0.37221269296740994,Drunk in Love,Beyoncé & Jay-Z
1431,/wiki/Anaconda_(Nicki_Minaj_song),2014,2012-2017,36,other,713,18.386170536019286,3.5161290322580645,0.08433734939759036,0.11921458625525946,0.27087198515769945,0.26367461430575034,Anaconda,Nicki Minaj
1432,/wiki/Break_Free_(Ariana_Grande_song),2014,2012-2017,37,other,331,41.300393389945626,3.598187311178248,0.0975609756097561,0.11178247734138973,0.2364112639161755,0.26586102719033233,Break Free,Ariana Grande & Zedd
1433,/wiki/Bailando_(Enrique_Iglesias_song),2014,2012-2017,38,other,492,9.623248897890424,3.451219512195122,0.06451612903225806,0.07520325203252033,0.23435358611238008,0.22967479674796748,Bailando,Enrique Iglesias & Descemer Bueno & Gente de Zona
1434,/wiki/Burn_(Ellie_Goulding_song),2014,2012-2017,39,other,510,13.483551496886403,3.756862745098039,0.3153153153153153,0.06470588235294118,0.18327183271832717,0.17450980392156862,Burn,Ellie Goulding
1435,/wiki/Wiggle_(song),2014,2012-2017,40,other,453,18.056348426683748,4.103752759381899,0.28365384615384615,0.19646799116997793,0.308753773178094,0.3465783664459161,Wiggle,Jason Derulo & Snoop Dogg
1436,/wiki/Rather_Be_(Clean_Bandit_song),2014,2012-2017,41,other,398,12.194557060730467,3.4949748743718594,0.14925373134328357,0.0829145728643216,0.23519553072625698,0.22613065326633167,Rather Be,Clean Bandit & Jess Glynne
1437,/wiki/Don%27t_Tell_%27Em,2014,2012-2017,42,other,774,16.36510808595787,3.6795865633074936,0.2692307692307692,0.1343669250645995,0.23929539295392954,0.23126614987080105,Don't Tell 'Em,Jeremih & YG
1438,/wiki/Show_Me_(Kid_Ink_song),2014,2012-2017,43,other,695,34.14445341101279,3.6244604316546765,0.09956709956709957,0.11223021582733812,0.2553846153846154,0.22158273381294963,Show Me,Kid Ink & Chris Brown
1439,/wiki/Wrecking_Ball_(Miley_Cyrus_song),2014,2012-2017,44,other,335,34.36266094420601,3.4865671641791045,0.09574468085106383,0.10746268656716418,0.2643142476697736,0.28059701492537314,Wrecking Ball,Miley Cyrus
1440,/wiki/Not_a_Bad_Thing,2014,2012-2017,45,other,459,51.415621405980446,3.655773420479303,0.11290322580645161,0.09368191721132897,0.25244527247321846,0.2766884531590414,Not a Bad Thing,Justin Timberlake
1441,/wiki/Roar_(song),2014,2012-2017,46,other,442,8.185185185185185,3.3076923076923075,0.13953488372093023,0.08823529411764706,0.21925693354264783,0.21266968325791855,Roar,Katy Perry
1442,/wiki/Ain%27t_It_Fun_(Paramore_song),2014,2012-2017,47,other,533,18.15206862444149,3.598499061913696,0.1419753086419753,0.0825515947467167,0.19927826784282276,0.18386491557223264,Ain't It Fun,Paramore
1443,/wiki/The_Man_(Aloe_Blacc_song),2014,2012-2017,48,other,585,16.285506845526207,3.562393162393162,0.14444444444444443,0.10256410256410256,0.1910828025477707,0.2,The Man,Aloe Blacc
1444,/wiki/This_Is_How_We_Roll,2014,2012-2017,49,other,432,29.973220652317444,3.5902777777777777,0.136986301369863,0.24537037037037038,0.34546360917248253,0.3726851851851852,This Is How We Roll,Florida Georgia Line & Luke Bryan
1445,/wiki/Classic_(MKTO_song),2014,2012-2017,50,other,434,38.91338464827881,3.8755760368663594,0.07471264367816093,0.14285714285714285,0.32267168391345247,0.33640552995391704,Classic,MKTO
1446,/wiki/A_Sky_Full_of_Stars,2014,2012-2017,51,other,186,10.707236842105264,3.295698924731183,0.373134328358209,0.07526881720430108,0.2712700369913687,0.25806451612903225,A Sky Full of Stars,Coldplay
1447,/wiki/Don%27t_(Ed_Sheeran_song),2014,2012-2017,52,other,589,70.47140794456436,3.7266553480475384,0.05844155844155844,0.22920203735144312,0.37070200573065903,0.37181663837011886,Don't,Ed Sheeran
1448,/wiki/Na_Na_(song),2014,2012-2017,53,other,657,8.591538461538462,3.3531202435312024,0.46686746987951805,0.0639269406392694,0.22156315422191208,0.1704718417047184,Na Na,Trey Songz
1449,/wiki/Hot_Nigga,2014,2012-2017,54,other,210,34.91060371517028,3.966666666666667,0.09424083769633508,0.34285714285714286,0.40115163147792704,0.4857142857142857,Hot Boy,Bobby Shmurda
1450,"/wiki/Hold_On,_We%27re_Going_Home",2014,2012-2017,55,other,325,19.036103859779974,3.913846153846154,0.25,0.003076923076923077,0.18976279650436953,0.18769230769230769,"Hold On, We're Going Home",Drake & Majid Jordan
1451,/wiki/Sing_(Ed_Sheeran_song),2014,2012-2017,56,other,608,7.03842429673193,3.195723684210526,0.15789473684210525,0.17105263157894737,0.32528243085313596,0.28289473684210525,Sing,Ed Sheeran
1452,/wiki/Radioactive_(Imagine_Dragons_song),2014,2012-2017,57,other,236,15.886084142394822,3.940677966101695,0.2,0.13135593220338984,0.248068669527897,0.2711864406779661,Radioactive,Imagine Dragons
1453,/wiki/My_Nigga,2014,2012-2017,58,other,696,13.25834542815675,3.7442528735632186,0.28044280442804426,0.14224137931034483,0.28382042783971073,0.2557471264367816,My Hitta,YG & Jeezy & Rich Homie Quan
1454,/wiki/Cool_Kids_(Echosmith_song),2014,2012-2017,59,other,302,24.658089077169684,3.652317880794702,0.3116883116883117,0.1423841059602649,0.23829787234042554,0.25496688741721857,Cool Kids,Echosmith
1455,/wiki/Hey_Brother,2014,2012-2017,60,other,194,46.72906523855891,3.8556701030927836,0.10344827586206896,0.04639175257731959,0.24290220820189273,0.26804123711340205,Hey Brother,Avicii
1456,/wiki/Trumpets_(Jason_Derulo_song),2014,2012-2017,61,other,421,8.741353841283939,3.3990498812351544,0.25961538461538464,0.0332541567695962,0.20572354211663066,0.16152019002375298,Trumpets,Jason Derulo
1457,/wiki/Animals_(Maroon_5_song),2014,2012-2017,62,other,537,20.19496226627619,3.7690875232774674,0.12301587301587301,0.05772811918063315,0.2137582588418189,0.20297951582867785,Animals,Maroon 5
1458,/wiki/Burnin%27_It_Down,2014,2012-2017,63,other,427,31.37958192692604,3.8641686182669788,0.14925373134328357,0.07494145199063232,0.22912713472485768,0.2459016393442623,Burnin' It Down,Jason Aldean
1459,/wiki/Play_It_Again_(Luke_Bryan_song),2014,2012-2017,64,other,432,32.043956043956044,3.6041666666666665,0.1875,0.18055555555555555,0.3039167079821517,0.3263888888888889,Play It Again,Luke Bryan
1460,/wiki/2_On,2014,2012-2017,65,other,560,32.02614379084967,3.4892857142857143,0.08241758241758242,0.1392857142857143,0.2879809599365331,0.29642857142857143,2 On,Tinashe & ScHoolboy Q
1461,/wiki/Dirt_(Florida_Georgia_Line_song),2014,2012-2017,66,other,516,71.7413079986736,3.9689922480620154,0.047619047619047616,0.15310077519379844,0.2976980101443621,0.3372093023255814,Dirt,Florida Georgia Line
1462,/wiki/Love_Runs_Out,2014,2012-2017,67,other,448,21.522510987299718,3.703125,0.13953488372093023,0.09821428571428571,0.2243559718969555,0.23883928571428573,Love Runs Out,OneRepublic
1463,/wiki/Bottoms_Up_(Brantley_Gilbert_song),2014,2012-2017,68,other,422,34.58186038307049,3.677725118483412,0.10526315789473684,0.15876777251184834,0.26855123674911663,0.28672985781990523,Bottoms Up,Brantley Gilbert
1464,/wiki/Shower_(song),2014,2012-2017,69,other,476,18.07912206884673,3.563025210084034,0.20618556701030927,0.12184873949579832,0.2802021129995407,0.27310924369747897,Shower,Becky G
1465,/wiki/Me_and_My_Broken_Heart,2014,2012-2017,70,other,412,24.575438596491228,3.5655339805825244,0.0916030534351145,0.06310679611650485,0.20106382978723406,0.19902912621359223,Me and My Broken Heart,Rixton
1467,/wiki/Lifestyle_(Rich_Gang_song),2014,2012-2017,72,other,891,51.28344437353468,3.9135802469135803,0.04714640198511166,0.21548821548821548,0.3460153084196308,0.3434343434343434,Lifestyle,Rich Gang & Young Thug & Rich Homie Quan
1468,/wiki/American_Kids,2014,2012-2017,73,other,347,131.365268036908,4.005763688760807,0.033707865168539325,0.2132564841498559,0.2995391705069124,0.40634005763688763,American Kids,Kenny Chesney
1469,/wiki/Brave_(Sara_Bareilles_song),2014,2012-2017,74,other,387,18.470454545454544,3.591731266149871,0.297029702970297,0.20671834625322996,0.27815315315315314,0.29457364341085274,Brave,Sara Bareilles
1470,/wiki/Sweater_Weather,2014,2012-2017,75,other,349,31.883308494783904,3.7650429799426934,0.14678899082568808,0.23209169054441262,0.3287425149700599,0.38108882521489973,Sweater Weather,The Neighbourhood
1471,/wiki/Leave_the_Night_On,2014,2012-2017,76,other,398,90.36495659915425,3.8819095477386933,0.061068702290076333,0.1658291457286432,0.2792240939254722,0.35175879396984927,Leave the Night On,Sam Hunt
1472,/wiki/New_Flame,2014,2012-2017,77,other,590,25.77788725820671,3.486440677966102,0.14772727272727273,0.1440677966101695,0.31748408835642083,0.288135593220339,New Flame,Chris Brown & Usher & Rick Ross
1473,/wiki/Love_Never_Felt_So_Good,2014,2012-2017,78,other,345,22.83975921506775,3.344927536231884,0.21739130434782608,0.034782608695652174,0.1870838881491345,0.16521739130434782,Love Never Felt So Good,Michael Jackson & Justin Timberlake
1474,/wiki/Drunk_on_a_Plane,2014,2012-2017,79,other,393,95.92840264650283,3.9796437659033077,0.0661764705882353,0.19338422391857507,0.30726256983240224,0.36895674300254455,Drunk on a Plane,Dierks Bentley
1475,/wiki/Birthday_(Katy_Perry_song),2014,2012-2017,80,other,410,32.60123898220522,3.8829268292682926,0.102803738317757,0.11219512195121951,0.24888003982080636,0.25853658536585367,Birthday,Katy Perry
1476,/wiki/Bartender_(Lady_Antebellum_song),2014,2012-2017,81,other,358,84.72848550403987,3.6675977653631286,0.056962025316455694,0.2011173184357542,0.32857142857142857,0.39385474860335196,Bartender,Lady Antebellum
1477,/wiki/La_La_La_(Naughty_Boy_song),2014,2012-2017,82,other,578,5.723333333333334,2.8408304498269894,0.4048913043478261,0.05709342560553633,0.17535971223021582,0.1453287197231834,La La La,Naughty Boy & Sam Smith
1478,/wiki/Blurred_Lines,2014,2012-2017,83,other,755,28.50071225071225,3.6039735099337746,0.296,0.13112582781456952,0.2981099656357388,0.27019867549668874,Blurred Lines,Robin Thicke & T.I. & Pharrell Williams
1479,/wiki/Do_What_U_Want,2014,2012-2017,84,other,581,15.944736842105264,3.4612736660929433,0.2357142857142857,0.13253012048192772,0.2666410157752982,0.23407917383820998,Do What U Want,Lady Gaga & R. Kelly
1480,/wiki/Can%27t_Remember_to_Forget_You,2014,2012-2017,85,other,461,9.45246183170092,3.240780911062907,0.10989010989010989,0.06290672451193059,0.22569089048106447,0.21258134490238612,Can't Remember to Forget You,Shakira & Rihanna
1481,/wiki/Amnesia_(5_Seconds_of_Summer_song),2014,2012-2017,86,other,460,85.7302725968436,3.8173913043478263,0.0891089108910891,0.1565217391304348,0.3002247191011236,0.34130434782608693,Amnesia,5 Seconds of Summer
1482,/wiki/No_Mediocre,2014,2012-2017,87,other,735,38.135895243001045,3.7904761904761903,0.1717557251908397,0.21360544217687075,0.3078014184397163,0.3292517006802721,No Mediocre,T.I. & Iggy Azalea
1483,/wiki/Come_with_Me_Now,2014,2012-2017,88,other,314,27.39200561995083,3.7261146496815285,0.14473684210526316,0.11146496815286625,0.24747134187457856,0.2802547770700637,Come with Me Now,KONGOS
1484,/wiki/Believe_Me_(Lil_Wayne_song),2014,2012-2017,89,other,893,59.578430375563286,3.7872340425531914,0.09310344827586207,0.22620380739081747,0.3715148698884758,0.3572228443449048,Believe Me,Lil Wayne & Drake
1485,/wiki/23_(Mike_Will_Made_It_song),2014,2012-2017,90,other,637,27.966963233206272,3.3877551020408165,0.14937759336099585,0.1695447409733124,0.2844428622285511,0.28885400313971743,23,Mike WiLL Made-It & Miley Cyrus & Wiz Khalifa & Juicy J
1486,/wiki/Beachin%27,2014,2012-2017,91,other,255,86.28653444676408,4.207843137254902,0.03676470588235294,0.26666666666666666,0.3586715867158672,0.4549019607843137,Beachin',Jake Owen
1487,/wiki/White_Walls,2014,2012-2017,92,other,638,83.54289903482027,4.032915360501567,0.021352313167259787,0.30250783699059564,0.404688463911166,0.46394984326018807,White Walls,Macklemore & Ryan Lewis & ScHoolboy Q & Hollis
1488,/wiki/She_Looks_So_Perfect,2014,2012-2017,93,other,318,19.802197802197803,3.738993710691824,0.39814814814814814,0.16981132075471697,0.3011250827266711,0.3238993710691824,She Looks So Perfect,5 Seconds of Summer
1489,/wiki/Stay_the_Night_(Zedd_song),2014,2012-2017,94,other,293,13.26836143308746,3.733788395904437,0.32432432432432434,0.10580204778156997,0.2041847041847042,0.23208191126279865,Stay the Night,Zedd & Hayley Williams
1490,/wiki/Partition_(song),2014,2012-2017,95,other,689,25.55357142857143,3.7895500725689404,0.04868913857677903,0.22931785195936139,0.326708822643782,0.35413642960812775,Partition,Beyoncé
1491,/wiki/Studio_(song),2014,2012-2017,96,other,527,42.2275641025641,3.7058823529411766,0.09239130434782608,0.16698292220113853,0.27323494216194655,0.27703984819734345,Studio,ScHoolboy Q & BJ the Chicago Kid
1492,/wiki/0_to_100_/_The_Catch_Up,2014,2012-2017,97,other,956,37.905166962446195,3.7813807531380754,0.0513595166163142,0.20920502092050208,0.38200302833657795,0.34623430962343094,0 to 100 / The Catch Up,Drake
1493,/wiki/I_Don%27t_Dance_(Lee_Brice_song),2014,2012-2017,98,other,231,44.24839260754776,3.2857142857142856,0.1791044776119403,0.1341991341991342,0.27603640040444893,0.30303030303030304,I Don't Dance,Lee Brice
1494,/wiki/Somethin%27_Bad,2014,2012-2017,99,other,308,48.38491561181435,4.181818181818182,0.09271523178807947,0.17207792207792208,0.26939788950962135,0.33116883116883117,Somethin' Bad,Miranda Lambert & Carrie Underwood
1495,/wiki/Adore_You_(Miley_Cyrus_song),2014,2012-2017,100,other,229,13.994444444444444,3.3187772925764194,0.18181818181818182,0.2183406113537118,0.3092369477911647,0.31877729257641924,Adore You,Miley Cyrus
1496,/wiki/Uptown_Funk,2015,2012-2017,1,top20,891,6.433296840788239,3.5353535353535355,0.5319148936170213,0.07744107744107744,0.170935960591133,0.15712682379349047,Uptown Funk,Mark Ronson & Bruno Mars
1497,/wiki/Thinking_Out_Loud,2015,2012-2017,2,top20,336,62.10909090909091,3.8452380952380953,0.09836065573770492,0.19940476190476192,0.3519756838905775,0.37797619047619047,Thinking Out Loud,Ed Sheeran
1498,/wiki/See_You_Again_(Wiz_Khalifa_song),2015,2012-2017,3,top20,459,31.418729096989967,3.673202614379085,0.12087912087912088,0.14596949891067537,0.3144449605202044,0.32679738562091504,See You Again,Wiz Khalifa & Charlie Puth
1499,/wiki/Trap_Queen,2015,2012-2017,4,top20,605,52.61238829753603,3.6066115702479338,0.08641975308641975,0.10743801652892562,0.28855015951790147,0.30082644628099175,Trap Queen,Fetty Wap
1500,/wiki/Sugar_(Maroon_5_song),2015,2012-2017,5,top20,472,35.020550634844454,3.858050847457627,0.12380952380952381,0.09533898305084745,0.2320730117340287,0.2309322033898305,Sugar,Maroon 5
1501,/wiki/Shut_Up_and_Dance_(Walk_the_Moon_song),2015,2012-2017,6,top20,350,38.46946601476368,3.6542857142857144,0.13861386138613863,0.10571428571428572,0.21867321867321868,0.23142857142857143,Shut Up and Dance,Walk the Moon
1502,/wiki/Blank_Space,2015,2012-2017,7,top20,527,85.81657481194608,3.840607210626186,0.05421686746987952,0.1859582542694497,0.3038717246773563,0.35294117647058826,Blank Space,Taylor Swift
1503,/wiki/Watch_Me_(Whip/Nae_Nae),2015,2012-2017,8,top20,422,5.0584266436979615,3.4170616113744074,0.30278884462151395,0.009478672985781991,0.09549356223175966,0.061611374407582936,Watch Me,Silentó
1504,/wiki/Earned_It,2015,2012-2017,9,top20,327,11.148821796759941,3.8134556574923546,0.13675213675213677,0.11009174311926606,0.2619949494949495,0.24770642201834864,Earned It,The Weeknd
1505,/wiki/The_Hills_(song),2015,2012-2017,10,top20,459,22.775443795750228,3.747276688453159,0.08176100628930817,0.14814814814814814,0.2448512585812357,0.27233115468409586,The Hills,The Weeknd
1506,/wiki/Cheerleader_(song),2015,2012-2017,11,top20,317,44.18654646324549,3.7981072555205047,0.13333333333333333,0.12618296529968454,0.2677165354330709,0.28391167192429023,Cheerleader,OMI
1507,/wiki/Can%27t_Feel_My_Face,2015,2012-2017,12,top20,506,14.669747899159663,3.16600790513834,0.3069306930693069,0.029644268774703556,0.17275747508305647,0.13636363636363635,Can't Feel My Face,The Weeknd
1508,/wiki/Love_Me_Like_You_Do,2015,2012-2017,13,top20,381,13.895888594164456,3.3175853018372705,0.2222222222222222,0.11023622047244094,0.2337976983646275,0.2335958005249344,Love Me Like You Do,Ellie Goulding
1509,/wiki/Take_Me_to_Church,2015,2012-2017,14,top20,437,75.6961662393866,3.876430205949657,0.04487179487179487,0.2242562929061785,0.3002341920374707,0.3501144164759725,Take Me to Church,Hozier
1510,/wiki/Bad_Blood_(Taylor_Swift_song),2015,2012-2017,15,top20,495,40.99751110596611,3.56969696969697,0.12949640287769784,0.09494949494949495,0.22867194371152155,0.2383838383838384,Bad Blood,Taylor Swift & Kendrick Lamar
1511,/wiki/Lean_On,2015,2012-2017,16,top20,327,15.956332121873313,3.253822629969419,0.296875,0.12538226299694188,0.23795830337886412,0.22629969418960244,Lean On,Major Lazer & DJ Snake & MØ
1512,/wiki/Want_to_Want_Me,2015,2012-2017,17,top20,482,13.439691282469742,3.2531120331950207,0.5523809523809524,0.0912863070539419,0.20819112627986347,0.17219917012448133,Want to Want Me,Jason Derulo
1513,/wiki/Shake_It_Off_(Taylor_Swift_song),2015,2012-2017,18,top20,567,8.526797829036635,3.6031746031746033,0.28,0.07936507936507936,0.20464939024390244,0.19753086419753085,Shake It Off,Taylor Swift
1514,/wiki/Where_Are_%C3%9C_Now,2015,2012-2017,19,top20,341,11.072762645914397,3.131964809384164,0.40540540540540543,0.1378299120234604,0.24645892351274787,0.21700879765395895,Where Are Ü Now,Skrillex & Diplo & Jack Ü & Justin Bieber
1515,/wiki/Fight_Song_(Rachel_Platten_song),2015,2012-2017,20,top20,359,49.15719460135398,3.8133704735376046,0.12142857142857143,0.04735376044568245,0.26011560693641617,0.3008356545961003,Fight Song,Rachel Platten
1516,/wiki/679_(song),2015,2012-2017,21,other,556,64.87214342001576,3.676258992805755,0.06698564593301436,0.18165467625899281,0.36084452975047987,0.35071942446043164,679,Fetty Wap
1517,/wiki/Lips_Are_Movin,2015,2012-2017,22,other,530,21.233974358974358,3.6830188679245284,0.13953488372093023,0.10377358490566038,0.2293794186959937,0.23773584905660378,Lips Are Movin,Meghan Trainor
1518,/wiki/Worth_It_(Fifth_Harmony_song),2015,2012-2017,23,other,639,16.67106341673857,3.269170579029734,0.18461538461538463,0.048513302034428794,0.18569865012769063,0.1596244131455399,Worth It,Fifth Harmony & Kid Ink
1519,/wiki/Post_to_Be,2015,2012-2017,24,other,753,25.078213337047423,3.4342629482071714,0.14388489208633093,0.12616201859229748,0.28786536758193093,0.24435590969455512,Post to Be,Omarion & Chris Brown & Jhené Aiko
1520,"/wiki/Honey,_I%27m_Good.",2015,2012-2017,25,other,420,22.16098066205449,3.6595238095238094,0.192,0.09523809523809523,0.2065439672801636,0.21428571428571427,"Honey, I'm Good.",Andy Grammer
1521,/wiki/I%27m_Not_the_Only_One,2015,2012-2017,26,other,248,28.264705882352942,3.5080645161290325,0.125,0.25806451612903225,0.3122775800711744,0.3629032258064516,I'm Not the Only One,Sam Smith
1522,/wiki/Good_for_You_(Selena_Gomez_song),2015,2012-2017,27,other,445,29.826519007906423,3.5977528089887643,0.06451612903225806,0.14157303370786517,0.3193359375,0.3056179775280899,Good for You,Selena Gomez & ASAP Rocky
1523,/wiki/All_About_That_Bass,2015,2012-2017,28,other,521,18.630906768837804,3.802303262955854,0.2171945701357466,0.07677543186180422,0.2263553620894341,0.23032629558541268,All About That Bass,Meghan Trainor
1524,/wiki/Style_(Taylor_Swift_song),2015,2012-2017,29,other,399,36.41690756941803,3.6165413533834587,0.10476190476190476,0.15789473684210525,0.28363047001620745,0.3208020050125313,Style,Taylor Swift
1525,/wiki/Hotline_Bling,2015,2012-2017,30,other,439,34.520196446308354,3.8109339407744875,0.07894736842105263,0.1366742596810934,0.2563619227144204,0.2733485193621868,Hotline Bling,Drake
1526,/wiki/Hey_Mama_(David_Guetta_song),2015,2012-2017,31,other,541,28.783577060448817,3.402957486136784,0.09090909090909091,0.11829944547134935,0.2653910149750416,0.25693160813308685,Hey Mama,David Guetta & Nicki Minaj & Bebe Rexha & Afrojack
1527,/wiki/G.D.F.R._(song),2015,2012-2017,32,other,407,25.45171089385475,3.705159705159705,0.12142857142857143,0.21621621621621623,0.3094747682801236,0.35626535626535627,G.D.F.R.,Flo Rida & Sage the Gemini & Lookas
1528,/wiki/What_Do_You_Mean%3F,2015,2012-2017,33,other,457,23.638623812461816,3.5667396061269145,0.13333333333333333,0.0700218818380744,0.22629823725583612,0.20350109409190373,What Do You Mean?,Justin Bieber
1529,/wiki/Photograph_(Ed_Sheeran_song),2015,2012-2017,34,other,323,54.20317079029546,3.9380804953560373,0.0594059405940594,0.1238390092879257,0.330630068621335,0.3684210526315789,Photograph,Ed Sheeran
1530,/wiki/Hello_(Adele_song),2015,2012-2017,35,other,365,21.072534222358478,4.1506849315068495,0.1568627450980392,0.16164383561643836,0.27074468085106385,0.32602739726027397,Hello,Adele
1531,/wiki/Stitches_(Shawn_Mendes_song),2015,2012-2017,36,other,356,37.83243661857015,4.132022471910112,0.0661764705882353,0.12078651685393259,0.23682781097229766,0.2949438202247191,Stitches,Shawn Mendes
1532,/wiki/Talking_Body,2015,2012-2017,37,other,443,31.800284292821605,3.3318284424379234,0.17073170731707318,0.06997742663656885,0.20686070686070687,0.21218961625282168,Talking Body,Tove Lo
1533,/wiki/Jealous_(Nick_Jonas_song),2015,2012-2017,38,other,368,30.9231184246021,4.114130434782608,0.26,0.11956521739130435,0.23734177215189872,0.2717391304347826,Jealous,Nick Jonas
1534,/wiki/Time_of_Our_Lives_(Pitbull_and_Ne-Yo_song),2015,2012-2017,39,other,646,36.730994150950714,3.613003095975232,0.09615384615384616,0.13622291021671826,0.27757414195268243,0.28173374613003094,Time of Our Lives,Pitbull & Ne-Yo
1535,/wiki/Locked_Away,2015,2012-2017,40,other,567,24.13858695652174,3.567901234567901,0.11504424778761062,0.08112874779541446,0.2121095256459699,0.20105820105820105,Locked Away,R. City & Adam Levine
1536,/wiki/Somebody_(Natalie_La_Rose_song),2015,2012-2017,41,other,432,19.677018633540374,3.7962962962962963,0.14953271028037382,0.05092592592592592,0.18614718614718614,0.2037037037037037,Somebody,Natalie La Rose & Jeremih
1537,/wiki/FourFiveSeconds,2015,2012-2017,42,other,297,87.07940145177164,3.8417508417508417,0.047058823529411764,0.1750841750841751,0.33607681755829905,0.39730639730639733,FourFiveSeconds,Rihanna & Kanye West & Paul McCartney
1538,/wiki/Centuries_(song),2015,2012-2017,43,other,334,24.774725274725277,3.964071856287425,0.1322314049586777,0.19760479041916168,0.28769601930036187,0.3383233532934132,Centuries,Fall Out Boy
1539,/wiki/My_Way_(Fetty_Wap_song),2015,2012-2017,44,other,435,56.88164893617021,3.6551724137931036,0.11888111888111888,0.22528735632183908,0.38291605301914583,0.3931034482758621,My Way,Fetty Wap
1540,/wiki/Take_Your_Time_(Sam_Hunt_song),2015,2012-2017,45,other,396,30.87989671075762,3.7853535353535355,0.19607843137254902,0.2222222222222222,0.34651898734177217,0.35858585858585856,Take Your Time,Sam Hunt
1541,/wiki/Animals_(Maroon_5_song),2015,2012-2017,46,other,537,20.19496226627619,3.7690875232774674,0.12301587301587301,0.05772811918063315,0.2137582588418189,0.20297951582867785,Animals,Maroon 5
1542,/wiki/I_Don%27t_Fuck_with_You,2015,2012-2017,47,other,1012,26.262810858665574,3.6650197628458496,0.09016393442622951,0.19268774703557312,0.3247541326637372,0.2984189723320158,I Don't Fuck with You,Big Sean & E-40
1543,/wiki/Bitch_Better_Have_My_Money,2015,2012-2017,48,other,382,16.640151515151516,3.9293193717277486,0.20125786163522014,0.09424083769633508,0.22804232804232805,0.23821989528795812,Bitch Better Have My Money,Rihanna
1544,"/wiki/Flex_(Ooh,_Ooh,_Ooh)",2015,2012-2017,49,other,543,32.55413350217077,3.596685082872928,0.2336448598130841,0.1712707182320442,0.3149920255183413,0.31307550644567217,"Flex (Ooh, Ooh, Ooh)",Rich Homie Quan
1545,/wiki/Nasty_Freestyle,2015,2012-2017,50,other,361,135.05615911010662,3.772853185595568,0.029197080291970802,0.43213296398891965,0.4865020103388857,0.5761772853185596,Nasty Freestyle,T-Wayne
1546,/wiki/Only_(Nicki_Minaj_song),2015,2012-2017,51,other,888,64.68657393563821,3.859234234234234,0.04871060171919771,0.23986486486486486,0.3833218152499424,0.38063063063063063,Only,Nicki Minaj & Drake & Lil Wayne & Chris Brown
1547,/wiki/Elastic_Heart,2015,2012-2017,52,other,397,23.352941176470587,3.5894206549118386,0.09016393442622951,0.08312342569269521,0.24740010946907498,0.25440806045340053,Elastic Heart,Sia
1548,/wiki/Cool_for_the_Summer,2015,2012-2017,53,other,343,28.6292872454448,3.685131195335277,0.10869565217391304,0.08163265306122448,0.23234200743494424,0.23615160349854228,Cool for the Summer,Demi Lovato
1549,/wiki/Renegades_(X_Ambassadors_song),2015,2012-2017,54,other,223,5.011868686868687,3.4573991031390134,0.45,0.17488789237668162,0.2672672672672673,0.2645739910313901,Renegades,X Ambassadors
1550,/wiki/I_Don%27t_Mind_(Usher_song),2015,2012-2017,55,other,696,33.98434792998387,3.5014367816091956,0.20689655172413793,0.16091954022988506,0.29732313575525815,0.28448275862068967,I Don't Mind,Usher & Juicy J
1551,/wiki/Love_Me_Harder,2015,2012-2017,56,other,475,9.231132075471699,3.5431578947368423,0.19806763285024154,0.08842105263157894,0.24479407681628876,0.2,Love Me Harder,Ariana Grande & The Weeknd
1552,/wiki/Wildest_Dreams_(Taylor_Swift_song),2015,2012-2017,57,other,356,36.435565279137165,3.893258426966292,0.06870229007633588,0.12078651685393259,0.2778094694808899,0.32865168539325845,Wildest Dreams,Taylor Swift
1553,/wiki/Stay_with_Me_(Sam_Smith_song),2015,2012-2017,58,other,169,51.74966097097912,3.6449704142011834,0.2222222222222222,0.23668639053254437,0.3269961977186312,0.39644970414201186,Stay with Me,Sam Smith
1554,/wiki/You_Know_You_Like_It,2015,2012-2017,59,other,332,18.501369791338497,3.7801204819277108,0.2159090909090909,0.1144578313253012,0.2380352644836272,0.2740963855421687,You Know You Like It,DJ Snake & AlunaGeorge
1555,/wiki/Uma_Thurman_(song),2015,2012-2017,60,other,334,42.52314814814815,3.592814371257485,0.10309278350515463,0.08682634730538923,0.23307291666666666,0.26047904191616766,Uma Thurman,Fall Out Boy
1556,/wiki/7/11_(song),2015,2012-2017,61,other,681,8.283917760977022,3.632892804698972,0.09859154929577464,0.06020558002936858,0.20018796992481203,0.15418502202643172,7/11,Beyoncé
1557,/wiki/The_Heart_Wants_What_It_Wants,2015,2012-2017,62,other,405,26.15625,4.012345679012346,0.16363636363636364,0.1382716049382716,0.26279527559055116,0.2938271604938272,The Heart Wants What It Wants,Selena Gomez
1558,/wiki/Girl_Crush,2015,2012-2017,63,other,195,37.15956543880496,3.6564102564102563,0.07936507936507936,0.14871794871794872,0.3555070883315158,0.40512820512820513,Girl Crush,Little Big Town
1559,/wiki/Slow_Motion_(Trey_Songz_song),2015,2012-2017,64,other,270,25.345403899721447,3.588888888888889,0.12195121951219512,0.17777777777777778,0.31476997578692495,0.34074074074074073,Slow Motion,Trey Songz
1560,/wiki/Drag_Me_Down,2015,2012-2017,65,other,380,24.541666666666664,3.721052631578947,0.21052631578947367,0,0.17177914110429449,0.2,Drag Me Down,One Direction
1561,/wiki/Truffle_Butter,2015,2012-2017,66,other,555,55.8326799074445,4.007207207207207,0.08530805687203792,0.3009009009009009,0.414651493598862,0.4486486486486487,Truffle Butter,Nicki Minaj & Drake & Lil Wayne
1562,/wiki/One_Last_Time_(Ariana_Grande_song),2015,2012-2017,67,other,404,34.56792136612765,3.4207920792079207,0.11904761904761904,0.054455445544554455,0.2371364653243848,0.22524752475247525,One Last Time,Ariana Grande
1563,/wiki/Chains_(Nick_Jonas_song),2015,2012-2017,68,other,317,14.202098197841774,3.684542586750789,0.22448979591836735,0.0914826498422713,0.20995962314939434,0.19873817034700317,Chains,Nick Jonas
1564,/wiki/All_Eyes_on_You,2015,2012-2017,69,other,600,27.570288409214584,3.6,0.1822429906542056,0.13666666666666666,0.30068173663437386,0.275,All Eyes on You,Meek Mill & Chris Brown & Nicki Minaj
1565,/wiki/No_Type,2015,2012-2017,70,other,476,43.94953271028038,3.51890756302521,0.10919540229885058,0.15966386554621848,0.3096446700507614,0.30462184873949577,No Type,Rae Sremmurd
1566,/wiki/Riptide_(Vance_Joy_song),2015,2012-2017,71,other,357,47.8125,3.8907563025210083,0.06153846153846154,0.14565826330532214,0.2528344671201814,0.29411764705882354,Riptide,Vance Joy
1567,/wiki/Classic_Man,2015,2012-2017,72,other,525,27.997156618116403,3.6914285714285713,0.13157894736842105,0.1580952380952381,0.2823529411764706,0.2914285714285714,Classic Man,Jidenna & Roman GianArthur
1568,/wiki/Ex%27s_%26_Oh%27s,2015,2012-2017,73,other,350,35.75109834403514,3.557142857142857,0.09195402298850575,0.16,0.27885215221459764,0.29428571428571426,Ex's & Oh's,Elle King
1569,/wiki/Dear_Future_Husband,2015,2012-2017,74,other,366,73.2,3.9644808743169397,0.06349206349206349,0.18579234972677597,0.32985729967069155,0.36885245901639346,Dear Future Husband,Meghan Trainor
1570,/wiki/Marvin_Gaye_(song),2015,2012-2017,75,other,350,34.376427592507994,3.625714285714286,0.12359550561797752,0.08857142857142856,0.24229346485819975,0.24571428571428572,Marvin Gaye,Charlie Puth & Meghan Trainor
1571,/wiki/Like_I%27m_Gonna_Lose_You,2015,2012-2017,76,other,342,23.093440843541636,3.9327485380116958,0.23423423423423423,0.1871345029239766,0.29356172474896636,0.3216374269005848,Like I'm Gonna Lose You,Meghan Trainor & John Legend
1572,/wiki/Habits_(Tove_Lo_song),2015,2012-2017,77,other,388,20.500099697439943,3.4768041237113403,0.3956043956043956,0.12371134020618557,0.26146788990825687,0.2706185567010309,Habits (Stay High),Tove Lo
1573,/wiki/The_Hanging_Tree_(The_Hunger_Games_song),2015,2012-2017,78,other,265,39.482588049070046,3.781132075471698,0.16666666666666666,0.026415094339622643,0.1674565560821485,0.20754716981132076,The Hanging Tree,James Newton Howard & Jennifer Lawrence
1574,/wiki/CoCo_(O.T._Genasis_song),2015,2012-2017,79,other,351,14.874114832535884,3.3960113960113962,0.17857142857142858,0.1452991452991453,0.24341682723185612,0.26495726495726496,CoCo,O.T. Genasis
1575,"/wiki/Bang_Bang_(Jessie_J,_Ariana_Grande_and_Nicki_Minaj_song)",2015,2012-2017,80,other,619,24.283846153846156,3.4491114701130856,0.20297029702970298,0.15508885298869143,0.2738439306358382,0.2730210016155089,Bang Bang,Jessie J & Ariana Grande & Nicki Minaj
1576,/wiki/Lay_Me_Down_(Sam_Smith_song),2015,2012-2017,81,other,224,42.715798305226954,3.700892857142857,0.14583333333333334,0.20982142857142858,0.3612167300380228,0.42857142857142855,Lay Me Down,Sam Smith
1577,/wiki/Tuesday_(ILoveMakonnen_song),2015,2012-2017,82,other,590,39.970745326535564,3.6203389830508477,0.09803921568627451,0.1847457627118644,0.2691751085383502,0.2864406779661017,Tuesday,ILoveMakonnen & Drake
1578,/wiki/Hit_the_Quan,2015,2012-2017,83,other,465,24.155710491367863,3.496774193548387,0.17204301075268819,0.24731182795698925,0.3218720152817574,0.35913978494623655,Hit the Quan,iLoveMemphis
1579,/wiki/Downtown_(Macklemore_%26_Ryan_Lewis_song),2015,2012-2017,84,other,727,60.37342766158534,4.037138927097661,0.07744107744107744,0.2530949105914718,0.38465738465738464,0.41127922971114167,Downtown,Macklemore & Ryan Lewis & Eric Nally & Melle Mel & Kool Moe Dee & Grandmaster Caz
1580,/wiki/House_Party_(Sam_Hunt_song),2015,2012-2017,85,other,344,59.9081307004997,3.7936046511627906,0.09734513274336283,0.11627906976744186,0.2644026682838084,0.3081395348837209,House Party,Sam Hunt
1581,/wiki/Ayo_(Chris_Brown_and_Tyga_song),2015,2012-2017,86,other,648,43.65247430074109,3.8194444444444446,0.08571428571428572,0.18518518518518517,0.3270321361058601,0.3287037037037037,Ayo,Chris Brown & Tyga
1582,/wiki/Kick_the_Dust_Up,2015,2012-2017,87,other,351,57.18957219251337,3.52991452991453,0.08771929824561403,0.16809116809116809,0.32536186280679674,0.3504273504273504,Kick the Dust Up,Luke Bryan
1583,/wiki/Blessings_(Big_Sean_song),2015,2012-2017,88,other,913,39.71278273809524,3.8378970427163197,0.07042253521126761,0.23110624315443593,0.3867178676304495,0.36363636363636365,Blessings,Big Sean & Drake & Kanye West
1584,/wiki/Budapest_(George_Ezra_song),2015,2012-2017,89,other,301,33.8018095472038,3.5083056478405314,0.23255813953488372,0.09634551495016612,0.2485250737463127,0.2591362126245847,Budapest,George Ezra
1585,/wiki/Chandelier_(song),2015,2012-2017,90,other,379,19.747865343139225,4.068601583113456,0.11851851851851852,0.0633245382585752,0.19784725781650436,0.23482849604221637,Chandelier,Sia
1586,/wiki/Heartbeat_Song_(Kelly_Clarkson_song),2015,2012-2017,91,other,432,26.685624720107477,3.423611111111111,0.21875,0.1388888888888889,0.22984293193717278,0.23842592592592593,Heartbeat Song,Kelly Clarkson
1587,/wiki/Don%27t_(Ed_Sheeran_song),2015,2012-2017,92,other,589,70.47140794456436,3.7266553480475384,0.05844155844155844,0.22920203735144312,0.37070200573065903,0.37181663837011886,Don't,Ed Sheeran
1588,/wiki/Ghost_(Ella_Henderson_song),2015,2012-2017,93,other,459,44.50097094792882,3.7734204793028323,0.16666666666666666,0.13725490196078433,0.23930846223839855,0.25054466230936817,Ghost,Ella Henderson
1589,/wiki/Here_(Alessia_Cara_song),2015,2012-2017,94,other,464,26.532300579867027,3.6702586206896552,0.03333333333333333,0.25,0.39321723189734187,0.4051724137931034,Here,Alessia Cara
1590,/wiki/Waves_(Mr._Probz_song),2015,2012-2017,95,other,126,16.390945832946205,4.380952380952381,0.16326530612244897,0.2619047619047619,0.3559822747415066,0.4444444444444444,Waves,Mr Probz
1591,/wiki/El_Perd%C3%B3n,2015,2012-2017,96,other,412,35.311715399356025,3.2233009708737863,0.05185185185185185,0.18446601941747573,0.3321878579610538,0.3131067961165049,El Perdón,Nicky Jam & Enrique Iglesias
1592,/wiki/She_Knows_(Ne-Yo_song),2015,2012-2017,97,other,520,12.191202265578301,3.6923076923076925,0.031496062992125984,0.21923076923076923,0.3276073619631902,0.3346153846153846,She Knows,Ne-Yo & Juicy J
1593,/wiki/Night_Changes,2015,2012-2017,98,other,345,49.92408200772011,4.249275362318841,0.23484848484848486,0.11304347826086956,0.2618522601984565,0.3101449275362319,Night Changes,One Direction
1594,/wiki/Back_to_Back_(Drake_song),2015,2012-2017,99,other,528,55.05736484562503,3.731060606060606,0.053691275167785234,0.2537878787878788,0.4284581847007531,0.42045454545454547,Back to Back,Drake
1595,/wiki/How_Deep_Is_Your_Love_(Calvin_Harris_and_Disciples_song),2015,2012-2017,100,other,386,14.571225071225072,3.2461139896373057,0.25675675675675674,0.05181347150259067,0.15018315018315018,0.13471502590673576,How Deep Is Your Love,Calvin Harris & Disciples
1596,/wiki/Love_Yourself,2016,2012-2017,1,top20,442,46.65555555555556,3.7171945701357467,0.10344827586206896,0.09954751131221719,0.25748218527315914,0.2647058823529412,Love Yourself,Justin Bieber
1597,/wiki/Sorry_(Justin_Bieber_song),2016,2012-2017,2,top20,359,28.147401433691755,3.3871866295264623,0.2,0.15598885793871867,0.2894236858771374,0.2841225626740947,Sorry,Justin Bieber
1598,/wiki/One_Dance,2016,2012-2017,3,top20,455,24.89635704989764,3.4967032967032967,0.11016949152542373,0.12967032967032968,0.28661800486618005,0.27912087912087913,One Dance,Drake & Wizkid & Kyla
1599,/wiki/Work_(Rihanna_song),2016,2012-2017,4,top20,576,9.933987511150757,3.7378472222222223,0.13114754098360656,0.1892361111111111,0.31188299817184645,0.3107638888888889,Work,Rihanna & Drake
1600,/wiki/Stressed_Out,2016,2012-2017,5,top20,542,38.24982357092449,3.802583025830258,0.06451612903225806,0.11254612546125461,0.2492343032159265,0.26383763837638374,Stressed Out,Twenty One Pilots
1601,/wiki/Panda_(Desiigner_song),2016,2012-2017,6,top20,785,28.122758100979652,4.057324840764331,0.1087866108786611,0.10828025477707007,0.2695760598503741,0.24076433121019108,Panda,Desiigner
1602,/wiki/Hello_(Adele_song),2016,2012-2017,7,top20,365,21.072534222358478,4.1506849315068495,0.1568627450980392,0.16164383561643836,0.27074468085106385,0.32602739726027397,Hello,Adele
1603,/wiki/Don%27t_Let_Me_Down_(The_Chainsmokers_song),2016,2012-2017,8,top20,367,11.31641366223909,3.3732970027247955,0.15555555555555556,0.05449591280653951,0.17894736842105263,0.17438692098092642,Don't Let Me Down,The Chainsmokers & Daya
1604,/wiki/Can%27t_Stop_the_Feeling!,2016,2012-2017,9,top20,551,21.756543321299638,3.8112522686025407,0.24193548387096775,0.047186932849364795,0.21913236929922136,0.1996370235934664,Can't Stop the Feeling!,Justin Timberlake
1605,/wiki/Closer_(The_Chainsmokers_song),2016,2012-2017,10,top20,371,24.801003191974466,3.8598382749326148,0.1504424778761062,0.09164420485175202,0.23338824821526633,0.2668463611859838,Closer,The Chainsmokers & Halsey
1606,/wiki/Cheap_Thrills_(song),2016,2012-2017,11,top20,356,11.675268817204302,3.441011235955056,0.1891891891891892,0.02247191011235955,0.17003792667509482,0.15730337078651685,Cheap Thrills,Sia & Sean Paul
1607,/wiki/7_Years_(Lukas_Graham_song),2016,2012-2017,12,top20,442,50.932456924633705,3.8552036199095023,0.05357142857142857,0.19004524886877827,0.36638733705772814,0.37104072398190047,7 Years,Lukas Graham
1608,/wiki/Needed_Me,2016,2012-2017,13,top20,293,32.21854787508432,3.6587030716723548,0.06593406593406594,0.07849829351535836,0.3121345029239766,0.33447098976109213,Needed Me,Rihanna
1609,/wiki/My_House_(Flo_Rida_song),2016,2012-2017,14,top20,427,28.942546176281724,3.711943793911007,0.17073170731707318,0.1873536299765808,0.30899155489319424,0.32786885245901637,My House,Flo Rida
1610,/wiki/I_Took_a_Pill_in_Ibiza,2016,2012-2017,15,top20,408,35.70627306273063,3.8063725490196076,0.08571428571428572,0.22549019607843138,0.3138351983723296,0.35784313725490197,I Took a Pill in Ibiza,Mike Posner
1611,/wiki/Work_from_Home_(song),2016,2012-2017,16,top20,485,11.238027118134582,3.5278350515463917,0.10576923076923077,0.14432989690721648,0.2728921124206709,0.2618556701030928,Work from Home,Fifth Harmony & Ty Dolla Sign
1612,/wiki/This_Is_What_You_Came_For,2016,2012-2017,17,top20,261,6.776339880705281,3.6436781609195403,0.674074074074074,0.08812260536398467,0.16065573770491803,0.18007662835249041,This Is What You Came For,Calvin Harris & Rihanna
1613,/wiki/Cake_by_the_Ocean,2016,2012-2017,18,top20,500,23.65664845173042,3.588,0.05752212389380531,0.092,0.23860705073086844,0.246,Cake by the Ocean,DNCE
1614,"/wiki/Me,_Myself_%26_I_(G-Eazy_and_Bebe_Rexha_song)",2016,2012-2017,19,top20,723,23.616111655239962,3.536652835408022,0.20689655172413793,0.1590594744121715,0.29566797940018175,0.27385892116182575,"Me, Myself & I",G-Eazy & Bebe Rexha
1615,/wiki/Ride_(Twenty_One_Pilots_song),2016,2012-2017,20,top20,421,13.836745689655173,3.795724465558195,0.20155038759689922,0.1163895486935867,0.23772484200291688,0.25415676959619954,Ride,Twenty One Pilots
1616,/wiki/Heathens_(song),2016,2012-2017,21,other,364,54.91920946045204,4.010989010989011,0.06315789473684211,0.19230769230769232,0.2907295666483818,0.33791208791208793,Heathens,Twenty One Pilots
1617,/wiki/Pillowtalk_(song),2016,2012-2017,22,other,338,14.974749821854573,3.9023668639053253,0.09333333333333334,0.0621301775147929,0.2118847539015606,0.23372781065088757,Pillowtalk,Zayn
1618,/wiki/Stitches_(Shawn_Mendes_song),2016,2012-2017,23,other,356,37.83243661857015,4.132022471910112,0.0661764705882353,0.12078651685393259,0.23682781097229766,0.2949438202247191,Stitches,Shawn Mendes
1619,/wiki/Hotline_Bling,2016,2012-2017,24,other,439,34.520196446308354,3.8109339407744875,0.07894736842105263,0.1366742596810934,0.2563619227144204,0.2733485193621868,Hotline Bling,Drake
1620,/wiki/Cold_Water_(song),2016,2012-2017,25,other,277,21.43452380952381,3.7256317689530687,0.09523809523809523,0.1444043321299639,0.3150266971777269,0.33935018050541516,Cold Water,Major Lazer & Justin Bieber & MØ
1621,/wiki/Send_My_Love_(To_Your_New_Lover),2016,2012-2017,26,other,405,40.744263018534866,3.65679012345679,0.13513513513513514,0.08148148148148149,0.1984084880636605,0.2123456790123457,Send My Love (To Your New Lover),Adele
1622,/wiki/Roses_(The_Chainsmokers_song),2016,2012-2017,27,other,227,15.394252873563218,3.5682819383259914,0.38095238095238093,0.14537444933920704,0.2982625482625483,0.3392070484581498,Roses,The Chainsmokers & Rozes
1623,/wiki/Treat_You_Better_(Shawn_Mendes_song),2016,2012-2017,28,other,293,41.10755019008871,3.6791808873720138,0.13043478260869565,0.13651877133105803,0.29745454545454547,0.31399317406143346,Treat You Better,Shawn Mendes
1624,/wiki/Too_Good_(Drake_song),2016,2012-2017,29,other,547,25.14089813140446,3.5722120658135283,0.06382978723404255,0.12797074954296161,0.2992,0.2870201096892139,Too Good,Drake & Rihanna
1625,/wiki/Low_Life_(song),2016,2012-2017,30,other,847,13.339409722222221,4.132231404958677,0.10893854748603352,0.13931523022432113,0.29,0.27036599763872493,Low Life,Future & The Weeknd
1626,/wiki/What_Do_You_Mean%3F,2016,2012-2017,31,other,457,23.638623812461816,3.5667396061269145,0.13333333333333333,0.0700218818380744,0.22629823725583612,0.20350109409190373,What Do You Mean?,Justin Bieber
1627,/wiki/The_Hills_(song),2016,2012-2017,32,other,459,22.775443795750228,3.747276688453159,0.08176100628930817,0.14814814814814814,0.2448512585812357,0.27233115468409586,The Hills,The Weeknd
1628,/wiki/Just_Like_Fire,2016,2012-2017,33,other,496,22.721676955189412,3.4858870967741935,0.1897810218978102,0.11290322580645161,0.256478999106345,0.25201612903225806,Just Like Fire,P!nk
1629,/wiki/Broccoli_(D.R.A.M._song),2016,2012-2017,34,other,612,59.58177620300731,3.7565359477124183,0.03305785123966942,0.24019607843137256,0.39925119128658954,0.4068627450980392,Broccoli,DRAM & Lil Yachty
1630,/wiki/Don%27t_(Bryson_Tiller_song),2016,2012-2017,35,other,382,49.26638756883156,3.7591623036649215,0.05511811023622047,0.3010471204188482,0.43416757344940154,0.46596858638743455,Don't,Bryson Tiller
1631,/wiki/Dangerous_Woman_(song),2016,2012-2017,36,other,395,18.03422538999462,4.473417721518987,0.20657276995305165,0.13164556962025317,0.22592099422991566,0.25569620253164554,Dangerous Woman,Ariana Grande
1632,/wiki/Jumpman_(song),2016,2012-2017,37,other,492,31.775,4.2073170731707314,0.14227642276422764,0.2601626016260163,0.37751159196290573,0.4247967479674797,Jumpman,Drake & Future
1633,"/wiki/I_Hate_U,_I_Love_U",2016,2012-2017,38,other,570,27.399646330680813,3.5719298245614035,0.128,0.18421052631578946,0.3401151631477927,0.3192982456140351,"I Hate U, I Love U",Gnash & Olivia O'Brien
1634,/wiki/Here_(Alessia_Cara_song),2016,2012-2017,39,other,464,26.532300579867027,3.6702586206896552,0.03333333333333333,0.25,0.39321723189734187,0.4051724137931034,Here,Alessia Cara
1635,/wiki/Same_Old_Love,2016,2012-2017,40,other,407,17.767189835575486,3.3587223587223587,0.28865979381443296,0.06633906633906633,0.19887323943661972,0.19656019656019655,Same Old Love,Selena Gomez
1636,/wiki/Controlla,2016,2012-2017,41,other,432,17.25245245886927,3.863425925925926,0.15584415584415584,0.19907407407407407,0.3269961977186312,0.3541666666666667,Controlla,Drake
1637,/wiki/Like_I%27m_Gonna_Lose_You,2016,2012-2017,42,other,342,23.093440843541636,3.9327485380116958,0.23423423423423423,0.1871345029239766,0.29356172474896636,0.3216374269005848,Like I'm Gonna Lose You,Meghan Trainor & John Legend
1638,/wiki/One_Call_Away_(Charlie_Puth_song),2016,2012-2017,43,other,236,43.266666666666666,3.707627118644068,0.21153846153846154,0.2033898305084746,0.29972997299729975,0.3601694915254237,One Call Away,Charlie Puth
1639,/wiki/Let_It_Go_(James_Bay_song),2016,2012-2017,44,other,294,35.550650820599884,3.7312925170068025,0.046875,0.2619047619047619,0.3709561466570812,0.4013605442176871,Let It Go,James Bay
1640,/wiki/No_(Meghan_Trainor_song),2016,2012-2017,45,other,682,9.956734867860188,3.2595307917888565,0.12290502793296089,0.07038123167155426,0.1958904109589041,0.15835777126099707,No,Meghan Trainor
1641,/wiki/Never_Forget_You_(Zara_Larsson_and_MNEK_song),2016,2012-2017,46,other,519,20.971085248157603,3.4720616570327554,0.1794871794871795,0.07514450867052024,0.23464163822525597,0.21772639691714837,Never Forget You,Zara Larsson & MNEK
1642,/wiki/Let_Me_Love_You_(DJ_Snake_song),2016,2012-2017,47,other,387,8.237771739130434,3.3229974160206717,0.36363636363636365,0.06976744186046512,0.2084574151280524,0.18863049095607234,Let Me Love You,DJ Snake & Justin Bieber
1643,/wiki/Don%27t_Mind_(Kent_Jones_song),2016,2012-2017,48,other,599,45.600133723892,3.5025041736227047,0.05612244897959184,0.08848080133555926,0.20420974889217133,0.2036727879799666,Don't Mind,Kent Jones
1644,/wiki/H.O.L.Y.,2016,2012-2017,49,other,261,18.282797196299533,4.011494252873563,0.26881720430107525,0.2950191570881226,0.33583771600300527,0.41379310344827586,H.O.L.Y.,Florida Georgia Line
1645,/wiki/We_Don%27t_Talk_Anymore_(Charlie_Puth_song),2016,2012-2017,50,other,474,25.278256070640175,3.7911392405063293,0.20535714285714285,0.12025316455696203,0.21535087719298246,0.24261603375527427,We Don't Talk Anymore,Charlie Puth & Selena Gomez
1646,/wiki/Into_You_(Ariana_Grande_song),2016,2012-2017,51,other,485,33.03205457273732,3.806185567010309,0.152,0.08041237113402062,0.22397610921501707,0.22474226804123712,Into You,Ariana Grande
1647,/wiki/Gold_(Kiiara_song),2016,2012-2017,52,other,606,15.271253358067163,3.442244224422442,0.20394736842105263,0.024752475247524754,0.1200297287253809,0.09735973597359736,Gold,Kiiara
1648,/wiki/Exchange_(Bryson_Tiller_song),2016,2012-2017,53,other,412,51.67610032075307,3.6601941747572817,0.059322033898305086,0.29854368932038833,0.44018643190056966,0.46359223300970875,Exchange,Bryson Tiller
1649,/wiki/679_(song),2016,2012-2017,54,other,556,64.87214342001576,3.676258992805755,0.06698564593301436,0.18165467625899281,0.36084452975047987,0.35071942446043164,679,Fetty Wap & Remy Boyz
1650,/wiki/Oui_(song),2016,2012-2017,55,other,420,21.05263157894737,3.4047619047619047,0.1360544217687075,0.09523809523809523,0.2518918918918919,0.25476190476190474,Oui,Jeremih
1651,/wiki/Hands_to_Myself,2016,2012-2017,56,other,305,20.877369007803793,3.777049180327869,0.4186046511627907,0.12131147540983607,0.2348901098901099,0.23934426229508196,Hands to Myself,Selena Gomez
1652,/wiki/2_Phones,2016,2012-2017,57,other,758,34.300968992248066,3.930079155672823,0.1694915254237288,0.20712401055408972,0.2618296529968454,0.29815303430079154,2 Phones,Kevin Gates
1653,/wiki/Starboy_(song),2016,2012-2017,58,other,612,8.62142857142857,3.392156862745098,0.4481792717086835,0.1454248366013072,0.24631268436578171,0.27450980392156865,Starboy,The Weeknd & Daft Punk
1654,/wiki/For_Free,2016,2012-2017,59,other,471,33.74151654796816,3.6454352441613587,0.05982905982905983,0.23142250530785563,0.38093065693430656,0.386411889596603,For Free,DJ Khaled & Drake
1655,/wiki/Never_Be_Like_You,2016,2012-2017,60,other,378,46.734170305676855,3.814814814814815,0.09210526315789473,0.1164021164021164,0.21972602739726027,0.25396825396825395,Never Be Like You,Flume & Kai
1656,/wiki/In_the_Night_(The_Weeknd_song),2016,2012-2017,61,other,388,23.671326930302257,3.961340206185567,0.08849557522123894,0.0979381443298969,0.25116039195461576,0.25773195876288657,In the Night,The Weeknd
1657,/wiki/Me_Too_(Meghan_Trainor_song),2016,2012-2017,62,other,365,21.685318449682683,3.1890410958904107,0.24271844660194175,0.12602739726027398,0.2635003253090436,0.2602739726027397,Me Too,Meghan Trainor
1658,/wiki/Ex%27s_%26_Oh%27s,2016,2012-2017,63,other,350,35.75109834403514,3.557142857142857,0.09195402298850575,0.16,0.27885215221459764,0.29428571428571426,Ex's & Oh's,Elle King
1659,/wiki/Die_a_Happy_Man,2016,2012-2017,64,other,316,38.09420148612526,3.5348101265822787,0.0761904761904762,0.2310126582278481,0.3702928870292887,0.3829113924050633,Die a Happy Man,Thomas Rhett
1660,/wiki/White_Iverson,2016,2012-2017,65,other,461,16.769179894179892,3.82646420824295,0.07253886010362694,0.1648590021691974,0.31954225352112675,0.3318872017353579,White Iverson,Post Malone
1661,/wiki/Close_(Nick_Jonas_song),2016,2012-2017,66,other,438,18.714545454545455,3.6575342465753424,0.2641509433962264,0.1095890410958904,0.24101068999028183,0.22602739726027396,Close,Nick Jonas & Tove Lo
1662,/wiki/Unsteady_(X_Ambassadors_song),2016,2012-2017,67,other,177,11.021978021978022,3.7966101694915255,0.4166666666666667,0.12429378531073447,0.2270081490104773,0.24858757062146894,Unsteady,X Ambassadors
1663,/wiki/Sucker_for_Pain,2016,2012-2017,68,other,629,36.70753105342146,3.8060413354531,0.08085106382978724,0.2384737678855326,0.3597640891218873,0.3656597774244833,Sucker for Pain,Lil Wayne & Wiz Khalifa & Imagine Dragons & Logic & Ty Dolla Sign & X Ambassadors
1664,/wiki/Down_in_the_DM,2016,2012-2017,69,other,452,20.633979644900084,3.1283185840707963,0.1968503937007874,0.08628318584070796,0.2359850507207688,0.22123893805309736,Down in the DM,Yo Gotti & Nicki Minaj
1665,/wiki/Luv_(Tory_Lanez_song),2016,2012-2017,70,other,506,18.07656551739486,3.355731225296443,0.1836734693877551,0.0691699604743083,0.2076923076923077,0.18972332015810275,Luv,Tory Lanez
1666,/wiki/Sorry_(Beyonc%C3%A9_song),2016,2012-2017,71,other,447,17.25625697433445,3.821029082774049,0.09090909090909091,0.203579418344519,0.3081180811808118,0.32662192393736017,Sorry,Beyoncé
1667,/wiki/Can%27t_Feel_My_Face,2016,2012-2017,72,other,506,14.669747899159663,3.16600790513834,0.3069306930693069,0.029644268774703556,0.17275747508305647,0.13636363636363635,Can't Feel My Face,The Weeknd
1668,/wiki/Hymn_for_the_Weekend,2016,2012-2017,73,other,379,13.553001277139208,3.2981530343007917,0.12745098039215685,0.07651715039577836,0.23695518723143033,0.20052770448548812,Hymn for the Weekend,Coldplay
1669,/wiki/Say_It_(Tory_Lanez_song),2016,2012-2017,74,other,633,19.622766025008538,3.338072669826224,0.1322314049586777,0.0679304897314376,0.2163235825207656,0.18167456556082148,Say It,Tory Lanez
1670,/wiki/Antidote_(Travis_Scott_song),2016,2012-2017,75,other,567,25.408905250712095,3.7707231040564375,0.16666666666666666,0.1763668430335097,0.31557678177810433,0.31393298059964725,Antidote,Travis Scott
1671,/wiki/Lost_Boy_(Ruth_B_song),2016,2012-2017,76,other,405,37.183925346177006,3.7876543209876545,0.12418300653594772,0.18271604938271604,0.29927760577915374,0.32592592592592595,Lost Boy,Ruth B
1672,/wiki/Side_to_Side,2016,2012-2017,77,other,526,26.63418801026333,3.703422053231939,0.06358381502890173,0.11977186311787072,0.28993610223642174,0.2870722433460076,Side to Side,Ariana Grande & Nicki Minaj
1673,"/wiki/Sit_Still,_Look_Pretty",2016,2012-2017,78,other,509,36.95210548259329,3.8113948919449903,0.1411764705882353,0.12180746561886051,0.2269763651181744,0.24361493123772102,"Sit Still, Look Pretty",Daya
1674,/wiki/Wildest_Dreams_(Taylor_Swift_song),2016,2012-2017,79,other,356,36.435565279137165,3.893258426966292,0.06870229007633588,0.12078651685393259,0.2778094694808899,0.32865168539325845,Wildest Dreams,Taylor Swift
1675,/wiki/Middle_(DJ_Snake_song),2016,2012-2017,80,other,199,38.20544871794871,3.8442211055276383,0.09523809523809523,0.23115577889447236,0.3891170431211499,0.46733668341708545,Middle,DJ Snake & Bipolar Sunshine
1676,/wiki/On_My_Mind_(Ellie_Goulding_song),2016,2012-2017,81,other,546,15.651105651105652,3.4249084249084247,0.23076923076923078,0.09157509157509157,0.21195876288659793,0.1813186813186813,On My Mind,Ellie Goulding
1677,/wiki/Pop_Style,2016,2012-2017,82,other,422,42.849591981873814,3.7985781990521326,0.0390625,0.2037914691943128,0.3923988153998026,0.4052132701421801,Pop Style,Drake & Jay-Z & Kanye West & [a]
1678,/wiki/When_We_Were_Young_(Adele_song),2016,2012-2017,83,other,442,23.644521138912857,3.680995475113122,0.08955223880597014,0.13122171945701358,0.2613526570048309,0.26018099547511314,When We Were Young,Adele
1679,/wiki/Hide_Away_(Daya_song),2016,2012-2017,84,other,336,23.759865092748733,3.705357142857143,0.225,0.15773809523809523,0.269449715370019,0.2916666666666667,Hide Away,Daya
1680,/wiki/Lean_On,2016,2012-2017,85,other,327,15.956332121873313,3.253822629969419,0.296875,0.12538226299694188,0.23795830337886412,0.22629969418960244,Lean On,Major Lazer & DJ Snake & MØ
1681,/wiki/I_Know_What_You_Did_Last_Summer_(song),2016,2012-2017,86,other,728,10.182316118935837,3.3365384615384617,0.31333333333333335,0.04395604395604396,0.184634840341448,0.14148351648351648,I Know What You Did Last Summer,Shawn Mendes & Camila Cabello
1682,/wiki/All_the_Way_Up_(Fat_Joe_and_Remy_Ma_song),2016,2012-2017,87,other,505,21.39345739244493,3.491089108910891,0.09322033898305085,0.17425742574257425,0.2799650043744532,0.2851485148514851,All the Way Up,Fat Joe & Remy Ma & French Montana
1683,/wiki/Watch_Me_(Whip/Nae_Nae),2016,2012-2017,88,other,422,5.0584266436979615,3.4170616113744074,0.30278884462151395,0.009478672985781991,0.09549356223175966,0.061611374407582936,Watch Me,Silentó
1684,/wiki/Back_to_Sleep_(song),2016,2012-2017,89,other,468,25.315789473684212,3.4914529914529915,0.10650887573964497,0.09615384615384616,0.28274231678487,0.25427350427350426,Back to Sleep,Chris Brown
1685,/wiki/No_Limit_(Usher_song),2016,2012-2017,90,other,603,40.65615491868144,3.683250414593698,0.13777777777777778,0.175787728026534,0.3009193776520509,0.3150912106135987,No Limit,Usher & Young Thug
1686,/wiki/Cut_It_(song),2016,2012-2017,91,other,700,18.18488529014845,3.337142857142857,0.23655913978494625,0.18285714285714286,0.3193717277486911,0.2885714285714286,Cut It,O.T. Genasis & Young Dolph
1687,/wiki/Really_Really_(song),2016,2012-2017,92,other,617,32.343064746334505,4.218800648298217,0.042328042328042326,0.2706645056726094,0.35482875655661833,0.39384116693679094,Really Really,Kevin Gates
1688,/wiki/All_In_My_Head_(Flex),2016,2012-2017,93,other,513,26.95622037184068,3.6198830409356724,0.08866995073891626,0.06432748538011696,0.2353684210526316,0.21637426900584794,All In My Head (Flex),Fifth Harmony & Fetty Wap
1689,/wiki/Starving_(song),2016,2012-2017,94,other,279,34.832711347609575,3.7240143369175627,0.1267605633802817,0.08602150537634409,0.2402694610778443,0.24014336917562723,Starving,Hailee Steinfeld & Grey & Zedd
1690,/wiki/Adventure_of_a_Lifetime,2016,2012-2017,95,other,292,11.963210702341136,3.6404109589041096,0.21705426356589147,0.1095890410958904,0.27126099706744866,0.2910958904109589,Adventure of a Lifetime,Coldplay
1691,/wiki/Humble_and_Kind,2016,2012-2017,96,other,277,55.4,4.205776173285199,0.10526315789473684,0.259927797833935,0.36049723756906077,0.4368231046931408,Humble and Kind,Tim McGraw
1692,/wiki/Wicked_(Future_song),2016,2012-2017,97,other,368,12.325641025641026,4.380434782608695,0.3350253807106599,0.2608695652173913,0.3522613065326633,0.39945652173913043,Wicked,Future
1693,/wiki/Tiimmy_Turner,2016,2012-2017,98,other,718,17.044642936497354,4.196378830083566,0.12195121951219512,0.07520891364902507,0.139889560872995,0.1573816155988858,Tiimmy Turner,Desiigner
1694,/wiki/See_You_Again,2016,2012-2017,99,other,459,31.418729096989967,3.673202614379085,0.12087912087912088,0.14596949891067537,0.3144449605202044,0.32679738562091504,See You Again,Wiz Khalifa & Charlie Puth
1695,/wiki/Perfect_(One_Direction_song),2016,2012-2017,100,other,433,50.136997009244155,4.096997690531178,0.1414141414141414,0.08083140877598152,0.2363554352728913,0.26558891454965355,Perfect,One Direction
1696,/wiki/Shape_of_You,2017,2012-2017,1,top20,702,24.063813425242074,3.376068376068376,0.12690355329949238,0.09259259259259259,0.20989650711513583,0.20655270655270655,Shape of You,Ed Sheeran
1697,/wiki/Despacito,2017,2012-2017,2,top20,542,66.09054539516656,4.077490774907749,0.04092071611253197,0.21955719557195572,0.347005444646098,0.42066420664206644,Despacito (Remix),Luis Fonsi & Daddy Yankee & Justin Bieber
1698,/wiki/That%27s_What_I_Like_(Bruno_Mars_song),2017,2012-2017,3,top20,534,20.52273913497338,3.6797752808988764,0.08,0.11797752808988764,0.27294493216280924,0.26591760299625467,That's What I Like,Bruno Mars
1699,/wiki/Humble_(Kendrick_Lamar_song),2017,2012-2017,4,top20,596,14.226158780246148,3.535234899328859,0.20202020202020202,0.22483221476510068,0.31936985320443967,0.3187919463087248,Humble,Kendrick Lamar
1700,/wiki/Something_Just_Like_This,2017,2012-2017,5,top20,325,9.477179803196588,4.064615384615385,0.5396825396825397,0.10153846153846154,0.21142162818955043,0.24615384615384617,Something Just Like This,The Chainsmokers & Coldplay
1701,/wiki/Bad_and_Boujee,2017,2012-2017,6,top20,1249,43.67904445377944,3.8174539631705366,0.05152979066022544,0.1545236188951161,0.3057335304747823,0.277822257806245,Bad and Boujee,Migos & Lil Uzi Vert
1702,/wiki/Closer_(The_Chainsmokers_song),2017,2012-2017,7,top20,371,24.801003191974466,3.8598382749326148,0.1504424778761062,0.09164420485175202,0.23338824821526633,0.2668463611859838,Closer,The Chainsmokers & Halsey
1703,/wiki/Body_Like_a_Back_Road,2017,2012-2017,8,top20,292,68.4959080811337,3.537671232876712,0.043010752688172046,0.18835616438356165,0.33633633633633636,0.3664383561643836,Body Like a Back Road,Sam Hunt
1704,/wiki/Believer_(Imagine_Dragons_song),2017,2012-2017,9,top20,411,18.470102200609908,3.802919708029197,0.1323529411764706,0.15571776155717762,0.29011099899091825,0.31630170316301703,Believer,Imagine Dragons
1705,/wiki/Congratulations_(Post_Malone_song),2017,2012-2017,10,top20,537,27.211063569682153,3.856610800744879,0.17982456140350878,0.1601489757914339,0.324531190202832,0.3165735567970205,Congratulations,Post Malone & Quavo
1706,/wiki/Say_You_Won%27t_Let_Go,2017,2012-2017,11,top20,358,47.94642857142857,3.636871508379888,0.04819277108433735,0.3016759776536313,0.40829825616355986,0.44972067039106145,Say You Won't Let Go,James Arthur
1707,/wiki/I%27m_the_One_(DJ_Khaled_song),2017,2012-2017,12,top20,927,17.53195682957633,3.5458468176914777,0.11636363636363636,0.1348435814455232,0.2627978296768106,0.24487594390507011,I'm the One,DJ Khaled & Justin Bieber & Quavo & Chance the Rapper & Lil Wayne
1708,/wiki/XO_Tour_Llif3,2017,2012-2017,13,top20,493,38.794871794871796,3.7038539553752536,0.0918918918918919,0.1744421906693712,0.3290543431750107,0.3306288032454361,XO Tour Llif3,Lil Uzi Vert
1709,/wiki/Mask_Off,2017,2012-2017,14,top20,521,18.36589205086782,4.151631477927063,0.0781758957654723,0.22072936660268713,0.30985915492957744,0.345489443378119,Mask Off,Future
1710,/wiki/Unforgettable_(French_Montana_song),2017,2012-2017,15,top20,513,67.72368816493358,3.6705653021442495,0.03424657534246575,0.10331384015594541,0.3147609147609148,0.3235867446393762,Unforgettable,French Montana & Swae Lee
1711,/wiki/24K_Magic_(song),2017,2012-2017,16,top20,483,44.367316513761466,3.8074534161490683,0.08878504672897196,0.14492753623188406,0.32032590051457976,0.33126293995859213,24K Magic,Bruno Mars
1712,/wiki/Stay_(Zedd_and_Alessia_Cara_song),2017,2012-2017,17,top20,304,36.34059925639718,3.5460526315789473,0.19767441860465115,0.09868421052631579,0.26864590876176686,0.27960526315789475,Stay,Zedd & Alessia Cara
1713,/wiki/Wild_Thoughts,2017,2012-2017,18,top20,474,24.913150812536117,3.8227848101265822,0.2983425414364641,0.1962025316455696,0.34373645426961424,0.350210970464135,Wild Thoughts,DJ Khaled & Rihanna & Bryson Tiller
1714,/wiki/Black_Beatles,2017,2012-2017,19,top20,651,97.06419809675097,3.935483870967742,0.0410958904109589,0.21812596006144394,0.321273964131107,0.3671274961597542,Black Beatles,Rae Sremmurd & Gucci Mane
1715,/wiki/Starboy_(song),2017,2012-2017,20,top20,612,8.62142857142857,3.392156862745098,0.4481792717086835,0.1454248366013072,0.24631268436578171,0.27450980392156865,Starboy,The Weeknd & Daft Punk
1716,/wiki/Location_(Khalid_song),2017,2012-2017,21,other,337,13.220769230769232,3.792284866468843,0.125,0.142433234421365,0.27441285537700866,0.28486646884273,Location,Khalid
1717,/wiki/Attention_(Charlie_Puth_song),2017,2012-2017,22,other,499,22.430924923511416,3.7895791583166334,0.14814814814814814,0.036072144288577156,0.18729508196721312,0.18837675350701402,Attention,Charlie Puth
1718,/wiki/There%27s_Nothing_Holdin%27_Me_Back,2017,2012-2017,23,other,335,39.562818869536805,4.146268656716418,0.11,0.0955223880597015,0.2535693889206168,0.29850746268656714,There's Nothing Holdin' Me Back,Shawn Mendes
1719,/wiki/Bodak_Yellow,2017,2012-2017,24,other,695,41.23177476118653,3.579856115107914,0.03879310344827586,0.1841726618705036,0.33155750548417423,0.32230215827338127,Bodak Yellow,Cardi B
1720,/wiki/Redbone_(song),2017,2012-2017,25,other,291,18.1875,3.683848797250859,0.10576923076923077,0.15120274914089346,0.30187319884726227,0.30927835051546393,Redbone,Childish Gambino
1721,/wiki/I_Don%27t_Wanna_Live_Forever,2017,2012-2017,26,other,399,33.568356234468645,3.919799498746867,0.15748031496062992,0.09774436090225563,0.22649140546006066,0.2531328320802005,I Don't Wanna Live Forever,Zayn & Taylor Swift
1722,/wiki/It_Ain%27t_Me,2017,2012-2017,27,other,334,26.81993203536205,4.12874251497006,0.17857142857142858,0.11377245508982035,0.23000583771161703,0.25748502994011974,It Ain't Me,Kygo & Selena Gomez
1723,/wiki/ISpy_(Kyle_song),2017,2012-2017,28,other,755,52.26308126709609,3.6821192052980134,0.06504065040650407,0.21589403973509932,0.368080921607193,0.37350993377483444,iSpy,Kyle & Lil Yachty
1724,/wiki/Issues_(Julia_Michaels_song),2017,2012-2017,29,other,383,27.642113095238095,3.2767624020887727,0.15789473684210525,0.09660574412532637,0.25676488274203246,0.23237597911227154,Issues,Julia Michaels
1725,/wiki/Scars_to_Your_Beautiful,2017,2012-2017,30,other,442,25.332136628781043,4.101809954751131,0.15126050420168066,0.1334841628959276,0.24977856510186006,0.27149321266968324,Scars to Your Beautiful,Alessia Cara
1726,/wiki/1-800-273-8255_(song),2017,2012-2017,31,other,544,26.645350734094617,3.6176470588235294,0.12571428571428572,0.15808823529411764,0.28497615262321147,0.2775735294117647,1-800-273-8255,Logic & Alessia Cara & Khalid
1727,/wiki/Slow_Hands_(Niall_Horan_song),2017,2012-2017,32,other,275,41.605987055016186,3.8327272727272725,0.13043478260869565,0.12,0.2583518930957684,0.29454545454545455,Slow Hands,Niall Horan
1728,/wiki/Love_on_the_Brain,2017,2012-2017,33,other,346,28.833333333333332,3.5953757225433525,0.13,0.07803468208092486,0.27672955974842767,0.28034682080924855,Love on the Brain,Rihanna
1729,/wiki/I_Feel_It_Coming,2017,2012-2017,34,other,525,11.779182818556958,3.3142857142857145,0.27102803738317754,0.08,0.17915590008613264,0.17523809523809525,I Feel It Coming,The Weeknd & Daft Punk
1730,/wiki/Bounce_Back_(Big_Sean_song),2017,2012-2017,35,other,683,43.64439592430858,3.808199121522694,0.09433962264150944,0.21669106881405564,0.3512446873102611,0.37042459736456806,Bounce Back,Big Sean
1731,/wiki/Strip_That_Down,2017,2012-2017,36,other,716,31.970039861128974,3.6103351955307263,0.2066420664206642,0.1005586592178771,0.2536319612590799,0.2388268156424581,Strip That Down,Liam Payne & Quavo
1732,/wiki/Fake_Love_(Drake_song),2017,2012-2017,37,other,474,25.41020910209102,3.586497890295359,0.1388888888888889,0.08227848101265822,0.21703296703296704,0.21518987341772153,Fake Love,Drake
1733,/wiki/Don%27t_Wanna_Know,2017,2012-2017,38,other,580,12.88888888888889,3.4120689655172414,0.28368794326241137,0.08448275862068966,0.21202655212807497,0.19482758620689655,Don't Wanna Know,Maroon 5 & Kendrick Lamar
1734,/wiki/Look_What_You_Made_Me_Do,2017,2012-2017,39,other,572,16.599175801188185,3.465034965034965,0.10101010101010101,0.08566433566433566,0.2032838154808444,0.1958041958041958,Look What You Made Me Do,Taylor Swift
1735,/wiki/Castle_on_the_Hill,2017,2012-2017,40,other,346,53.5076139088729,3.861271676300578,0.0603448275862069,0.1994219653179191,0.3617525162818236,0.3988439306358382,Castle on the Hill,Ed Sheeran
1736,/wiki/Bad_Things_(Machine_Gun_Kelly_and_Camila_Cabello_song),2017,2012-2017,41,other,574,37.65204738795791,3.721254355400697,0.08196721311475409,0.14111498257839722,0.2458532989310726,0.2508710801393728,Bad Things,Machine Gun Kelly & Camila Cabello
1737,/wiki/Paris_(The_Chainsmokers_song),2017,2012-2017,42,other,412,19.230628541260103,3.766990291262136,0.17777777777777778,0.10922330097087378,0.20405063291139242,0.21844660194174756,Paris,The Chainsmokers
1738,/wiki/Side_to_Side,2017,2012-2017,43,other,526,26.63418801026333,3.703422053231939,0.06358381502890173,0.11977186311787072,0.28993610223642174,0.2870722433460076,Side to Side,Ariana Grande & Nicki Minaj
1739,/wiki/Rockabye_(song),2017,2012-2017,44,other,612,24.5548810027107,4.15359477124183,0.14915254237288136,0.14869281045751634,0.2685624012638231,0.3022875816993464,Rockabye,Clean Bandit & Sean Paul & Anne-Marie
1740,/wiki/Feel_It_Still,2017,2012-2017,45,other,335,38.58280358069538,3.5253731343283583,0.08571428571428572,0.18208955223880596,0.2933421226104153,0.3253731343283582,Feel It Still,Portugal. The Man
1741,/wiki/Let_Me_Love_You_(DJ_Snake_song),2017,2012-2017,46,other,387,8.237771739130434,3.3229974160206717,0.36363636363636365,0.06976744186046512,0.2084574151280524,0.18863049095607234,Let Me Love You,DJ Snake & Justin Bieber
1742,/wiki/Sorry_Not_Sorry_(Demi_Lovato_song),2017,2012-2017,47,other,487,20.51377418770025,3.726899383983573,0.16233766233766234,0.08008213552361396,0.22523686477174848,0.22792607802874743,Sorry Not Sorry,Demi Lovato
1743,/wiki/Bank_Account_(song),2017,2012-2017,48,other,720,21.05204718945177,3.573611111111111,0.11684782608695653,0.17777777777777778,0.29241003931055337,0.2861111111111111,Bank Account,21 Savage
1744,/wiki/Can%27t_Stop_the_Feeling!,2017,2012-2017,49,other,551,21.756543321299638,3.8112522686025407,0.24193548387096775,0.047186932849364795,0.21913236929922136,0.1996370235934664,Can't Stop the Feeling!,Justin Timberlake
1745,/wiki/Mi_Gente_(J_Balvin_and_Willy_William_song),2017,2012-2017,50,other,286,53.554107648725214,3.6783216783216783,0.044642857142857144,0.17832167832167833,0.3691275167785235,0.4195804195804196,Mi Gente,J Balvin & Willy William & Beyoncé
1746,/wiki/Thunder_(Imagine_Dragons_song),2017,2012-2017,51,other,350,5.713035105847592,4.828571428571428,0.5736040609137056,0.15428571428571428,0.19215686274509805,0.24285714285714285,Thunder,Imagine Dragons
1747,/wiki/T-Shirt_(Migos_song),2017,2012-2017,52,other,586,58.43763705328038,4.003412969283277,0.06645569620253164,0.20136518771331058,0.3320945945945946,0.37542662116040953,T-Shirt,Migos
1748,/wiki/Rake_It_Up,2017,2012-2017,53,other,1033,11.696813472184548,3.249757986447241,0.15895953757225434,0.14908034849951599,0.2823422605537903,0.24104549854791868,Rake It Up,Yo Gotti & Nicki Minaj
1749,/wiki/Mercy_(Shawn_Mendes_song),2017,2012-2017,54,other,329,30.15833333333333,3.8419452887537995,0.17894736842105263,0.12158054711246201,0.28454773869346733,0.2978723404255319,Mercy,Shawn Mendes
1750,/wiki/Tunnel_Vision_(Kodak_Black_song),2017,2012-2017,55,other,615,58.50128314798974,3.700813008130081,0.07531380753138076,0.11544715447154472,0.22,0.21788617886178863,Tunnel Vision,Kodak Black
1751,/wiki/Rockstar_(Post_Malone_song),2017,2012-2017,56,other,508,35.39406425415025,3.763779527559055,0.08050847457627118,0.2106299212598425,0.3279088689991863,0.36023622047244097,Rockstar,Post Malone & 21 Savage
1752,/wiki/In_Case_You_Didn%27t_Know_(Brett_Young_song),2017,2012-2017,57,other,268,38.9909355770969,3.626865671641791,0.13559322033898305,0.14925373134328357,0.3102893890675241,0.33955223880597013,In Case You Didn't Know,Brett Young
1753,/wiki/Heathens_(song),2017,2012-2017,58,other,364,54.91920946045204,4.010989010989011,0.06315789473684211,0.19230769230769232,0.2907295666483818,0.33791208791208793,Heathens,Twenty One Pilots
1754,/wiki/Now_or_Never_(Halsey_song),2017,2012-2017,59,other,435,11.93796992481203,3.574712643678161,0.21774193548387097,0.07126436781609195,0.228927680798005,0.21379310344827587,Now or Never,Halsey
1755,/wiki/Caroline_(Amin%C3%A9_song),2017,2012-2017,60,other,540,24.92005600963887,3.7685185185185186,0.0830188679245283,0.05185185185185185,0.2740626207962891,0.29259259259259257,Caroline,Aminé
1756,/wiki/Rolex_(song),2017,2012-2017,61,other,696,26.76923076923077,3.581896551724138,0.22093023255813954,0.09770114942528736,0.2280811232449298,0.20833333333333334,Rolex,Ayo & Teo
1757,/wiki/DNA_(Kendrick_Lamar_song),2017,2012-2017,62,other,679,37.60227874933757,4.154639175257732,0.06643356643356643,0.3475699558173785,0.43242475865985236,0.46686303387334316,DNA,Kendrick Lamar
1758,/wiki/Juju_on_That_Beat_(TZ_Anthem),2017,2012-2017,63,other,363,19.15833333333333,3.633608815426997,0.13013698630136986,0.209366391184573,0.33451957295373663,0.3443526170798898,Juju on That Beat (TZ Anthem),Zay Hilfigerrr & Zayion McCall
1759,/wiki/Swang_(song),2017,2012-2017,64,other,444,27.75,3.9436936936936937,0.09895833333333333,0.16216216216216217,0.2846153846153846,0.3355855855855856,Swang,Rae Sremmurd
1760,/wiki/Passionfruit_(song),2017,2012-2017,65,other,231,50.435,4.112554112554113,0.0547945205479452,0.2727272727272727,0.3682008368200837,0.45454545454545453,Passionfruit,Drake
1761,/wiki/Loyalty_(Kendrick_Lamar_song),2017,2012-2017,66,other,552,24.280595369349506,3.7916666666666665,0.15897435897435896,0.19927536231884058,0.3584054155697631,0.3641304347826087,Loyalty,Kendrick Lamar & Rihanna
1762,/wiki/Praying_(song),2017,2012-2017,67,other,284,60.277613777539685,3.852112676056338,0.12162162162162163,0.24647887323943662,0.3537023723939612,0.43309859154929575,Praying,Kesha
1763,/wiki/Goosebumps_(Travis_Scott_song),2017,2012-2017,68,other,549,38.414646935446285,3.978142076502732,0.15695067264573992,0.17486338797814208,0.30436363636363634,0.3333333333333333,Goosebumps,Travis Scott
1764,/wiki/Cold_(Maroon_5_song),2017,2012-2017,69,other,550,38.78486055776892,3.901818181818182,0.15168539325842698,0.13272727272727272,0.2562014068863384,0.28,Cold,Maroon 5 & Future
1765,/wiki/Broccoli_(D.R.A.M._song),2017,2012-2017,70,other,612,59.58177620300731,3.7565359477124183,0.03305785123966942,0.24019607843137256,0.39925119128658954,0.4068627450980392,Broccoli,DRAM & Lil Yachty
1766,/wiki/Slide_(Calvin_Harris_song),2017,2012-2017,71,other,529,30.452302631578945,3.8657844990548202,0.07368421052631578,0.17391304347826086,0.3261205564142195,0.32892249527410206,Slide,Calvin Harris & Frank Ocean & Migos
1767,/wiki/What_Ifs,2017,2012-2017,72,other,396,25.789915966386552,3.3333333333333335,0.06172839506172839,0.09848484848484848,0.2568274259151656,0.26515151515151514,What Ifs,Kane Brown & Lauren Alaina
1768,/wiki/Chained_to_the_Rhythm,2017,2012-2017,73,other,496,22.055335968379445,4.028225806451613,0.10059171597633136,0.13911290322580644,0.22734562951082599,0.24596774193548387,Chained to the Rhythm,Katy Perry & Skip Marley
1769,/wiki/Feels_(song),2017,2012-2017,74,other,475,38.23990965487722,3.789473684210526,0.07428571428571429,0.2168421052631579,0.35118525021949076,0.35789473684210527,Feels,Calvin Harris & Pharrell Williams & Katy Perry & Big Sean
1770,/wiki/All_Time_Low_(Jon_Bellion_song),2017,2012-2017,75,other,380,4.694219917645265,3.3263157894736843,0.7383966244725738,0.09736842105263158,0.202069385270846,0.19210526315789472,All Time Low,Jon Bellion
1771,/wiki/Hurricane_(Luke_Combs_song),2017,2012-2017,76,other,296,79.65466662086496,4.050675675675675,0.06086956521739131,0.20608108108108109,0.31984074319840744,0.3885135135135135,Hurricane,Luke Combs
1772,/wiki/Too_Good_at_Goodbyes,2017,2012-2017,77,other,403,19.651390439591825,3.588089330024814,0.15217391304347827,0.03225806451612903,0.19892183288409704,0.20099255583126552,Too Good at Goodbyes,Sam Smith
1773,/wiki/Young_Dumb_%26_Broke,2017,2012-2017,78,other,273,14.030677290836653,4.487179487179487,0.26666666666666666,0.13553113553113552,0.22645290581162325,0.27472527472527475,Young Dumb & Broke,Khalid
1774,/wiki/Magnolia_(Playboi_Carti_song),2017,2012-2017,79,other,650,16.929830121703855,3.707692307692308,0.06441717791411043,0.11384615384615385,0.30709426627793973,0.2523076923076923,Magnolia,Playboi Carti
1775,/wiki/Love_Galore,2017,2012-2017,80,other,595,16.244144275585768,3.6403361344537815,0.15053763440860216,0.17983193277310924,0.3390928725701944,0.31932773109243695,Love Galore,SZA & Travis Scott
1776,/wiki/Drowning_(A_Boogie_wit_da_Hoodie_song),2017,2012-2017,81,other,549,28.32142857142857,4.016393442622951,0.13761467889908258,0.1785063752276867,0.27504488330341115,0.29690346083788705,Drowning,A Boogie wit da Hoodie & Kodak Black
1777,/wiki/Starving_(song),2017,2012-2017,82,other,279,34.832711347609575,3.7240143369175627,0.1267605633802817,0.08602150537634409,0.2402694610778443,0.24014336917562723,Starving,Hailee Steinfeld & Grey & Zedd
1778,/wiki/Both_(song),2017,2012-2017,83,other,428,43.19310396747723,3.6542056074766354,0.07339449541284404,0.26635514018691586,0.3645885286783042,0.39953271028037385,Both,Gucci Mane & Drake
1779,/wiki/What_About_Us_(Pink_song),2017,2012-2017,84,other,321,13.404988789237668,3.825545171339564,0.14864864864864866,0.1557632398753894,0.2645161290322581,0.2772585669781931,What About Us,Pink
1780,/wiki/Swalla,2017,2012-2017,85,other,488,11.83213539822766,3.9528688524590163,0.19661016949152543,0.20901639344262296,0.30415125359638306,0.3483606557377049,Swalla,Jason Derulo & Nicki Minaj & Ty Dolla Sign
1781,/wiki/Slippery_(song),2017,2012-2017,86,other,879,28.656691255619577,3.89419795221843,0.04081632653061224,0.22639362912400454,0.35791657063839594,0.37656427758816835,Slippery,Migos & Gucci Mane
1782,/wiki/Sign_of_the_Times_(Harry_Styles_song),2017,2012-2017,87,other,360,28.1490296594654,3.9916666666666667,0.14457831325301204,0.12222222222222222,0.22605790645879734,0.25277777777777777,Sign of the Times,Harry Styles
1783,/wiki/Water_Under_the_Bridge,2017,2012-2017,88,other,433,17.322750079390282,3.648960739030023,0.13043478260869565,0.09237875288683603,0.20317933432687532,0.20785219399538107,Water Under the Bridge,Adele
1784,/wiki/Malibu_(Miley_Cyrus_song),2017,2012-2017,89,other,278,48.52660195367697,3.643884892086331,0.07792207792207792,0.3489208633093525,0.4479568234387047,0.5,Malibu,Miley Cyrus
1785,/wiki/Down_(Marian_Hill_song),2017,2012-2017,90,other,514,4.599247954126413,3.0311284046692606,0.10344827586206896,0.122568093385214,0.20173745173745175,0.16926070038910507,Down,Marian Hill
1786,/wiki/No_Promises_(Cheat_Codes_song),2017,2012-2017,91,other,274,20.84601845108036,3.667883211678832,0.3025210084033613,0.072992700729927,0.24941360437842064,0.24817518248175183,No Promises,Cheat Codes & Demi Lovato
1787,/wiki/Treat_You_Better_(Shawn_Mendes_song),2017,2012-2017,92,other,293,41.10755019008871,3.6791808873720138,0.13043478260869565,0.13651877133105803,0.29745454545454547,0.31399317406143346,Treat You Better,Shawn Mendes
1788,/wiki/I_Get_the_Bag,2017,2012-2017,93,other,886,46.10585831322873,3.590293453724605,0.04228855721393035,0.17607223476297967,0.33577533577533575,0.3115124153498871,I Get the Bag,Gucci Mane & Migos
1789,/wiki/Small_Town_Boy_(song),2017,2012-2017,94,other,394,31.738888888888887,3.5380710659898478,0.09166666666666666,0.16243654822335024,0.26789709172259507,0.2868020304568528,Small Town Boy,Dustin Lynch
1790,/wiki/Everyday_We_Lit,2017,2012-2017,95,other,581,19.16083854518819,3.676419965576592,0.18951612903225806,0.07228915662650602,0.2109689213893967,0.1944922547332186,Everyday We Lit,YFN Lucci & PnB Rock
1791,/wiki/Havana_(Camila_Cabello_song),2017,2012-2017,96,other,535,9.779622681267291,3.1644859813084114,0.2620689655172414,0.13271028037383178,0.2892266428252123,0.23177570093457944,Havana,Camila Cabello & Young Thug
1792,/wiki/What_Lovers_Do,2017,2012-2017,97,other,458,7.8296317942723554,3.3275109170305677,0.37185929648241206,0.07205240174672489,0.20040080160320642,0.16593886462882096,What Lovers Do,Maroon 5 & SZA
1793,/wiki/Do_Re_Mi_(Blackbear_song),2017,2012-2017,98,other,435,41.52272727272727,3.574712643678161,0.11560693641618497,0.12183908045977011,0.25362681340670334,0.27816091954022987,Do Re Mi,Blackbear
1794,/wiki/Look_at_Me_(XXXTentacion_song),2017,2012-2017,99,other,335,15.800302993226918,3.319402985074627,0.2357142857142857,0.1880597014925373,0.34575569358178054,0.31343283582089554,Look at Me!,XXXTentacion
1795,/wiki/The_Fighter_(Keith_Urban_song),2017,2012-2017,100,other,391,25.065322639766578,3.549872122762148,0.12745098039215685,0.10997442455242967,0.22878021360314785,0.22250639386189258,The Fighter,Keith Urban & Carrie Underwood
1796,/wiki/God%27s_Plan_(song),2018,2018-2023,1,top20,354,21.795503104045963,3.6920903954802258,0.2,0.2231638418079096,0.3463356973995272,0.3728813559322034,God's Plan,Drake
1797,/wiki/Perfect_(Ed_Sheeran_song),2018,2018-2023,2,top20,297,79.10198146496569,3.8585858585858586,0.04807692307692308,0.2222222222222222,0.4002741603838245,0.4377104377104377,Perfect,Ed Sheeran
1798,/wiki/Meant_to_Be_(Bebe_Rexha_song),2018,2018-2023,3,top20,370,23.142546184179643,3.481081081081081,0.2073170731707317,0.17567567567567569,0.2716867469879518,0.2918918918918919,Meant to Be,Bebe Rexha & Florida Georgia Line
1799,/wiki/Havana_(Camila_Cabello_song),2018,2018-2023,4,top20,535,9.779622681267291,3.1644859813084114,0.2620689655172414,0.13271028037383178,0.2892266428252123,0.23177570093457944,Havana,Camila Cabello & Young Thug
1800,/wiki/Rockstar_(Post_Malone_song),2018,2018-2023,5,top20,508,35.39406425415025,3.763779527559055,0.08050847457627118,0.2106299212598425,0.3279088689991863,0.36023622047244097,Rockstar,Post Malone & 21 Savage
1801,/wiki/Psycho_(Post_Malone_song),2018,2018-2023,6,top20,534,85.26677852348993,3.8801498127340825,0.03864734299516908,0.2153558052434457,0.304215723509305,0.350187265917603,Psycho,Post Malone & Ty Dolla Sign
1802,"/wiki/I_Like_It_(Cardi_B,_Bad_Bunny_and_J_Balvin_song)",2018,2018-2023,7,top20,816,22.320657779666696,3.588235294117647,0.03201970443349754,0.23161764705882354,0.3572189664358018,0.36642156862745096,I Like It,Cardi B & Bad Bunny & J Balvin
1803,"/wiki/The_Middle_(Zedd,_Maren_Morris_and_Grey_song)",2018,2018-2023,8,top20,349,29.355446827469784,3.616045845272206,0.21505376344086022,0.11461318051575932,0.24612523248605084,0.24641833810888253,The Middle,Zedd & Maren Morris & Grey
1804,/wiki/In_My_Feelings,2018,2018-2023,9,top20,576,27.04575297313265,3.6996527777777777,0.0670391061452514,0.14930555555555555,0.29446277961129447,0.2951388888888889,In My Feelings,Drake
1805,/wiki/Girls_Like_You,2018,2018-2023,10,top20,397,15.33282999746643,3.6851385390428213,0.4090909090909091,0.0982367758186398,0.21432389096739712,0.22921914357682618,Girls Like You,Maroon 5 & Cardi B
1806,/wiki/Nice_for_What,2018,2018-2023,11,top20,751,15.812278368794328,3.6644474034620504,0.10638297872340426,0.1384820239680426,0.2548240635641317,0.24766977363515313,Nice for What,Drake
1807,/wiki/Lucid_Dreams_(Juice_Wrld_song),2018,2018-2023,12,top20,597,27.536702755294264,3.6164154103852595,0.09923664122137404,0.07202680067001675,0.20804639362087712,0.20603015075376885,Lucid Dreams,Juice Wrld
1808,/wiki/Better_Now_(Post_Malone_song),2018,2018-2023,13,top20,514,17.576749201609225,3.9669260700389106,0.1927710843373494,0.15953307392996108,0.22468847352024923,0.25680933852140075,Better Now,Post Malone
1809,/wiki/Finesse_(song),2018,2018-2023,14,top20,518,16.787396849212303,3.586872586872587,0.11920529801324503,0.07142857142857142,0.22236076475477973,0.2084942084942085,Finesse,Bruno Mars & Cardi B
1810,/wiki/Boo%27d_Up,2018,2018-2023,15,top20,451,25.20089811761677,3.436807095343681,0.1891891891891892,0.1197339246119734,0.228,0.22394678492239467,Boo'd Up,Ella Mai
1811,/wiki/New_Rules,2018,2018-2023,16,top20,480,16.551724137931036,3.654166666666667,0.09166666666666666,0.08541666666666667,0.23454063604240283,0.23958333333333334,New Rules,Dua Lipa
1812,/wiki/Sad!,2018,2018-2023,17,top20,282,24.56818181818182,3.471631205673759,0.2261904761904762,0.1099290780141844,0.18858954041204437,0.20212765957446807,Sad!,XXXTentacion
1813,/wiki/Never_Be_the_Same_(Camila_Cabello_song),2018,2018-2023,18,top20,442,31.617804521593893,3.581447963800905,0.10619469026548672,0.10180995475113122,0.21790457452041317,0.2149321266968326,Never Be the Same,Camila Cabello
1814,/wiki/Love_Lies_(song),2018,2018-2023,19,top20,392,25.336585365853658,3.8801020408163267,0.10483870967741936,0.09693877551020408,0.2563835330901511,0.2627551020408163,Love Lies,Khalid & Normani
1815,/wiki/No_Tears_Left_to_Cry,2018,2018-2023,20,top20,509,19.85343328987397,3.3772102161100195,0.17177914110429449,0.03929273084479371,0.18747281426707263,0.16895874263261296,No Tears Left to Cry,Ariana Grande
1816,/wiki/Mine_(Bazzi_song),2018,2018-2023,21,other,236,45.265573770491805,3.7796610169491527,0.10526315789473684,0.24152542372881355,0.37610619469026546,0.4491525423728814,Mine,Bazzi
1817,/wiki/Thunder_(Imagine_Dragons_song),2018,2018-2023,22,other,350,5.713035105847592,4.828571428571428,0.5736040609137056,0.15428571428571428,0.19215686274509805,0.24285714285714285,Thunder,Imagine Dragons
1818,/wiki/Look_Alive_(BlocBoy_JB_song),2018,2018-2023,23,other,598,39.86666666666667,3.734113712374582,0.044897959183673466,0.1454849498327759,0.30868503662364843,0.32274247491638797,Look Alive,BlocBoy JB & Drake
1819,/wiki/Delicate_(Taylor_Swift_song),2018,2018-2023,24,other,489,25.311463313599255,3.6359918200409,0.17582417582417584,0.1083844580777096,0.23748902546093065,0.23721881390593047,Delicate,Taylor Swift
1820,/wiki/Yes_Indeed_(Lil_Baby_and_Drake_song),2018,2018-2023,25,other,428,84.45813814360415,3.864485981308411,0.030120481927710843,0.2780373831775701,0.4089184060721063,0.45794392523364486,Yes Indeed,Lil Baby & Drake
1821,/wiki/Friends_(Marshmello_and_Anne-Marie_song),2018,2018-2023,26,other,527,24.524891774891774,3.225806451612903,0.12745098039215685,0.058823529411764705,0.24393530997304583,0.22580645161290322,Friends,Marshmello & Anne-Marie
1822,/wiki/Bad_at_Love,2018,2018-2023,27,other,433,21.70830341113106,3.771362586605081,0.18181818181818182,0.14780600461893764,0.29674017257909874,0.3094688221709007,Bad at Love,Halsey
1823,/wiki/Taste_(song),2018,2018-2023,28,other,664,27.35369532428356,3.8207831325301207,0.25,0.24096385542168675,0.3633250311332503,0.3704819277108434,Taste,Tyga & Offset
1824,/wiki/Let_You_Down_(NF_song),2018,2018-2023,29,other,606,40.283158461124565,3.6831683168316833,0.07194244604316546,0.18316831683168316,0.3296935540683339,0.3118811881188119,Let You Down,NF
1825,/wiki/No_Limit_(G-Eazy_song),2018,2018-2023,30,other,817,25.4061227307241,3.611995104039168,0.15406162464985995,0.1664626682986536,0.263771186440678,0.26560587515299877,No Limit,G-Eazy & ASAP Rocky & Cardi B
1826,/wiki/Fefe_(song),2018,2018-2023,31,other,522,40.040848320093204,3.6934865900383143,0.07027027027027027,0.2164750957854406,0.367479674796748,0.39272030651340994,Fefe,6ix9ine & Nicki Minaj & Murda Beatz
1827,/wiki/Tequila_(Dan_%2B_Shay_song),2018,2018-2023,32,other,331,14.543939393939393,3.5891238670694863,0.09734513274336283,0.12386706948640483,0.252465483234714,0.27794561933534745,Tequila,Dan + Shay
1828,/wiki/Feel_It_Still,2018,2018-2023,33,other,335,38.58280358069538,3.5253731343283583,0.08571428571428572,0.18208955223880596,0.2933421226104153,0.3253731343283582,Feel It Still,Portugal. The Man
1829,/wiki/MotorSport,2018,2018-2023,34,other,982,79.77721943048576,3.827902240325866,0.038901601830663615,0.24134419551934827,0.39664218258132217,0.4073319755600815,MotorSport,Migos & Nicki Minaj & Cardi B
1830,/wiki/I_Like_Me_Better,2018,2018-2023,35,other,290,19.434169004207575,3.4310344827586206,0.19298245614035087,0.15862068965517243,0.29202168861347794,0.3137931034482759,I Like Me Better,Lauv
1831,/wiki/Youngblood_(5_Seconds_of_Summer_song),2018,2018-2023,36,other,423,20.428835978835977,3.624113475177305,0.1206896551724138,0.1276595744680851,0.23154701718907988,0.23877068557919623,Youngblood,5 Seconds of Summer
1832,/wiki/Whatever_It_Takes_(Imagine_Dragons_song),2018,2018-2023,37,other,452,30.289641371320236,3.9070796460176993,0.10256410256410256,0.16592920353982302,0.28917826672653796,0.3075221238938053,Whatever It Takes,Imagine Dragons
1833,/wiki/Ric_Flair_Drip,2018,2018-2023,38,other,612,75.76859557890856,3.69281045751634,0.052805280528052806,0.18790849673202614,0.30363951473136913,0.3284313725490196,Ric Flair Drip,Offset & Metro Boomin
1834,/wiki/I_Fall_Apart,2018,2018-2023,39,other,320,42.894122212560454,3.765625,0.09821428571428571,0.146875,0.31883116883116885,0.35,I Fall Apart,Post Malone
1835,/wiki/Pray_for_Me_(The_Weeknd_and_Kendrick_Lamar_song),2018,2018-2023,40,other,503,14.806926406926408,3.5447316103379722,0.11363636363636363,0.1411530815109344,0.2863930885529158,0.27236580516898606,Pray for Me,The Weeknd & Kendrick Lamar
1836,/wiki/Back_to_You_(Selena_Gomez_song),2018,2018-2023,41,other,501,23.3573423782921,3.3313373253493013,0.05063291139240506,0.1217564870259481,0.2676443629697525,0.25149700598802394,Back to You,Selena Gomez
1837,/wiki/Sicko_Mode,2018,2018-2023,42,other,777,49.23911870153151,3.763191763191763,0.13738019169329074,0.2483912483912484,0.3946874161524014,0.39510939510939513,Sicko Mode,Travis Scott
1838,/wiki/Walk_It_Talk_It,2018,2018-2023,43,other,1169,11.817580689578566,3.3088109495295126,0.25971370143149286,0.1317365269461078,0.257306477093207,0.2172797262617622,Walk It Talk It,Migos & Drake
1839,/wiki/Gucci_Gang,2018,2018-2023,44,other,422,14.066666666666666,3.914691943127962,0.17747440273037543,0.16350710900473933,0.27176527176527177,0.27014218009478674,Gucci Gang,Lil Pump
1840,/wiki/Him_%26_I,2018,2018-2023,45,other,753,23.11847779400395,3.3280212483399736,0.06091370558375635,0.1553784860557769,0.308868501529052,0.28021248339973437,Him & I,G-Eazy & Halsey
1841,/wiki/In_My_Blood_(Shawn_Mendes_song),2018,2018-2023,46,other,281,29.230815876515987,3.814946619217082,0.13333333333333333,0.1494661921708185,0.27988338192419826,0.302491103202847,In My Blood,Shawn Mendes
1842,/wiki/All_the_Stars,2018,2018-2023,47,other,545,19.805547721450562,4.0238532110091745,0.13559322033898305,0.14311926605504588,0.27553616866593966,0.27706422018348625,All the Stars,Kendrick Lamar & SZA
1843,/wiki/Stir_Fry_(song),2018,2018-2023,48,other,652,30.473913043478262,3.995398773006135,0.069164265129683,0.17638036809815952,0.2878419452887538,0.3159509202453988,Stir Fry,Migos
1844,/wiki/Too_Good_at_Goodbyes,2018,2018-2023,49,other,403,19.651390439591825,3.588089330024814,0.15217391304347827,0.03225806451612903,0.19892183288409704,0.20099255583126552,Too Good at Goodbyes,Sam Smith
1845,/wiki/Love_(Kendrick_Lamar_song),2018,2018-2023,50,other,602,24.370438596491226,3.4485049833887045,0.1717171717171717,0.1478405315614618,0.27202072538860106,0.2757475083056478,Love,Kendrick Lamar & Zacari
1846,/wiki/This_Is_America_(song),2018,2018-2023,51,other,622,9.372323944602481,3.8938906752411575,0.20945945945945946,0.09807073954983923,0.24275008145975888,0.20739549839228297,This Is America,Childish Gambino
1847,/wiki/Nonstop_(song),2018,2018-2023,52,other,693,35.655154493054894,3.8282828282828283,0.04983388704318937,0.21356421356421357,0.34851601528063475,0.35064935064935066,Nonstop,Drake
1848,/wiki/Heaven_(Kane_Brown_song),2018,2018-2023,53,other,239,37.477725211906176,3.9581589958158996,0.19047619047619047,0.14225941422594143,0.28213689482470783,0.3389121338912134,Heaven,Kane Brown
1849,/wiki/Bodak_Yellow,2018,2018-2023,54,other,695,41.23177476118653,3.579856115107914,0.03879310344827586,0.1841726618705036,0.33155750548417423,0.32230215827338127,Bodak Yellow,Cardi B
1850,/wiki/Freaky_Friday_(song),2018,2018-2023,55,other,657,40.024624302275654,3.7077625570776256,0.08955223880597014,0.2100456621004566,0.37757731958762886,0.3561643835616438,Freaky Friday,Lil Dicky & Chris Brown
1851,/wiki/Gummo_(song),2018,2018-2023,56,other,425,49.863753039584694,3.5623529411764707,0.08040201005025126,0.2023529411764706,0.3664787288569964,0.3764705882352941,Gummo,6ix9ine
1852,/wiki/Plug_Walk,2018,2018-2023,57,other,427,26.40473017439947,3.414519906323185,0.15025906735751296,0.1288056206088993,0.3056286165176223,0.297423887587822,Plug Walk,Rich the Kid
1853,/wiki/Wait_(Maroon_5_song),2018,2018-2023,58,other,380,18.616570090562874,3.763157894736842,0.25316455696202533,0.1394736842105263,0.2278688524590164,0.25,Wait,Maroon 5
1854,/wiki/Be_Careful_(Cardi_B_song),2018,2018-2023,59,other,597,60.3030303030303,3.8743718592964824,0.04145077720207254,0.23115577889447236,0.37988447162759087,0.3953098827470687,Be Careful,Cardi B
1855,/wiki/Wolves_(Selena_Gomez_and_Marshmello_song),2018,2018-2023,60,other,395,13.037822305063685,3.526582278481013,0.22413793103448276,0.07088607594936709,0.19988895058300943,0.20759493670886076,Wolves,Selena Gomez & Marshmello
1856,/wiki/Bartier_Cardi,2018,2018-2023,61,other,883,34.70290796673309,3.9014722536806343,0.1340909090909091,0.12231030577576443,0.2308752584424535,0.22197055492638731,Bartier Cardi,Cardi B & 21 Savage
1857,/wiki/God_Is_a_Woman,2018,2018-2023,62,other,440,27.362581152862482,3.463636363636364,0.17475728155339806,0.09772727272727273,0.24339430894308944,0.23863636363636365,God Is a Woman,Ariana Grande
1858,/wiki/Big_Bank,2018,2018-2023,63,other,765,38.466237437185924,3.6627450980392156,0.15853658536585366,0.25359477124183005,0.3505954029354749,0.3712418300653595,Big Bank,YG & 2 Chainz & Nicki Minaj & Big Sean
1859,/wiki/Sorry_Not_Sorry_(Demi_Lovato_song),2018,2018-2023,64,other,487,20.51377418770025,3.726899383983573,0.16233766233766234,0.08008213552361396,0.22523686477174848,0.22792607802874743,Sorry Not Sorry,Demi Lovato
1860,/wiki/How_Long_(Charlie_Puth_song),2018,2018-2023,65,other,397,24.514051805454532,3.707808564231738,0.22448979591836735,0.09571788413098237,0.24723247232472326,0.24181360201511334,How Long,Charlie Puth
1861,/wiki/Lights_Down_Low_(Max_song),2018,2018-2023,66,other,353,22.09010466794995,3.8045325779036827,0.17391304347826086,0.11614730878186968,0.2656065959952886,0.28611898016997167,Lights Down Low,Max & Gnash
1862,/wiki/Young_Dumb_%26_Broke,2018,2018-2023,67,other,273,14.030677290836653,4.487179487179487,0.26666666666666666,0.13553113553113552,0.22645290581162325,0.27472527472527475,Young Dumb & Broke,Khalid
1863,/wiki/One_Kiss_(song),2018,2018-2023,68,other,322,29.63753753753754,3.580745341614907,0.09473684210526316,0.09006211180124224,0.22169811320754718,0.2267080745341615,One Kiss,Calvin Harris & Dua Lipa
1864,/wiki/Natural_(Imagine_Dragons_song),2018,2018-2023,69,other,322,52.80772513871105,4.0186335403726705,0.09166666666666666,0.20496894409937888,0.3220234423195558,0.3944099378881988,Natural,Imagine Dragons
1865,/wiki/You_Make_It_Easy,2018,2018-2023,70,other,236,55.51574803149606,3.7754237288135593,0.14285714285714285,0.1652542372881356,0.31013215859030835,0.3601694915254237,You Make It Easy,Jason Aldean
1866,/wiki/Shape_of_You,2018,2018-2023,71,other,702,24.063813425242074,3.376068376068376,0.12690355329949238,0.09259259259259259,0.20989650711513583,0.20655270655270655,Shape of You,Ed Sheeran
1867,/wiki/I_Get_the_Bag,2018,2018-2023,72,other,886,46.10585831322873,3.590293453724605,0.04228855721393035,0.17607223476297967,0.33577533577533575,0.3115124153498871,I Get the Bag,Gucci Mane & Migos
1868,/wiki/No_Brainer_(song),2018,2018-2023,73,other,749,19.353620611919304,3.636849132176235,0.10914454277286136,0.11882510013351134,0.26117915123896324,0.24833110814419226,No Brainer,DJ Khaled & Justin Bieber & Chance the Rapper & Quavo
1869,/wiki/Plain_Jane_(song),2018,2018-2023,74,other,452,58.96844660194175,4.0265486725663715,0.039301310043668124,0.3053097345132743,0.34786399302528337,0.44026548672566373,Plain Jane,ASAP Ferg & Nicki Minaj
1870,/wiki/Sky_Walker_(song),2018,2018-2023,75,other,594,40.31674208144796,3.893939393939394,0.0916030534351145,0.1717171717171717,0.29405737704918034,0.31313131313131315,Sky Walker,Miguel & Travis Scott
1871,/wiki/Marry_Me_(Thomas_Rhett_song),2018,2018-2023,76,other,298,59.6,3.8523489932885906,0.06315789473684211,0.21476510067114093,0.3528198074277854,0.3959731543624161,Marry Me,Thomas Rhett
1872,/wiki/Eastside_(song),2018,2018-2023,77,other,484,45.00271799116998,3.6487603305785123,0.06349206349206349,0.1115702479338843,0.30697467792092403,0.31611570247933884,Eastside,Benny Blanco & Halsey & Khalid
1873,/wiki/Call_Out_My_Name,2018,2018-2023,78,other,343,14.787149972546867,3.250728862973761,0.13333333333333333,0.10204081632653061,0.2724161533196441,0.24489795918367346,Call Out My Name,The Weeknd
1874,/wiki/King%27s_Dead,2018,2018-2023,79,other,814,15.332301382474949,3.7800982800982803,0.04375,0.1977886977886978,0.31423478482302014,0.3144963144963145,King's Dead,Jay Rock & Kendrick Lamar & Future & James Blake
1875,/wiki/Happier_(Marshmello_and_Bastille_song),2018,2018-2023,80,other,391,19.65190457097033,3.7058823529411766,0.15,0.15601023017902813,0.25284861638632666,0.2915601023017903,Happier,Marshmello & Bastille
1876,/wiki/Te_Bot%C3%A9,2018,2018-2023,81,other,678,30.281531626407485,3.2610619469026547,0.10408921933085502,0.168141592920354,0.37764866712235134,0.3303834808259587,Te Boté,Darell & Bad Bunny & Nicky Jam & Ozuna
1877,/wiki/Simple_(Florida_Georgia_Line_song),2018,2018-2023,82,other,410,53.139017975592914,3.419512195121951,0.2222222222222222,0.0975609756097561,0.2413223140495868,0.26097560975609757,Simple,Florida Georgia Line
1878,/wiki/Lemon_(N.E.R.D_and_Rihanna_song),2018,2018-2023,83,other,603,19.61832901554404,4.072968490878939,0.08118081180811808,0.18076285240464346,0.29871382636655947,0.33665008291873966,Lemon,N.E.R.D & Rihanna
1879,/wiki/1-800-273-8255_(song),2018,2018-2023,84,other,544,26.645350734094617,3.6176470588235294,0.12571428571428572,0.15808823529411764,0.28497615262321147,0.2775735294117647,1-800-273-8255,Logic & Alessia Cara & Khalid
1880,/wiki/Say_Something_(Justin_Timberlake_song),2018,2018-2023,85,other,453,16.474691629712364,4.227373068432671,0.25,0.037527593818984545,0.12970004224757076,0.1390728476821192,Say Something,Justin Timberlake & Chris Stapleton
1881,/wiki/I%27m_Upset,2018,2018-2023,86,other,430,62.425714331119096,3.7116279069767444,0.044585987261146494,0.24883720930232558,0.3914747672709456,0.43953488372093025,I'm Upset,Drake
1882,/wiki/Get_Along_(Kenny_Chesney_song),2018,2018-2023,87,other,313,66.31549233029915,3.6549520766773163,0.06060606060606061,0.18849840255591055,0.32488005483207677,0.3738019169329074,Get Along,Kenny Chesney
1883,/wiki/Moonlight_(XXXTentacion_song),2018,2018-2023,88,other,276,34.5,4.394927536231884,0.12307692307692308,0.09057971014492754,0.1835781041388518,0.2246376811594203,Moonlight,XXXTentacion
1884,/wiki/What_Lovers_Do,2018,2018-2023,89,other,458,7.8296317942723554,3.3275109170305677,0.37185929648241206,0.07205240174672489,0.20040080160320642,0.16593886462882096,What Lovers Do,Maroon 5 & SZA
1885,/wiki/X_(Nicky_Jam_and_J_Balvin_song),2018,2018-2023,90,other,337,20.985831315419468,3.2373887240356085,0.05761316872427984,0.20474777448071216,0.3448275862068966,0.3560830860534125,X,Nicky Jam & J Balvin
1886,/wiki/Outside_Today,2018,2018-2023,91,other,445,75.4705543506293,3.539325842696629,0.04316546762589928,0.20674157303370785,0.3651026392961877,0.37303370786516854,Outside Today,YoungBoy Never Broke Again
1887,/wiki/Trip_(Ella_Mai_song),2018,2018-2023,92,other,534,17.071931334429607,3.691011235955056,0.21348314606741572,0.06554307116104868,0.20890277235454902,0.19850187265917604,Trip,Ella Mai
1888,/wiki/Dura_(song),2018,2018-2023,93,other,562,31.63589599979219,3.403914590747331,0.09813084112149532,0.15302491103202848,0.3036356372353176,0.30782918149466193,Dura,Daddy Yankee
1889,/wiki/Changes_(XXXTentacion_song),2018,2018-2023,94,other,186,20.666666666666668,3.989247311827957,0.14084507042253522,0.005376344086021506,0.1414790996784566,0.13440860215053763,Changes,XXXTentacion
1890,/wiki/Mercy_(Brett_Young_song),2018,2018-2023,95,other,234,17.826789838337184,3.7264957264957266,0.13636363636363635,0.14957264957264957,0.2809394760614273,0.2948717948717949,Mercy,Brett Young
1891,/wiki/One_Number_Away,2018,2018-2023,96,other,383,86.88425925925927,3.864229765013055,0.04807692307692308,0.15926892950391644,0.30451127819548873,0.3472584856396867,One Number Away,Luke Combs
1892,/wiki/Powerglide_(song),2018,2018-2023,97,other,1076,34.787093980077955,3.803903345724907,0.06896551724137931,0.19144981412639406,0.32644469957902794,0.31784386617100374,Powerglide,Rae Sremmurd & Juicy J
1893,/wiki/IDGAF_(Dua_Lipa_song),2018,2018-2023,98,other,440,49.97201855984132,3.4727272727272727,0.08247422680412371,0.12727272727272726,0.2842741935483871,0.2863636363636364,IDGAF,Dua Lipa
1894,/wiki/Mi_Gente_(J_Balvin_and_Willy_William_song),2018,2018-2023,99,other,286,53.554107648725214,3.6783216783216783,0.044642857142857144,0.17832167832167833,0.3691275167785235,0.4195804195804196,Mi Gente,J Balvin & Willy William & Beyoncé
1895,/wiki/Believer_(Imagine_Dragons_song),2018,2018-2023,100,other,411,18.470102200609908,3.802919708029197,0.1323529411764706,0.15571776155717762,0.29011099899091825,0.31630170316301703,Believer,Imagine Dragons
1896,/wiki/Old_Town_Road,2019,2018-2023,1,top20,201,31.352409776302725,3.6965174129353233,0.10810810810810811,0.1890547263681592,0.31106471816283926,0.3582089552238806,Old Town Road,Lil Nas X & Billy Ray Cyrus
1897,/wiki/Sunflower_(Post_Malone_and_Swae_Lee_song),2019,2018-2023,2,top20,308,26.651706142111603,3.698051948051948,0.1320754716981132,0.21428571428571427,0.36744505494505497,0.40584415584415584,Sunflower,Post Malone & Swae Lee
1898,/wiki/Without_Me_(Halsey_song),2019,2018-2023,3,top20,437,37.68449654709179,3.597254004576659,0.10869565217391304,0.07551487414187644,0.23717948717948717,0.2517162471395881,Without Me,Halsey
1899,/wiki/Bad_Guy_(Billie_Eilish_song),2019,2018-2023,4,top20,257,43.82854098850466,3.754863813229572,0.1702127659574468,0.27626459143968873,0.3902040816326531,0.4591439688715953,Bad Guy,Billie Eilish
1900,/wiki/Wow_(Post_Malone_song),2019,2018-2023,5,top20,404,36.513143798928716,3.75,0.10465116279069768,0.21534653465346534,0.37216494845360826,0.3910891089108911,Wow,Post Malone
1901,/wiki/Happier_(Marshmello_and_Bastille_song),2019,2018-2023,6,top20,391,19.65190457097033,3.7058823529411766,0.15,0.15601023017902813,0.25284861638632666,0.2915601023017903,Happier,Marshmello & Bastille
1902,/wiki/7_Rings,2019,2018-2023,7,top20,489,23.04476617132867,3.408997955010225,0.11363636363636363,0.25766871165644173,0.3792147806004619,0.3783231083844581,7 Rings,Ariana Grande
1903,/wiki/Talk_(Khalid_song),2019,2018-2023,8,top20,272,38.857142857142854,3.926470588235294,0.20833333333333334,0.15073529411764705,0.2922173274596182,0.34191176470588236,Talk,Khalid
1904,/wiki/Sicko_Mode,2019,2018-2023,9,top20,777,49.23911870153151,3.763191763191763,0.13738019169329074,0.2483912483912484,0.3946874161524014,0.39510939510939513,Sicko Mode,Travis Scott
1905,/wiki/Sucker_(song),2019,2018-2023,10,top20,384,36.87011952191235,3.9713541666666665,0.125,0.044270833333333336,0.21395106715252474,0.21875,Sucker,Jonas Brothers
1906,/wiki/High_Hopes_(Panic!_at_the_Disco_song),2019,2018-2023,11,top20,462,20.543478260869563,3.987012987012987,0.19327731092436976,0.09307359307359307,0.2175423360833695,0.22943722943722944,High Hopes,Panic! at the Disco
1907,"/wiki/Thank_U,_Next_(song)",2019,2018-2023,12,top20,460,18.599570749655065,3.9195652173913045,0.13043478260869565,0.17608695652173914,0.2803861342694164,0.30217391304347824,"Thank U, Next",Ariana Grande
1908,/wiki/Truth_Hurts_(song),2019,2018-2023,13,top20,520,38.7146529562982,3.894230769230769,0.0776255707762557,0.13076923076923078,0.26272513703993733,0.3076923076923077,Truth Hurts,Lizzo
1909,/wiki/Dancing_with_a_Stranger,2019,2018-2023,14,top20,277,14.808406165962353,4.129963898916968,0.23863636363636365,0.07581227436823104,0.20464135021097046,0.21299638989169675,Dancing with a Stranger,Sam Smith & Normani
1910,/wiki/Se%C3%B1orita_(Shawn_Mendes_and_Camila_Cabello_song),2019,2018-2023,15,top20,402,25.708500531901734,3.3656716417910446,0.26595744680851063,0.15671641791044777,0.28433598183881953,0.2810945273631841,Señorita,Shawn Mendes & Camila Cabello
1911,/wiki/I_Don%27t_Care_(Ed_Sheeran_and_Justin_Bieber_song),2019,2018-2023,16,top20,531,24.930028334304602,3.7231638418079096,0.21301775147928995,0.11864406779661017,0.25546285260230434,0.24670433145009416,I Don't Care,Ed Sheeran & Justin Bieber
1912,/wiki/Eastside_(song),2019,2018-2023,17,top20,484,45.00271799116998,3.6487603305785123,0.06349206349206349,0.1115702479338843,0.30697467792092403,0.31611570247933884,Eastside,Benny Blanco & Halsey & Khalid
1913,/wiki/Going_Bad,2019,2018-2023,18,top20,509,76.03453508366985,3.7721021611001966,0.0427807486631016,0.21218074656188604,0.39224489795918366,0.4165029469548134,Going Bad,Meek Mill & Drake
1914,/wiki/Shallow_(Lady_Gaga_and_Bradley_Cooper_song),2019,2018-2023,19,top20,207,31.98275309341016,3.710144927536232,0.12195121951219512,0.13526570048309178,0.3153061224489796,0.391304347826087,Shallow,Lady Gaga & Bradley Cooper
1915,/wiki/Better_(Khalid_song),2019,2018-2023,20,top20,366,24.805779716466738,4,0.17894736842105263,0.07103825136612021,0.2577826324412889,0.28688524590163933,Better,Khalid
1916,/wiki/No_Guidance,2019,2018-2023,21,other,614,23.71667938743902,3.57328990228013,0.07894736842105263,0.16775244299674266,0.3461402890377159,0.31433224755700323,No Guidance,Chris Brown & Drake
1917,/wiki/Girls_Like_You,2019,2018-2023,22,other,397,15.33282999746643,3.6851385390428213,0.4090909090909091,0.0982367758186398,0.21432389096739712,0.22921914357682618,Girls Like You,Maroon 5 & Cardi B
1918,/wiki/Sweet_but_Psycho,2019,2018-2023,23,other,446,34.087029022908645,3.7533632286995515,0.18435754189944134,0.08295964125560538,0.21175373134328357,0.23094170403587444,Sweet but Psycho,Ava Max
1919,/wiki/Suge_(song),2019,2018-2023,24,other,753,65.87368669877544,3.6294820717131473,0.1103202846975089,0.18725099601593626,0.34538724373576307,0.32138114209827356,Suge,DaBaby
1920,/wiki/Middle_Child_(song),2019,2018-2023,25,other,721,56.50038226299694,3.768377253814147,0.04198473282442748,0.19972260748959778,0.371666188700889,0.37447988904299584,Middle Child,J. Cole
1921,/wiki/Drip_Too_Hard,2019,2018-2023,26,other,519,70.81109304117092,3.7764932562620426,0.053475935828877004,0.1791907514450867,0.29383697813121273,0.32947976878612717,Drip Too Hard,Lil Baby & Gunna
1922,/wiki/Someone_You_Loved,2019,2018-2023,27,other,323,52.100024658932554,3.7708978328173375,0.10294117647058823,0.11455108359133127,0.2590909090909091,0.29721362229102166,Someone You Loved,Lewis Capaldi
1923,/wiki/Ransom_(Lil_Tecca_song),2019,2018-2023,28,other,411,44.509285071210854,3.3819951338199514,0.05,0.12408759124087591,0.2910902047592695,0.2798053527980535,Ransom,Lil Tecca
1924,/wiki/If_I_Can%27t_Have_You_(Shawn_Mendes_song),2019,2018-2023,29,other,391,39.485855263157895,4.040920716112532,0.14285714285714285,0.09718670076726342,0.1978744939271255,0.22250639386189258,If I Can't Have You,Shawn Mendes
1925,/wiki/Goodbyes_(Post_Malone_song),2019,2018-2023,30,other,407,19.064235569422777,3.8157248157248156,0.125,0.24078624078624078,0.3358701166920345,0.3759213759213759,Goodbyes,Post Malone & Young Thug
1926,/wiki/Zeze_(song),2019,2018-2023,31,other,819,40.97316659969536,3.6727716727716726,0.05113636363636364,0.16117216117216118,0.3227143227143227,0.3162393162393162,Zeze,Kodak Black & Travis Scott & Offset
1927,/wiki/Better_Now,2019,2018-2023,32,other,514,17.576749201609225,3.9669260700389106,0.1927710843373494,0.15953307392996108,0.22468847352024923,0.25680933852140075,Better Now,Post Malone
1928,/wiki/Youngblood_(5_Seconds_of_Summer_song),2019,2018-2023,33,other,423,20.428835978835977,3.624113475177305,0.1206896551724138,0.1276595744680851,0.23154701718907988,0.23877068557919623,Youngblood,5 Seconds of Summer
1929,/wiki/Money_in_the_Grave,2019,2018-2023,34,other,579,53.74596954886725,3.7322970639032813,0.04128440366972477,0.21761658031088082,0.3764492753623188,0.3920552677029361,Money in the Grave,Drake & Rick Ross
1930,/wiki/Speechless_(Dan_%2B_Shay_song),2019,2018-2023,35,other,312,73.93184979137692,3.9551282051282053,0.11538461538461539,0.14102564102564102,0.3076923076923077,0.3525641025641026,Speechless,Dan + Shay
1931,"/wiki/Break_Up_with_Your_Girlfriend,_I%27m_Bored",2019,2018-2023,36,other,410,19.08008658008658,4.270731707317073,0.23404255319148937,0.13414634146341464,0.26428898033836307,0.2780487804878049,"Break Up with Your Girlfriend, I'm Bored",Ariana Grande
1932,/wiki/Please_Me,2019,2018-2023,37,other,489,25.92265984942128,3.644171779141104,0.14093959731543623,0.1411042944785276,0.2857142857142857,0.28016359918200406,Please Me,Cardi B & Bruno Mars
1933,/wiki/Money_(Cardi_B_song),2019,2018-2023,38,other,626,31.573402916574135,3.659744408945687,0.09854014598540146,0.17092651757188498,0.3106862410378969,0.3274760383386581,Money,Cardi B
1934,/wiki/You_Need_to_Calm_Down,2019,2018-2023,39,other,377,14.04,3.4748010610079576,0.10666666666666667,0.22015915119363394,0.33195510927347904,0.3421750663129973,You Need to Calm Down,Taylor Swift
1935,/wiki/Panini_(song),2019,2018-2023,40,other,217,30.22966566176199,3.3686635944700463,0.09523809523809523,0.18433179723502305,0.36430834213305174,0.3870967741935484,Panini,Lil Nas X
1936,/wiki/Look_Back_at_It,2019,2018-2023,41,other,468,16.557632620440874,3.4188034188034186,0.24528301886792453,0.10897435897435898,0.29903846153846153,0.26282051282051283,Look Back at It,A Boogie wit da Hoodie
1937,/wiki/A_Lot_(song),2019,2018-2023,42,other,1062,20.787891947341425,3.5018832391713746,0.14285714285714285,0.17231638418079095,0.29141424691873824,0.2693032015065913,A Lot,21 Savage
1938,/wiki/Me!,2019,2018-2023,43,other,510,21.788876179118382,3.5176470588235293,0.2191780821917808,0.10588235294117647,0.25162689804772237,0.23529411764705882,Me!,Taylor Swift & Brendon Urie
1939,/wiki/Mia_(Bad_Bunny_song),2019,2018-2023,44,other,566,19.25850382310395,3.0830388692579507,0.06510416666666667,0.10954063604240283,0.28276751181779114,0.24381625441696114,Mia,Bad Bunny & Drake
1940,/wiki/Pop_Out,2019,2018-2023,45,other,594,58.506637168141594,3.5993265993265995,0.02577319587628866,0.1750841750841751,0.341799709724238,0.36363636363636365,Pop Out,Polo G & Lil Tjay
1941,/wiki/Beautiful_Crazy,2019,2018-2023,46,other,208,45.380204778156994,4.216346153846154,0.1038961038961039,0.22115384615384615,0.3284132841328413,0.3894230769230769,Beautiful Crazy,Luke Combs
1942,/wiki/Thotiana,2019,2018-2023,47,other,418,16.83279386993427,3.787081339712919,0.24431818181818182,0.11483253588516747,0.23952095808383234,0.22727272727272727,Thotiana,Blueface
1943,/wiki/Lucid_Dreams_(Juice_Wrld_song),2019,2018-2023,48,other,597,27.536702755294264,3.6164154103852595,0.09923664122137404,0.07202680067001675,0.20804639362087712,0.20603015075376885,Lucid Dreams,Juice Wrld
1944,/wiki/Mo_Bamba_(song),2019,2018-2023,49,other,331,24.70702421913588,3.97583081570997,0.07738095238095238,0.14803625377643503,0.33293484757919906,0.3293051359516616,Mo Bamba,Sheck Wes
1945,/wiki/Beautiful_People_(Ed_Sheeran_song),2019,2018-2023,50,other,346,22.34583333333333,4.158959537572255,0.10377358490566038,0.14739884393063585,0.31919642857142855,0.3815028901734104,Beautiful People,Ed Sheeran & Khalid
1946,/wiki/Wake_Up_in_the_Sky,2019,2018-2023,51,other,650,23.697916666666664,3.526153846153846,0.17647058823529413,0.15692307692307692,0.29922323539344814,0.27692307692307694,Wake Up in the Sky,Gucci Mane & Bruno Mars & Kodak Black
1947,/wiki/Whiskey_Glasses,2019,2018-2023,52,other,517,30.41176470588235,3.988394584139265,0.1326530612244898,0.05609284332688588,0.19694072657743786,0.23404255319148937,Whiskey Glasses,Morgan Wallen
1948,/wiki/God%27s_Country_(Blake_Shelton_song),2019,2018-2023,53,other,383,86.32000305455726,4.002610966057441,0.06918238993710692,0.17232375979112272,0.25904860392967943,0.3263707571801567,God's Country,Blake Shelton
1949,/wiki/Be_Alright_(Dean_Lewis_song),2019,2018-2023,54,other,366,49.01785714285714,3.9098360655737703,0.06315789473684211,0.1830601092896175,0.33240534521158127,0.36885245901639346,Be Alright,Dean Lewis
1950,/wiki/Pure_Water_(Mustard_and_Migos_song),2019,2018-2023,55,other,768,32.42035967563362,3.5885416666666665,0.05865921787709497,0.17057291666666666,0.321328081035453,0.30859375,Pure Water,Mustard & Migos
1951,/wiki/The_Git_Up,2019,2018-2023,56,other,578,19.544665494235822,3.5,0.11413043478260869,0.07439446366782007,0.20804597701149424,0.1782006920415225,The Git Up,Blanco Brown
1952,/wiki/Taki_Taki_(song),2019,2018-2023,57,other,558,57.993130506607926,3.5376344086021505,0.08469055374592833,0.2222222222222222,0.35700197238658776,0.3888888888888889,Taki Taki,DJ Snake & Selena Gomez & Ozuna & Cardi B
1953,"/wiki/Close_to_Me_(Ellie_Goulding,_Diplo_and_Swae_Lee_song)",2019,2018-2023,58,other,305,32.92613636363636,3.9672131147540983,0.14736842105263157,0.21967213114754097,0.29612606697307947,0.3540983606557377,Close to Me,Ellie Goulding & Diplo & Swae Lee
1954,/wiki/Envy_Me,2019,2018-2023,59,other,404,24.318384223918578,3.522277227722772,0.08426966292134831,0.1707920792079208,0.3497830802603037,0.34405940594059403,Envy Me,Calboy
1955,/wiki/You_Say,2019,2018-2023,60,other,294,18.523859507468714,3.2312925170068025,0.06521739130434782,0.14965986394557823,0.28962188254223653,0.272108843537415,You Say,Lauren Daigle
1956,"/wiki/Hey_Look_Ma,_I_Made_It",2019,2018-2023,61,other,336,25.173076923076923,3.6339285714285716,0.10714285714285714,0.16964285714285715,0.3132992327365729,0.33630952380952384,"Hey Look Ma, I Made It",Panic! at the Disco
1957,/wiki/Circles_(Post_Malone_song),2019,2018-2023,62,other,314,27.078105709672993,3.6847133757961785,0.25609756097560976,0.1305732484076433,0.27883310719131615,0.3057324840764331,Circles,Post Malone
1958,/wiki/Beer_Never_Broke_My_Heart,2019,2018-2023,63,other,243,69.1685393258427,4.020576131687243,0.06306306306306306,0.2139917695473251,0.3235053235053235,0.40329218106995884,Beer Never Broke My Heart,Luke Combs
1959,/wiki/The_London_(song),2019,2018-2023,64,other,625,42.90966386554622,3.6608,0.05084745762711865,0.2464,0.38616223585548737,0.3984,The London,Young Thug & J. Cole & Travis Scott
1960,/wiki/Con_Calma,2019,2018-2023,65,other,644,52.95803165648017,3.5419254658385095,0.06837606837606838,0.17080745341614906,0.3166441136671177,0.33229813664596275,Con Calma,Daddy Yankee & Katy Perry & Snow
1961,/wiki/Murder_on_My_Mind,2019,2018-2023,66,other,645,26.3375,3.5441860465116277,0.13414634146341464,0.20775193798449612,0.3238192320761128,0.324031007751938,Murder on My Mind,YNW Melly
1962,/wiki/When_the_Party%27s_Over_(song),2019,2018-2023,67,other,192,20.87927927927928,3.515625,0.17142857142857143,0.20833333333333334,0.3333333333333333,0.3489583333333333,When the Party's Over,Billie Eilish
1963,/wiki/Act_Up_(song),2019,2018-2023,68,other,525,65.14435314834023,3.740952380952381,0.07053941908713693,0.2914285714285714,0.4050179211469534,0.43238095238095237,Act Up,City Girls
1964,"/wiki/I_Like_It_(Cardi_B,_Bad_Bunny_and_J_Balvin_song)",2019,2018-2023,69,other,816,22.320657779666696,3.588235294117647,0.03201970443349754,0.23161764705882354,0.3572189664358018,0.36642156862745096,I Like It,Cardi B & Bad Bunny & J Balvin
1965,/wiki/Trampoline_(Shaed_song),2019,2018-2023,70,other,223,13.603550408202013,3.318385650224215,0.2169811320754717,0.21524663677130046,0.3094262295081967,0.336322869955157,Trampoline,Shaed
1966,/wiki/Leave_Me_Alone_(Flipp_Dinero_song),2019,2018-2023,71,other,527,27.216870581837956,3.7210626185958255,0.12334801762114538,0.1461100569259962,0.30112269446672013,0.2808349146110057,Leave Me Alone,Flipp Dinero
1967,/wiki/Breathin,2019,2018-2023,72,other,320,14.993385181276622,3.9875,0.2782608695652174,0.14375,0.25719534598897736,0.296875,Breathin,Ariana Grande
1968,/wiki/Bury_a_Friend,2019,2018-2023,73,other,391,21.54556133882744,3.60613810741688,0.15384615384615385,0.17902813299232737,0.31194690265486724,0.34782608695652173,Bury a Friend,Billie Eilish
1969,/wiki/Close_Friends_(song),2019,2018-2023,74,other,558,35.31088460138333,3.942652329749104,0.050314465408805034,0.15412186379928317,0.3040662108672184,0.33691756272401435,Close Friends,Lil Baby
1970,/wiki/Baby_Shark#Pinkfong_version,2019,2018-2023,75,other,246,3.671641791044776,3.4552845528455283,0.7570093457943925,0,0.10319634703196347,0.07317073170731707,Baby Shark,Pinkfong
1971,/wiki/My_Type_(Saweetie_song),2019,2018-2023,76,other,401,33.25710444578369,3.9376558603491274,0.13089005235602094,0.14463840399002495,0.26084762865792127,0.30423940149625933,My Type,Saweetie
1972,/wiki/Worth_It_(YK_Osiris_song),2019,2018-2023,77,other,389,17.511208938317374,3.5938303341902316,0.20238095238095238,0.15167095115681234,0.24233983286908078,0.2416452442159383,Worth It,YK Osiris
1973,/wiki/Only_Human_(Jonas_Brothers_song),2019,2018-2023,78,other,336,34.85173255246462,3.7797619047619047,0.136,0.10119047619047619,0.2721636701797892,0.29464285714285715,Only Human,Jonas Brothers
1974,/wiki/Knockin%27_Boots_(Luke_Bryan_song),2019,2018-2023,79,other,294,38.37415730337079,4.258503401360544,0.07857142857142857,0.1836734693877551,0.28109137055837563,0.3469387755102041,Knockin' Boots,Luke Bryan
1975,/wiki/Trip_(Ella_Mai_song),2019,2018-2023,80,other,534,17.071931334429607,3.691011235955056,0.21348314606741572,0.06554307116104868,0.20890277235454902,0.19850187265917604,Trip,Ella Mai
1976,/wiki/Rumor_(Lee_Brice_song),2019,2018-2023,81,other,323,53.58492414664981,3.8142414860681115,0.16279069767441862,0.1826625386996904,0.3116966580976864,0.3591331269349845,Rumor,Lee Brice
1977,/wiki/Swervin,2019,2018-2023,82,other,630,65.53587010334797,3.834920634920635,0.06382978723404255,0.14761904761904762,0.3305057096247961,0.32222222222222224,Swervin,A Boogie wit da Hoodie & 6ix9ine
1978,/wiki/How_Do_You_Sleep%3F_(Sam_Smith_song),2019,2018-2023,83,other,331,34.06984877126654,3.598187311178248,0.11627906976744186,0.1027190332326284,0.24560260586319219,0.24773413897280966,How Do You Sleep?,Sam Smith
1979,"/wiki/Baby_(Quality_Control,_Lil_Baby_and_DaBaby_song)",2019,2018-2023,84,other,425,41.083333333333336,3.496470588235294,0.12849162011173185,0.31529411764705884,0.39813374805598756,0.4423529411764706,Baby,Lil Baby & DaBaby
1980,/wiki/Look_What_God_Gave_Her,2019,2018-2023,85,other,310,49.2746913580247,3.870967741935484,0.1,0.21935483870967742,0.3328938694792353,0.3774193548387097,Look What God Gave Her,Thomas Rhett
1981,/wiki/Good_as_You,2019,2018-2023,86,other,266,53.2,3.642857142857143,0.13414634146341464,0.09398496240601503,0.26537216828478966,0.2932330827067669,Good as You,Kane Brown
1982,/wiki/Clout_(Offset_song),2019,2018-2023,87,other,763,23.379586557843844,4.023591087811272,0.10135135135135136,0.1834862385321101,0.3256964332205155,0.34600262123197906,Clout,Offset & Cardi B
1983,/wiki/Love_Lies_(song),2019,2018-2023,88,other,392,25.336585365853658,3.8801020408163267,0.10483870967741936,0.09693877551020408,0.2563835330901511,0.2627551020408163,Love Lies,Khalid & Normani
1984,/wiki/One_Thing_Right,2019,2018-2023,89,other,455,27.987867605948786,3.804395604395604,0.176,0.1076923076923077,0.22383985441310283,0.24175824175824176,One Thing Right,Marshmello & Kane Brown
1985,/wiki/Cash_Shit,2019,2018-2023,90,other,758,42.29065748906851,3.546174142480211,0.07516339869281045,0.12928759894459102,0.30201729106628245,0.2770448548812665,Cash Shit,Megan Thee Stallion & DaBaby
1986,/wiki/Tequila_(Dan_%2B_Shay_song),2019,2018-2023,91,other,331,14.543939393939393,3.5891238670694863,0.09734513274336283,0.12386706948640483,0.252465483234714,0.27794561933534745,Tequila,Dan + Shay
1987,/wiki/Shotta_Flow,2019,2018-2023,92,other,535,49.65948169778564,3.829906542056075,0.08433734939759036,0.29906542056074764,0.41714504401071567,0.4523364485981308,Shotta Flow,NLE Choppa
1988,/wiki/Hot_Girl_Summer_(Megan_Thee_Stallion_song),2019,2018-2023,93,other,871,36.476542991401715,3.428243398392652,0.06741573033707865,0.1113662456946039,0.25186136071887033,0.22043628013777267,Hot Girl Summer,Megan Thee Stallion & Nicki Minaj & Ty Dolla Sign
1989,/wiki/Talk_You_Out_of_It,2019,2018-2023,94,other,365,107.08658637396954,3.8465753424657536,0.05172413793103448,0.16712328767123288,0.3012318029115342,0.36164383561643837,Talk You Out of It,Florida Georgia Line
1990,/wiki/Beautiful_(Bazzi_song),2019,2018-2023,95,other,296,27.818177509183553,4.388513513513513,0.25263157894736843,0.20608108108108109,0.3109717868338558,0.3716216216216216,Beautiful,Bazzi & Camila Cabello
1991,/wiki/Eyes_on_You_(Chase_Rice_song),2019,2018-2023,96,other,355,29.09943950100323,3.7014084507042253,0.19101123595505617,0.2140845070422535,0.31538001196888094,0.3408450704225352,Eyes on You,Chase Rice
1992,/wiki/All_to_Myself_(Dan_%2B_Shay_song),2019,2018-2023,97,other,289,25.21572847682119,3.6955017301038064,0.0547945205479452,0.14186851211072665,0.26548672566371684,0.30103806228373703,All to Myself,Dan + Shay
1993,/wiki/Boyfriend_(Ariana_Grande_and_Social_House_song),2019,2018-2023,98,other,509,26.133461187929484,4.043222003929273,0.15833333333333333,0.12180746561886051,0.26283048211508553,0.24165029469548133,Boyfriend,Ariana Grande & Social House
1994,/wiki/Walk_Me_Home_(Pink_song),2019,2018-2023,99,other,251,53.30669705469846,3.697211155378486,0.14285714285714285,0.1952191235059761,0.3042016806722689,0.3665338645418327,Walk Me Home,Pink
1995,/wiki/Robbery_(Juice_Wrld_song),2019,2018-2023,100,other,437,24.015841376416283,3.654462242562929,0.05185185185185185,0.14874141876430205,0.3077679449360865,0.3112128146453089,Robbery,Juice Wrld
1996,/wiki/Blinding_Lights,2020,2018-2023,1,top20,259,37.169020492445995,3.5752895752895753,0.12162162162162163,0.1583011583011583,0.33642495784148396,0.3667953667953668,Blinding Lights,The Weeknd
1997,/wiki/Circles_(Post_Malone_song),2020,2018-2023,2,top20,314,27.078105709672993,3.6847133757961785,0.25609756097560976,0.1305732484076433,0.27883310719131615,0.3057324840764331,Circles,Post Malone
1998,/wiki/The_Box_(Roddy_Ricch_song),2020,2018-2023,3,top20,544,79.85235816814765,3.610294117647059,0.039473684210526314,0.1875,0.3299212598425197,0.3492647058823529,The Box,Roddy Ricch
1999,/wiki/Don%27t_Start_Now,2020,2018-2023,4,top20,305,14.193722943722943,3.767213114754098,0.14285714285714285,0.09836065573770492,0.24708304735758407,0.2459016393442623,Don't Start Now,Dua Lipa
2000,/wiki/Rockstar_(DaBaby_song),2020,2018-2023,5,top20,656,51.75640004918252,3.6417682926829267,0.0963855421686747,0.2149390243902439,0.3543024771838331,0.3521341463414634,Rockstar,DaBaby & Roddy Ricch
2001,/wiki/Adore_You_(Harry_Styles_song),2020,2018-2023,6,top20,368,19.9885023292695,3.703804347826087,0.25301204819277107,0.07336956521739131,0.1733102253032929,0.1793478260869565,Adore You,Harry Styles
2002,/wiki/Life_Is_Good_(song),2020,2018-2023,7,top20,788,65.90287769784173,3.815989847715736,0.07692307692307693,0.17893401015228427,0.33159268929503916,0.3413705583756345,Life Is Good,Future & Drake
2003,/wiki/Memories_(Maroon_5_song),2020,2018-2023,8,top20,443,9.289042618014982,4.006772009029345,0.3423913043478261,0.0835214446952596,0.21069182389937108,0.22799097065462753,Memories,Maroon 5
2004,/wiki/The_Bones_(song),2020,2018-2023,9,top20,322,35.975986769794716,3.9937888198757765,0.07894736842105263,0.12732919254658384,0.2602484472049689,0.2826086956521739,The Bones,Maren Morris
2005,/wiki/Someone_You_Loved,2020,2018-2023,10,top20,323,52.100024658932554,3.7708978328173375,0.10294117647058823,0.11455108359133127,0.2590909090909091,0.29721362229102166,Someone You Loved,Lewis Capaldi
2006,/wiki/Say_So,2020,2018-2023,11,top20,483,41.211190259516115,3.5320910973084887,0.055944055944055944,0.19254658385093168,0.27401001365498406,0.3064182194616977,Say So,Doja Cat
2007,/wiki/I_Hope_(Gabby_Barrett_song),2020,2018-2023,12,top20,467,38.52972498962339,3.6167023554603857,0.248,0.10492505353319058,0.24444444444444444,0.25267665952890794,I Hope,Gabby Barrett & Charlie Puth
2008,/wiki/Whats_Poppin,2020,2018-2023,13,top20,534,107.77478608100398,4.073033707865169,0.028925619834710745,0.27153558052434457,0.4185280117173197,0.4700374531835206,Whats Poppin,Jack Harlow & DaBaby & Tory Lanez & Lil Wayne
2009,/wiki/Dance_Monkey,2020,2018-2023,14,top20,452,14.108446961180825,3.1969026548672566,0.19,0.05309734513274336,0.19145569620253164,0.168141592920354,Dance Monkey,Tones and I
2010,/wiki/Savage_(Megan_Thee_Stallion_song),2020,2018-2023,15,top20,411,34.89679183375866,4.070559610705596,0.08755760368663594,0.26520681265206814,0.3782879005260641,0.41605839416058393,Savage,Megan Thee Stallion & Beyoncé
2011,/wiki/Roxanne_(Arizona_Zervas_song),2020,2018-2023,16,top20,385,30.096459183735547,4.062337662337662,0.13227513227513227,0.14285714285714285,0.29432805314256516,0.3246753246753247,Roxanne,Arizona Zervas
2012,/wiki/Intentions_(Justin_Bieber_song),2020,2018-2023,17,top20,482,48.732596685082875,4.190871369294606,0.06111111111111111,0.1991701244813278,0.3006354249404289,0.33402489626556015,Intentions,Justin Bieber & Quavo
2013,/wiki/Everything_I_Wanted,2020,2018-2023,18,top20,313,38.85815879376575,3.779552715654952,0.0847457627118644,0.13738019169329074,0.33089214380825566,0.36421725239616615,Everything I Wanted,Billie Eilish
2014,/wiki/Roses_(Saint_Jhn_song),2020,2018-2023,19,top20,476,39.86666666666667,3.6512605042016806,0.0625,0,0.1911170928667564,0.19957983193277312,Roses (Imanbek remix),Saint Jhn
2015,/wiki/Watermelon_Sugar,2020,2018-2023,20,top20,236,14.02065204271937,4.661016949152542,0.25961538461538464,0.08898305084745763,0.20283370618941088,0.23728813559322035,Watermelon Sugar,Harry Styles
2016,/wiki/Before_You_Go_(Lewis_Capaldi_song),2020,2018-2023,21,other,319,54.49583333333333,3.90282131661442,0.08108108108108109,0.13479623824451412,0.27301790281329924,0.329153605015674,Before You Go,Lewis Capaldi
2017,/wiki/Falling_(Trevor_Daniel_song),2020,2018-2023,22,other,334,38.5802236239453,3.6107784431137726,0.09230769230769231,0.16766467065868262,0.3023255813953488,0.31736526946107785,Falling,Trevor Daniel
2018,"/wiki/10,000_Hours",2020,2018-2023,23,other,320,25.966228893058165,3.771875,0.2204724409448819,0.1,0.2519633507853403,0.278125,"10,000 Hours",Dan + Shay & Justin Bieber
2019,/wiki/WAP_(song),2020,2018-2023,24,other,727,33.832251082251084,3.7125171939477304,0.058823529411764705,0.22833562585969738,0.36617262423714037,0.35213204951856947,WAP,Cardi B & Megan Thee Stallion
2020,/wiki/Ballin%27_(Mustard_song),2020,2018-2023,25,other,604,47.37106286861589,3.774834437086093,0.05240174672489083,0.1870860927152318,0.3400823610157859,0.3360927152317881,Ballin',Mustard & Roddy Ricch
2021,/wiki/Hot_Girl_Bummer,2020,2018-2023,26,other,514,30.659649122807018,3.813229571984436,0.0782122905027933,0.08365758754863813,0.19636363636363635,0.20817120622568094,Hot Girl Bummer,Blackbear
2022,/wiki/Blueberry_Faygo,2020,2018-2023,27,other,539,53.179898648648646,3.769944341372913,0.08520179372197309,0.07235621521335807,0.20362514462013112,0.22077922077922077,Blueberry Faygo,Lil Mosey
2023,/wiki/Heartless_(The_Weeknd_song),2020,2018-2023,28,other,397,29.775,4.062972292191436,0.17857142857142858,0.23173803526448364,0.32645034414945917,0.3702770780856423,Heartless,The Weeknd
2024,/wiki/Bop_(DaBaby_song),2020,2018-2023,29,other,736,55.2,3.5339673913043477,0.054945054945054944,0.14945652173913043,0.3166963755199049,0.297554347826087,Bop,DaBaby
2025,/wiki/Lose_You_to_Love_Me,2020,2018-2023,30,other,357,12.98611111111111,3.4873949579831933,0.34285714285714286,0.10084033613445378,0.24828446662507797,0.23529411764705882,Lose You to Love Me,Selena Gomez
2026,/wiki/Good_as_Hell,2020,2018-2023,31,other,394,36.65678880647002,3.786802030456853,0.16201117318435754,0.17258883248730963,0.2676056338028169,0.30710659898477155,Good as Hell,Lizzo
2027,/wiki/Toosie_Slide,2020,2018-2023,32,other,609,55.56824431551284,3.9770114942528734,0.08163265306122448,0.11822660098522167,0.2695965890455887,0.28407224958949095,Toosie Slide,Drake
2028,/wiki/Break_My_Heart_(Dua_Lipa_song),2020,2018-2023,33,other,512,55.228190357569154,3.681640625,0.0990990990990991,0.078125,0.19858745326132116,0.208984375,Break My Heart,Dua Lipa
2029,/wiki/Chasin%27_You,2020,2018-2023,34,other,324,48.363321799307954,4.246913580246914,0.2018348623853211,0.1574074074074074,0.2787456445993031,0.3395061728395062,Chasin' You,Morgan Wallen
2030,/wiki/Savage_Love_(Laxed_%E2%80%93_Siren_Beat),2020,2018-2023,35,other,391,17.876345840130504,3.6777493606138107,0.14545454545454545,0.1278772378516624,0.25568797399783316,0.27365728900255754,Savage Love (Laxed – Siren Beat),Jawsh 685 & Jason Derulo
2031,/wiki/No_Guidance,2020,2018-2023,36,other,614,23.71667938743902,3.57328990228013,0.07894736842105263,0.16775244299674266,0.3461402890377159,0.31433224755700323,No Guidance,Chris Brown & Drake
2032,/wiki/My_Oh_My_(Camila_Cabello_song),2020,2018-2023,37,other,450,22.351253806330647,3.3733333333333335,0.06666666666666667,0.16666666666666666,0.3345159655347187,0.32222222222222224,My Oh My,Camila Cabello & DaBaby
2033,/wiki/Dynamite_(BTS_song),2020,2018-2023,38,other,550,13.380313578989076,3.4527272727272726,0.28104575163398693,0.10545454545454545,0.22777101096224117,0.24,Dynamite,BTS
2034,/wiki/Go_Crazy_(Chris_Brown_and_Young_Thug_song),2020,2018-2023,39,other,573,33.4511064826868,3.5986038394415356,0.11827956989247312,0.1343804537521815,0.28630393996247655,0.27225130890052357,Go Crazy,Chris Brown & Young Thug
2035,/wiki/High_Fashion_(song),2020,2018-2023,40,other,643,46.91059249878113,3.401244167962675,0.07075471698113207,0.08709175738724728,0.2533380182712579,0.2301710730948678,High Fashion,Roddy Ricch & Mustard
2036,/wiki/Laugh_Now_Cry_Later,2020,2018-2023,41,other,603,78.7062324929972,3.6782752902155886,0.0847457627118644,0.20563847429519072,0.31926863572433195,0.3449419568822554,Laugh Now Cry Later,Drake & Lil Durk
2037,/wiki/Woah_(Lil_Baby_song),2020,2018-2023,42,other,682,59.41666666666667,3.718475073313783,0.06334841628959276,0.20381231671554254,0.34393331275084904,0.3548387096774194,Woah,Lil Baby
2038,/wiki/Death_Bed_(Coffee_for_Your_Head),2020,2018-2023,43,other,356,55.957936836298444,3.615168539325843,0.1717171717171717,0.21348314606741572,0.3021276595744681,0.33707865168539325,Death Bed,Powfu & Beabadoobee
2039,/wiki/Se%C3%B1orita_(Shawn_Mendes_and_Camila_Cabello_song),2020,2018-2023,44,other,402,25.708500531901734,3.3656716417910446,0.26595744680851063,0.15671641791044777,0.28433598183881953,0.2810945273631841,Señorita,Shawn Mendes & Camila Cabello
2040,/wiki/Highest_in_the_Room,2020,2018-2023,45,other,310,63.33443708609271,3.47741935483871,0.0625,0.25806451612903225,0.4270386266094421,0.4483870967741935,Highest in the Room,Travis Scott
2041,/wiki/Bad_Guy_(Billie_Eilish_song),2020,2018-2023,46,other,257,43.82854098850466,3.754863813229572,0.1702127659574468,0.27626459143968873,0.3902040816326531,0.4591439688715953,Bad Guy,Billie Eilish
2042,/wiki/Mood_(24kGoldn_song),2020,2018-2023,47,other,427,62.00302195545943,3.7330210772833725,0.06015037593984962,0.14754098360655737,0.2627986348122867,0.297423887587822,Mood,24kGoldn & Iann Dior
2043,/wiki/Rain_on_Me_(Lady_Gaga_and_Ariana_Grande_song),2020,2018-2023,48,other,349,14.635640668523678,3.315186246418338,0.38461538461538464,0.11461318051575932,0.2749504296100463,0.25501432664756446,Rain on Me,Lady Gaga & Ariana Grande
2044,/wiki/For_the_Night,2020,2018-2023,49,other,594,33.905673431734314,3.4562289562289563,0.06315789473684211,0.23737373737373738,0.3504497751124438,0.3602693602693603,For the Night,Pop Smoke & Lil Baby & DaBaby
2045,/wiki/Ritmo_(Bad_Boys_for_Life),2020,2018-2023,50,other,615,22.076923076923077,3.795121951219512,0.10434782608695652,0.18048780487804877,0.23935635266510225,0.2845528455284553,Ritmo (Bad Boys for Life),Black Eyed Peas & J Balvin
2046,/wiki/Heart_on_Ice,2020,2018-2023,51,other,266,30.897763578274763,3.7518796992481205,0.1276595744680851,0.2706766917293233,0.39243498817966904,0.46616541353383456,Heart on Ice,Rod Wave
2047,/wiki/Nobody_but_You_(Blake_Shelton_and_Gwen_Stefani_song),2020,2018-2023,52,other,349,25.673891312250092,3.670487106017192,0.33695652173913043,0.14613180515759314,0.2603911980440098,0.28653295128939826,Nobody but You,Blake Shelton & Gwen Stefani
2048,/wiki/Trampoline_(Shaed_song),2020,2018-2023,53,other,223,13.603550408202013,3.318385650224215,0.2169811320754717,0.21524663677130046,0.3094262295081967,0.336322869955157,Trampoline,Shaed
2049,/wiki/Come_%26_Go_(Juice_Wrld_and_Marshmello_song),2020,2018-2023,54,other,389,28.997620935765266,3.691516709511568,0.125,0.16452442159383032,0.2748091603053435,0.2982005141388175,Come & Go,Juice Wrld & Marshmello
2050,/wiki/Truth_Hurts_(song),2020,2018-2023,55,other,520,38.7146529562982,3.894230769230769,0.0776255707762557,0.13076923076923078,0.26272513703993733,0.3076923076923077,Truth Hurts,Lizzo
2051,/wiki/If_the_World_Was_Ending,2020,2018-2023,56,other,466,32.304541559554416,3.9978540772532187,0.12087912087912088,0.06652360515021459,0.21498929336188438,0.22103004291845493,If the World Was Ending,JP Saxe & Julia Michaels
2052,/wiki/We_Paid,2020,2018-2023,57,other,802,45.23229580996238,3.8266832917705735,0.10882352941176471,0.1882793017456359,0.31798413916602714,0.3403990024937656,We Paid,Lil Baby & 42 Dugg
2053,/wiki/Yummy_(Justin_Bieber_song),2020,2018-2023,58,other,451,14.49728362153676,3.6984478935698446,0.2025862068965517,0.09534368070953436,0.21146616541353383,0.2106430155210643,Yummy,Justin Bieber
2054,/wiki/One_Man_Band_(Old_Dominion_song),2020,2018-2023,59,other,319,58.483333333333334,3.70846394984326,0.11711711711711711,0.2006269592476489,0.30357142857142855,0.3605015673981191,One Man Band,Old Dominion
2055,/wiki/Got_What_I_Got,2020,2018-2023,60,other,260,28.88888888888889,3.519230769230769,0.14634146341463414,0.11538461538461539,0.2882502113271344,0.28076923076923077,Got What I Got,Jason Aldean
2056,/wiki/Sunday_Best_(Surfaces_song),2020,2018-2023,61,other,242,61.01186545604622,4.351239669421488,0.11538461538461539,0.1322314049586777,0.2898997686969931,0.359504132231405,Sunday Best,Surfaces
2057,/wiki/Godzilla_(Eminem_song),2020,2018-2023,62,other,962,84.06728512140617,4.0665280665280665,0.03015075376884422,0.3201663201663202,0.42685411572942134,0.44386694386694386,Godzilla,Eminem & Juice Wrld
2058,/wiki/Bandit_(song),2020,2018-2023,63,other,631,38.485455291618386,3.578446909667195,0.08536585365853659,0.20285261489698891,0.3331027326184711,0.31378763866877973,Bandit,Juice Wrld & YoungBoy Never Broke Again
2059,/wiki/Party_Girl_(StaySolidRocky_song),2020,2018-2023,64,other,412,37.720686938711204,3.5024271844660193,0.09090909090909091,0.15776699029126215,0.2926698769395399,0.28883495145631066,Party Girl,StaySolidRocky
2060,/wiki/Die_from_a_Broken_Heart,2020,2018-2023,65,other,295,55.95247933884298,3.664406779661017,0.08849557522123894,0.2033898305084746,0.3333333333333333,0.39322033898305087,Die from a Broken Heart,Maddie & Tae
2061,/wiki/Popstar_(DJ_Khaled_song),2020,2018-2023,66,other,557,47.30960151150808,3.9784560143626573,0.10638297872340426,0.2244165170556553,0.3264433357091946,0.35727109515260325,Popstar,DJ Khaled & Drake
2062,/wiki/All_I_Want_for_Christmas_Is_You,2020,2018-2023,67,other,388,29.876029876029875,3.7448453608247423,0.1509433962264151,0.15206185567010308,0.31395980445410104,0.2860824742268041,All I Want for Christmas Is You,Mariah Carey
2063,/wiki/One_of_Them_Girls,2020,2018-2023,68,other,368,39.4428863172226,3.6956521739130435,0.17,0.18206521739130435,0.2818443804034582,0.328804347826087,One of Them Girls,Lee Brice
2064,/wiki/Hard_to_Forget,2020,2018-2023,69,other,417,42.930729166666666,3.7194244604316546,0.05555555555555555,0.1223021582733813,0.2704339051463169,0.3069544364508393,Hard to Forget,Sam Hunt
2065,/wiki/One_Margarita,2020,2018-2023,70,other,317,66.83915094339622,4.296529968454259,0.13953488372093023,0.12302839116719243,0.2605882352941176,0.34069400630914826,One Margarita,Luke Bryan
2066,/wiki/Panini_(song),2020,2018-2023,71,other,217,30.22966566176199,3.3686635944700463,0.09523809523809523,0.18433179723502305,0.36430834213305174,0.3870967741935484,Panini,Lil Nas X
2067,/wiki/Hot_(Young_Thug_song),2020,2018-2023,72,other,574,29.455263157894734,3.7804878048780486,0.12890625,0.26306620209059234,0.40159767610748004,0.42857142857142855,Hot,Young Thug & Gunna
2068,/wiki/I_Hope_You%27re_Happy_Now_(Carly_Pearce_and_Lee_Brice_song),2020,2018-2023,73,other,225,46.757425742574256,3.688888888888889,0.12698412698412698,0.2222222222222222,0.38533834586466165,0.4222222222222222,I Hope You're Happy Now,Carly Pearce & Lee Brice
2069,/wiki/Emotionally_Scarred,2020,2018-2023,74,other,735,106.04961271136622,3.821768707482993,0.029535864978902954,0.23129251700680273,0.36447811447811446,0.38639455782312926,Emotionally Scarred,Lil Baby
2070,/wiki/Suicidal_(song),2020,2018-2023,75,other,456,25.5006701129619,3.543859649122807,0.0967741935483871,0.10087719298245613,0.2886450381679389,0.2675438596491228,Suicidal,YNW Melly & Juice Wrld
2071,/wiki/The_Bigger_Picture_(song),2020,2018-2023,76,other,1131,91.35961152420269,3.8753315649867375,0.02601156069364162,0.21220159151193635,0.38219895287958117,0.34394341290893016,The Bigger Picture,Lil Baby
2072,/wiki/Only_Human_(Jonas_Brothers_song),2020,2018-2023,77,other,336,34.85173255246462,3.7797619047619047,0.136,0.10119047619047619,0.2721636701797892,0.29464285714285715,Only Human,Jonas Brothers
2073,/wiki/The_Woo,2020,2018-2023,78,other,537,22.10424733785092,3.5921787709497206,0.1346153846153846,0.18808193668528864,0.3554119547657512,0.3426443202979516,The Woo,Pop Smoke & 50 Cent & Roddy Ricch
2074,/wiki/Sum_2_Prove,2020,2018-2023,79,other,895,102.8593978566223,3.6804469273743017,0.04878048780487805,0.20335195530726258,0.34899013621418506,0.3396648044692737,Sum 2 Prove,Lil Baby
2075,/wiki/Stuck_with_U,2020,2018-2023,80,other,403,24.632041515901733,3.7468982630272953,0.21875,0.1513647642679901,0.27844155844155843,0.31265508684863524,Stuck with U,Ariana Grande & Justin Bieber
2076,/wiki/Mood_Swings_(Pop_Smoke_song),2020,2018-2023,81,other,621,47.27373417721519,3.7954911433172303,0.05429864253393665,0.214170692431562,0.3813474941918354,0.3687600644122383,Mood Swings,Pop Smoke & Lil Tjay
2077,/wiki/You_Should_Be_Sad,2020,2018-2023,82,other,452,21.815179871075067,3.515486725663717,0.11320754716981132,0.10398230088495575,0.26050830889540566,0.2676991150442478,You Should Be Sad,Halsey
2078,/wiki/Dior_(song),2020,2018-2023,83,other,478,27.67385556758304,3.6673640167364017,0.04568527918781726,0.2301255230125523,0.321301247771836,0.3577405857740586,Dior,Pop Smoke
2079,/wiki/Supalonely,2020,2018-2023,84,other,423,11.378996834527477,3.7706855791962175,0.3106796116504854,0.13238770685579196,0.26302851524090465,0.27423167848699764,Supalonely,Benee & Gus Dapperton
2080,/wiki/Even_Though_I%27m_Leaving,2020,2018-2023,85,other,339,84.39867541683891,3.8289085545722714,0.08955223880597014,0.16224188790560473,0.30671506352087113,0.35398230088495575,Even Though I'm Leaving,Luke Combs
2081,/wiki/The_Scotts,2020,2018-2023,86,other,307,38.415229200419326,3.9381107491856677,0.17857142857142858,0.30944625407166126,0.42745098039215684,0.48534201954397393,The Scotts,Travis Scott & Kid Cudi
2082,/wiki/Juicy_(Doja_Cat_song),2020,2018-2023,87,other,672,12.62549248844169,3.5550595238095237,0.13432835820895522,0.12053571428571429,0.21788617886178863,0.20089285714285715,Juicy,Doja Cat & Tyga
2083,"/wiki/Be_Like_That_(Kane_Brown,_Swae_Lee_and_Khalid_song)",2020,2018-2023,88,other,461,48.11892862394268,3.6702819956616053,0.07407407407407407,0.1648590021691974,0.29967727063162747,0.31453362255965295,Be Like That,Kane Brown & Swae Lee & Khalid
2084,/wiki/Homesick_(Kane_Brown_song),2020,2018-2023,89,other,275,78.43063077413188,4.054545454545455,0.08247422680412371,0.17454545454545456,0.3050247699929229,0.3781818181818182,Homesick,Kane Brown
2085,/wiki/Rags2Riches_(song),2020,2018-2023,90,other,264,21.48481065334998,3.8106060606060606,0.13157894736842105,0.20833333333333334,0.36491777603758807,0.39015151515151514,Rags2Riches,Rod Wave
2086,/wiki/Bluebird_(Miranda_Lambert_song),2020,2018-2023,91,other,307,35.00804117370382,3.57328990228013,0.07142857142857142,0.15309446254071662,0.3056737588652482,0.3127035830618892,Bluebird,Miranda Lambert
2087,/wiki/Wishing_Well_(Juice_Wrld_song),2020,2018-2023,92,other,424,43.094113549285964,3.7783018867924527,0.06382978723404255,0.1179245283018868,0.27988194786030496,0.3089622641509434,Wishing Well,Juice Wrld
2088,/wiki/Does_to_Me,2020,2018-2023,93,other,392,46.3936170212766,3.5229591836734695,0.043010752688172046,0.2193877551020408,0.3312641083521445,0.3469387755102041,Does to Me,Luke Combs & Eric Church
2089,/wiki/ILY_(I_Love_You_Baby),2020,2018-2023,95,other,224,19.235544149490735,3.330357142857143,0.3333333333333333,0,0.11661506707946337,0.09375,ILY (I Love You Baby),Surf Mesa
2090,/wiki/More_Than_My_Hometown,2020,2018-2023,96,other,427,47.708558254610885,3.7845433255269323,0.0945945945945946,0.20608899297423888,0.3333333333333333,0.3747072599531616,More Than My Hometown,Morgan Wallen
2091,/wiki/Lovin%27_on_You,2020,2018-2023,97,other,223,51.39205514496874,3.5560538116591927,0.08974358974358974,0.22869955156950672,0.32456140350877194,0.3811659192825112,Lovin' on You,Luke Combs
2092,/wiki/Said_Sum,2020,2018-2023,98,other,652,89.48589669677364,3.835889570552147,0.047619047619047616,0.2607361963190184,0.3778471138845554,0.39570552147239263,Said Sum,Moneybagg Yo
2093,/wiki/Slide_(H.E.R._song),2020,2018-2023,99,other,597,40.43941083581976,3.527638190954774,0.09216589861751152,0.1541038525963149,0.3074127906976744,0.3082077051926298,Slide,H.E.R. & YG
2094,/wiki/Walk_Em_Down,2020,2018-2023,100,other,547,20.3877874702617,3.6508226691042047,0.1440329218106996,0.1425959780621572,0.2655105973025048,0.2851919561243144,Walk Em Down,NLE Choppa & Roddy Ricch
2095,/wiki/Levitating_(song),2021,2018-2023,1,top20,537,27.556578947368422,3.899441340782123,0.22043010752688172,0.0782122905027933,0.21596958174904943,0.2085661080074488,Levitating,Dua Lipa
2096,/wiki/Save_Your_Tears,2021,2018-2023,2,top20,269,29.117615509613103,3.7026022304832713,0.11363636363636363,0.20074349442379183,0.3333333333333333,0.35315985130111527,Save Your Tears,The Weeknd & Ariana Grande
2097,/wiki/Blinding_Lights,2021,2018-2023,3,top20,259,37.169020492445995,3.5752895752895753,0.12162162162162163,0.1583011583011583,0.33642495784148396,0.3667953667953668,Blinding Lights,The Weeknd
2098,/wiki/Mood_(24kGoldn_song),2021,2018-2023,4,top20,427,62.00302195545943,3.7330210772833725,0.06015037593984962,0.14754098360655737,0.2627986348122867,0.297423887587822,Mood,24kGoldn & Iann Dior
2099,/wiki/Good_4_U,2021,2018-2023,5,top20,416,41.2825826956049,3.764423076923077,0.11009174311926606,0.11538461538461539,0.28693467336683415,0.2980769230769231,Good 4 U,Olivia Rodrigo
2100,/wiki/Kiss_Me_More,2021,2018-2023,6,top20,562,25.636780891421434,3.400355871886121,0.27102803738317754,0.1619217081850534,0.3107185869128864,0.29537366548042704,Kiss Me More,Doja Cat & SZA
2101,/wiki/Leave_the_Door_Open,2021,2018-2023,7,top20,512,10.89855072463768,3.59375,0.23107569721115537,0.091796875,0.27047459050818984,0.2578125,Leave the Door Open,Silk Sonic & Bruno Mars & Anderson .Paak
2102,/wiki/Drivers_License_(song),2021,2018-2023,8,top20,368,59.18418014322627,3.948369565217391,0.12,0.1875,0.3289617486338798,0.358695652173913,Drivers License,Olivia Rodrigo
2103,/wiki/Montero_(Call_Me_by_Your_Name),2021,2018-2023,9,top20,353,35.114489489489486,3.543909348441926,0.13043478260869565,0.22096317280453256,0.36279357231149567,0.3909348441926346,Montero (Call Me by Your Name),Lil Nas X
2104,/wiki/Peaches_(Justin_Bieber_song),2021,2018-2023,10,top20,497,43.55548917798592,3.641851106639839,0.17901234567901234,0.13883299798792756,0.24339540926808143,0.25553319919517103,Peaches,Justin Bieber & Daniel Caesar & Giveon
2105,/wiki/Butter_(song),2021,2018-2023,11,top20,388,39.46455591230942,3.6288659793814433,0.05,0.12628865979381443,0.3078626799557032,0.31443298969072164,Butter,BTS
2106,/wiki/Stay_(The_Kid_Laroi_and_Justin_Bieber_song),2021,2018-2023,12,top20,420,17.62754460919829,3.2666666666666666,0.1941747572815534,0.1,0.21484375,0.20714285714285716,Stay,The Kid Laroi & Justin Bieber
2107,/wiki/Deja_Vu_(Olivia_Rodrigo_song),2021,2018-2023,13,top20,330,35.625,3.506060606060606,0.13402061855670103,0.23636363636363636,0.40388479571332886,0.403030303030303,Deja Vu,Olivia Rodrigo
2108,/wiki/Positions_(song),2021,2018-2023,14,top20,372,35.509090909090915,3.8978494623655915,0.07758620689655173,0.053763440860215055,0.2294816414686825,0.23655913978494625,Positions,Ariana Grande
2109,/wiki/Bad_Habits_(Ed_Sheeran_song),2021,2018-2023,15,top20,397,42.717946708463955,3.770780856423174,0.15853658536585366,0.14609571788413098,0.24830109775222164,0.29974811083123426,Bad Habits,Ed Sheeran
2110,/wiki/Heat_Waves,2021,2018-2023,16,top20,416,44.550865051903116,4.021634615384615,0.125,0.14903846153846154,0.2510658455708195,0.2764423076923077,Heat Waves,Glass Animals
2111,/wiki/Without_You_(The_Kid_Laroi_song),2021,2018-2023,17,top20,320,14.994207670264007,3.3875,0.2,0.121875,0.2692307692307692,0.28125,Without You,The Kid Laroi
2112,/wiki/Forever_After_All,2021,2018-2023,18,top20,309,98.8124401532078,4.074433656957929,0.07792207792207792,0.1941747572815534,0.34245703373647357,0.4368932038834951,Forever After All,Luke Combs
2113,/wiki/Go_Crazy_(Chris_Brown_and_Young_Thug_song),2021,2018-2023,19,top20,573,33.4511064826868,3.5986038394415356,0.11827956989247312,0.1343804537521815,0.28630393996247655,0.27225130890052357,Go Crazy,Chris Brown & Young Thug
2114,/wiki/Astronaut_in_the_Ocean,2021,2018-2023,20,top20,452,61.57380411460305,3.9026548672566372,0.05714285714285714,0.2168141592920354,0.34591194968553457,0.3915929203539823,Astronaut in the Ocean,Masked Wolf
2115,/wiki/34%2B35,2021,2018-2023,21,other,497,23.437639674437854,3.953722334004024,0.09183673469387756,0.11267605633802817,0.2899598393574297,0.29979879275653926,34+35,Ariana Grande & Doja Cat & Megan Thee Stallion
2116,/wiki/What_You_Know_Bout_Love,2021,2018-2023,22,other,426,33.51586102719033,3.6291079812206575,0.06557377049180328,0.20657276995305165,0.37161484453360083,0.3755868544600939,What You Know Bout Love,Pop Smoke
2117,/wiki/My_Ex%27s_Best_Friend,2021,2018-2023,23,other,387,31.666707195872362,3.537467700258398,0.10204081632653061,0.19896640826873385,0.3331438317225696,0.3462532299741602,My Ex's Best Friend,Machine Gun Kelly & Blackbear
2118,/wiki/Industry_Baby,2021,2018-2023,24,other,616,55.119496855345915,3.7759740259740258,0.06334841628959276,0.19642857142857142,0.3420875420875421,0.3685064935064935,Industry Baby,Lil Nas X & Jack Harlow
2119,/wiki/Therefore_I_Am_(Billie_Eilish_song),2021,2018-2023,25,other,318,42.03919718132629,3.9748427672955975,0.16129032258064516,0.1761006289308176,0.2694006309148265,0.31761006289308175,Therefore I Am,Billie Eilish
2120,/wiki/Up_(Cardi_B_song),2021,2018-2023,26,other,566,22.957650037860986,3.8180212014134276,0.05825242718446602,0.1607773851590106,0.2884195193008012,0.31095406360424027,Up,Cardi B
2121,/wiki/Fancy_Like,2021,2018-2023,27,other,418,53.84268582129782,4.07177033492823,0.053475935828877004,0.13636363636363635,0.2861163227016886,0.3349282296650718,Fancy Like,Walker Hayes
2122,/wiki/Dakiti,2021,2018-2023,28,other,424,80.77850535897812,3.400943396226415,0.04833836858006042,0.10849056603773585,0.31011351909184726,0.33490566037735847,Dakiti,Bad Bunny & Jhay Cortez
2123,/wiki/Best_Friend_(Saweetie_song),2021,2018-2023,29,other,552,66.77071797024139,3.726449275362319,0.06132075471698113,0.18297101449275363,0.31394906879513496,0.33695652173913043,Best Friend,Saweetie & Doja Cat
2124,/wiki/Rapstar,2021,2018-2023,30,other,543,89.05153649167733,3.9429097605893184,0.03349282296650718,0.21915285451197053,0.3321114369501466,0.3812154696132597,Rapstar,Polo G
2125,/wiki/Heartbreak_Anniversary,2021,2018-2023,31,other,269,25.102486402486402,3.895910780669145,0.14606741573033707,0.10408921933085502,0.3012869038607116,0.3308550185873606,Heartbreak Anniversary,Giveon
2126,/wiki/For_the_Night,2021,2018-2023,32,other,594,33.905673431734314,3.4562289562289563,0.06315789473684211,0.23737373737373738,0.3504497751124438,0.3602693602693603,For the Night,Pop Smoke & Lil Baby & DaBaby
2127,/wiki/Calling_My_Phone,2021,2018-2023,33,other,646,24.52860979462875,3.4907120743034055,0.15656565656565657,0.1563467492260062,0.2816563997262149,0.2678018575851393,Calling My Phone,Lil Tjay & 6lack
2128,/wiki/Beautiful_Mistakes,2021,2018-2023,34,other,566,22.12055516703427,3.8286219081272086,0.1836734693877551,0.1696113074204947,0.3097472924187726,0.31448763250883394,Beautiful Mistakes,Maroon 5 & Megan Thee Stallion
2129,/wiki/Holy_(Justin_Bieber_song),2021,2018-2023,35,other,520,20.517966101694917,3.6192307692307693,0.14871794871794872,0.19230769230769232,0.3267162944582299,0.3346153846153846,Holy,Justin Bieber & Chance the Rapper
2130,/wiki/On_Me_(Lil_Baby_song),2021,2018-2023,36,other,493,79.50018366855353,3.661257606490872,0.044585987261146494,0.21906693711967545,0.3813632441760138,0.41379310344827586,On Me,Lil Baby
2131,/wiki/You_Broke_Me_First,2021,2018-2023,37,other,329,44.8628592215351,3.7416413373860182,0.14285714285714285,0.14893617021276595,0.29757343550446996,0.331306990881459,You Broke Me First,Tate McRae
2132,/wiki/Traitor_(song),2021,2018-2023,38,other,376,47.19945257607439,3.752659574468085,0.1320754716981132,0.1702127659574468,0.3243847874720358,0.34574468085106386,Traitor,Olivia Rodrigo
2133,/wiki/Back_in_Blood_(song),2021,2018-2023,39,other,729,54.84931968206925,3.7599451303155007,0.11808118081180811,0.1440329218106996,0.29914285714285715,0.2880658436213992,Back in Blood,Pooh Shiesty & Lil Durk
2134,/wiki/I_Hope_(Gabby_Barrett_song),2021,2018-2023,40,other,467,38.52972498962339,3.6167023554603857,0.248,0.10492505353319058,0.24444444444444444,0.25267665952890794,I Hope,Gabby Barrett & Charlie Puth
2135,/wiki/Dynamite_(BTS_song),2021,2018-2023,41,other,550,13.380313578989076,3.4527272727272726,0.28104575163398693,0.10545454545454545,0.22777101096224117,0.24,Dynamite,BTS
2136,/wiki/Wockesha,2021,2018-2023,42,other,612,43.67214300060253,3.7450980392156863,0.07983193277310924,0.25163398692810457,0.39152716091561324,0.4166666666666667,Wockesha,Moneybagg Yo
2137,/wiki/You_Right,2021,2018-2023,43,other,481,26.51436828174796,3.2972972972972974,0.1527777777777778,0.13097713097713098,0.2958152958152958,0.25571725571725573,You Right,Doja Cat & the Weeknd
2138,/wiki/Beat_Box_(SpotemGottem_song),2021,2018-2023,44,other,346,82.16616604589692,3.684971098265896,0.04081632653061224,0.2398843930635838,0.4034229828850856,0.45664739884393063,Beat Box,SpotemGottem & Pooh Shiesty & DaBaby
2139,/wiki/Laugh_Now_Cry_Later,2021,2018-2023,45,other,603,78.7062324929972,3.6782752902155886,0.0847457627118644,0.20563847429519072,0.31926863572433195,0.3449419568822554,Laugh Now Cry Later,Drake & Lil Durk
2140,/wiki/Need_to_Know_(Doja_Cat_song),2021,2018-2023,46,other,548,35.949257103136674,3.591240875912409,0.11214953271028037,0.18065693430656934,0.3239715189873418,0.3175182481751825,Need to Know,Doja Cat
2141,/wiki/Wants_and_Needs,2021,2018-2023,47,other,617,47.33634062798807,3.641815235008104,0.05405405405405406,0.28363047001620745,0.40694444444444444,0.4165316045380875,Wants and Needs,Drake & Lil Baby
2142,/wiki/Way_2_Sexy,2021,2018-2023,48,other,626,22.831564986737398,3.830670926517572,0.18214285714285713,0.2268370607028754,0.33157894736842103,0.3514376996805112,Way 2 Sexy,Drake & Future & Young Thug
2143,/wiki/Telepat%C3%ADa,2021,2018-2023,49,other,308,36.63678724635606,3.1623376623376624,0.09259259259259259,0.16883116883116883,0.32683307332293293,0.3538961038961039,Telepatía,Kali Uchis
2144,/wiki/Whoopty,2021,2018-2023,50,other,450,51.333469704375915,4.024444444444445,0.0446927374301676,0.08222222222222222,0.26666666666666666,0.31333333333333335,Whoopty,CJ
2145,/wiki/Lemonade_(Internet_Money_and_Gunna_song),2021,2018-2023,51,other,525,62.537528868360276,4.0095238095238095,0.054901960784313725,0.20952380952380953,0.3483992467043315,0.3923809523809524,Lemonade,Internet Money & Gunna & Don Toliver & Nav
2146,/wiki/Good_Days,2021,2018-2023,52,other,449,28.73852902946274,3.6391982182628064,0.14457831325301204,0.1403118040089087,0.3328550932568149,0.33853006681514475,Good Days,SZA
2147,/wiki/Starting_Over_(Chris_Stapleton_song),2021,2018-2023,53,other,269,48.22847896440129,3.7026022304832713,0.05813953488372093,0.25650557620817843,0.345125786163522,0.4423791821561338,Starting Over,Chris Stapleton
2148,/wiki/Body_(Megan_Thee_Stallion_song),2021,2018-2023,54,other,606,7.630186886284447,3.5544554455445545,0.441025641025641,0.18151815181518152,0.29834054834054835,0.29042904290429045,Body,Megan Thee Stallion
2149,/wiki/Willow_(song),2021,2018-2023,55,other,414,43.81368821292776,3.717391304347826,0.07407407407407407,0.14492753623188406,0.2608695652173913,0.2946859903381642,Willow,Taylor Swift
2150,/wiki/Bang!_(AJR_song),2021,2018-2023,56,other,377,20.066129032258065,3.6684350132625996,0.3875968992248062,0.10079575596816977,0.24688561721404303,0.2572944297082228,Bang!,AJR
2151,/wiki/Better_Together_(Luke_Combs_song),2021,2018-2023,57,other,331,100.72411762595948,3.867069486404834,0.057692307692307696,0.18126888217522658,0.31068560840024706,0.3806646525679758,Better Together,Luke Combs
2152,/wiki/You%27re_Mines_Still,2021,2018-2023,58,other,464,71.01853309470337,3.8383620689655173,0.072,0.1788793103448276,0.33007552199022655,0.3577586206896552,You're Mines Still,Yung Bleu & Drake
2153,/wiki/Every_Chance_I_Get_(song),2021,2018-2023,59,other,907,63.52234232226432,3.6482910694597575,0.06832298136645963,0.19294377067254687,0.3518213866039953,0.33076074972436603,Every Chance I Get,DJ Khaled & Lil Baby & Lil Durk
2154,/wiki/Essence_(Wizkid_song),2021,2018-2023,60,other,453,15.596426231769128,3.4216335540838854,0.12280701754385964,0.1434878587196468,0.31492537313432833,0.2803532008830022,Essence,Wizkid & Justin Bieber & Tems
2155,/wiki/Chasing_After_You,2021,2018-2023,61,other,324,36.83934169278997,3.7037037037037037,0.10869565217391304,0.09259259259259259,0.2576647097195042,0.2962962962962963,Chasing After You,Ryan Hurd & Maren Morris
2156,/wiki/The_Good_Ones_(Gabby_Barrett_song),2021,2018-2023,62,other,291,29.36040268456376,3.5189003436426116,0.0975609756097561,0.18900343642611683,0.286910197869102,0.31958762886597936,The Good Ones,Gabby Barrett
2157,/wiki/Leave_Before_You_Love_Me,2021,2018-2023,63,other,285,29.23847167325428,3.7333333333333334,0.16363636363636364,0.20350877192982456,0.3106508875739645,0.35789473684210527,Leave Before You Love Me,Marshmello & Jonas Brothers
2158,/wiki/Glad_You_Exist,2021,2018-2023,64,other,376,9.118086863991486,3.606382978723404,0.496551724137931,0.10106382978723404,0.23963133640552994,0.2473404255319149,Glad You Exist,Dan + Shay
2159,/wiki/Lonely_(Justin_Bieber_and_Benny_Blanco_song),2021,2018-2023,65,other,191,48.388662486938344,3.8272251308900525,0.12244897959183673,0.29842931937172773,0.4043010752688172,0.5078534031413613,Lonely,Justin Bieber & Benny Blanco
2160,/wiki/Beggin%27#Måneskin_version,2021,2018-2023,66,other,420,27.125,3.704761904761905,0.1836734693877551,0.23095238095238096,0.3313550939663699,0.36666666666666664,Beggin',Måneskin
2161,/wiki/Streets_(song),2021,2018-2023,67,other,443,34.09366798800909,3.706546275395034,0.03669724770642202,0.2144469525959368,0.3476805356288857,0.3656884875846501,Streets,Doja Cat
2162,/wiki/What%27s_Next_(Drake_song),2021,2018-2023,68,other,570,36.97471985058698,3.7350877192982455,0.06282722513089005,0.13508771929824562,0.27842993396918564,0.30350877192982456,What's Next,Drake
2163,/wiki/Famous_Friends,2021,2018-2023,69,other,271,65.90495642701524,3.944649446494465,0.125,0.22140221402214022,0.3075780089153046,0.3837638376383764,Famous Friends,Chris Young & Kane Brown
2164,/wiki/Lil_Bit,2021,2018-2023,70,other,584,27.78424242424242,3.344178082191781,0.08571428571428572,0.10445205479452055,0.2549553050913331,0.24143835616438356,Lil Bit,Nelly & Florida Georgia Line
2165,/wiki/Thot_Shit,2021,2018-2023,71,other,873,28.630645161290325,3.660939289805269,0.09254498714652956,0.22107674684994272,0.3448275862068966,0.3333333333333333,Thot Shit,Megan Thee Stallion
2166,/wiki/Late_at_Night_(Roddy_Ricch_song),2021,2018-2023,72,other,446,14.162298387096774,3.6569506726457397,0.3076923076923077,0.1860986547085202,0.31110052405907573,0.3295964125560538,Late at Night,Roddy Ricch
2167,/wiki/Kings_%26_Queens_(Ava_Max_song),2021,2018-2023,73,other,331,41.79013377926421,3.7401812688821754,0.09278350515463918,0.1661631419939577,0.2987261146496815,0.3564954682779456,Kings & Queens,Ava Max
2168,/wiki/Anyone_(Justin_Bieber_song),2021,2018-2023,74,other,328,17.552941176470586,3.597560975609756,0.17142857142857143,0.11280487804878049,0.25512227362855255,0.2621951219512195,Anyone,Justin Bieber
2169,/wiki/Track_Star_(song),2021,2018-2023,75,other,580,20.500356125356127,3.706896551724138,0.06091370558375635,0.11206896551724138,0.3028863719400804,0.31724137931034485,Track Star,Mooski
2170,/wiki/Time_Today,2021,2018-2023,76,other,596,46.37006423343126,3.8003355704697985,0.041237113402061855,0.2600671140939597,0.3750867453157529,0.3976510067114094,Time Today,Moneybagg Yo
2171,/wiki/Cry_Baby_(Megan_Thee_Stallion_song),2021,2018-2023,77,other,517,47.65394125768796,3.6479690522243713,0.04739336492890995,0.22437137330754353,0.39942052980132453,0.4119922630560928,Cry Baby,Megan Thee Stallion & DaBaby
2172,/wiki/All_I_Want_for_Christmas_Is_You,2021,2018-2023,78,other,388,29.876029876029875,3.7448453608247423,0.1509433962264151,0.15206185567010308,0.31395980445410104,0.2860824742268041,All I Want for Christmas Is You,Mariah Carey
2173,/wiki/No_More_Parties,2021,2018-2023,79,other,394,28.142857142857142,3.8299492385786804,0.1,0.1446700507614213,0.3029827315541601,0.31725888324873097,No More Parties,Coi Leray & Lil Durk
2174,/wiki/What%27s_Your_Country_Song,2021,2018-2023,80,other,275,40.563769540886085,4.410909090909091,0.08333333333333333,0.22181818181818183,0.3064516129032258,0.3781818181818182,What's Your Country Song,Thomas Rhett
2175,/wiki/One_Too_Many_(song),2021,2018-2023,81,other,392,41.03136683716673,3.6020408163265305,0.10434782608695652,0.18877551020408162,0.3268805309734513,0.3647959183673469,One Too Many,Keith Urban & Pink
2176,/wiki/Arcade_(song),2021,2018-2023,82,other,221,13.61093509984639,3.2895927601809953,0.12698412698412698,0.27601809954751133,0.350210970464135,0.37104072398190047,Arcade,Duncan Laurence
2177,/wiki/Yonaguni_(song),2021,2018-2023,83,other,380,29.23076923076923,3.2421052631578946,0.06405693950177936,0.20526315789473684,0.38485033598045204,0.3763157894736842,Yonaguni,Bad Bunny
2178,/wiki/Good_Time_(Niko_Moon_song),2021,2018-2023,84,other,374,35.831455624549726,4.147058823529412,0.125,0.13101604278074866,0.24730077120822622,0.2967914438502674,Good Time,Niko Moon
2179,/wiki/If_I_Didn%27t_Love_You_(Jason_Aldean_and_Carrie_Underwood_song),2021,2018-2023,85,other,347,25.130431242264347,3.610951008645533,0.2833333333333333,0.14985590778097982,0.277363184079602,0.2968299711815562,If I Didn't Love You,Jason Aldean & Carrie Underwood
2180,/wiki/Knife_Talk,2021,2018-2023,86,other,544,33.80632548931197,3.9283088235294117,0.12340425531914893,0.33088235294117646,0.3991097922848665,0.4522058823529412,Knife Talk,Drake & 21 Savage & Project Pat
2181,/wiki/POV_(song),2021,2018-2023,87,other,368,47.00796370850399,3.592391304347826,0.13592233009708737,0.19293478260869565,0.3219741480611046,0.328804347826087,POV,Ariana Grande
2182,/wiki/Just_the_Way,2021,2018-2023,88,other,513,14.879550449850552,3.584795321637427,0.2125984251968504,0.11306042884990253,0.21222410865874364,0.21832358674463936,Just the Way,Parmalee & Blanco Brown
2183,/wiki/Take_My_Breath,2021,2018-2023,89,other,331,20.196387059454445,3.6163141993957706,0.16831683168316833,0.1268882175226586,0.2966601178781925,0.311178247734139,Take My Breath,The Weeknd
2184,/wiki/We%27re_Good,2021,2018-2023,90,other,295,60.324778758099924,3.8745762711864407,0.07547169811320754,0.12542372881355932,0.26931106471816285,0.3254237288135593,We're Good,Dua Lipa
2185,/wiki/Hell_of_a_View,2021,2018-2023,91,other,240,32.87234042553192,3.8041666666666667,0.07368421052631578,0.225,0.3497872340425532,0.4083333333333333,Hell of a View,Eric Church
2186,/wiki/Rockin%27_Around_the_Christmas_Tree,2021,2018-2023,92,other,120,56.71052631578948,4.766666666666667,0.10526315789473684,0.18333333333333332,0.35294117647058826,0.49166666666666664,Rockin' Around the Christmas Tree,Brenda Lee
2187,/wiki/Put_Your_Records_On#Ritt_Momney_version,2021,2018-2023,93,other,272,85.21646927395457,4.216911764705882,0.06818181818181818,0.2610294117647059,0.34837799717912554,0.4411764705882353,Put Your Records On,Ritt Momney
2188,/wiki/Happier_Than_Ever_(song),2021,2018-2023,94,other,345,41.25132113436025,3.7971014492753623,0.045454545454545456,0.2753623188405797,0.4175164967006599,0.4434782608695652,Happier Than Ever,Billie Eilish
2189,/wiki/Single_Saturday_Night,2021,2018-2023,95,other,380,87.23943795832207,3.9263157894736844,0.088,0.15263157894736842,0.31206804891015416,0.35526315789473684,Single Saturday Night,Cole Swindell
2190,/wiki/Things_a_Man_Oughta_Know,2021,2018-2023,96,other,286,29.5792294980376,3.2797202797202796,0.12903225806451613,0.13286713286713286,0.2787286063569682,0.28321678321678323,Things a Man Oughta Know,Lainey Wilson
2191,/wiki/Throat_Baby_(Go_Baby),2021,2018-2023,97,other,605,27.729166666666664,3.672727272727273,0.08727272727272728,0.171900826446281,0.2708551483420593,0.2892561983471074,Throat Baby (Go Baby),BRS Kash
2192,/wiki/Tombstone_(song),2021,2018-2023,98,other,397,36.70559610705596,3.861460957178841,0.20382165605095542,0.23173803526448364,0.36020671834625323,0.4005037783375315,Tombstone,Rod Wave
2193,/wiki/Drinkin%27_Beer._Talkin%27_God._Amen.,2021,2018-2023,99,other,294,34.01858108108108,4.384353741496598,0.11392405063291139,0.19727891156462585,0.2683076923076923,0.3707482993197279,Drinkin' Beer. Talkin' God. Amen.,Chase Rice & Florida Georgia Line
2194,/wiki/Todo_de_Ti,2021,2018-2023,100,other,423,24.546785045276216,3.321513002364066,0.0880503144654088,0.1702127659574468,0.32340195016251355,0.3404255319148936,Todo de Ti,Rauw Alejandro
2195,/wiki/Heat_Waves,2022,2018-2023,1,top20,416,44.550865051903116,4.021634615384615,0.125,0.14903846153846154,0.2510658455708195,0.2764423076923077,Heat Waves,Glass Animals
2196,/wiki/As_It_Was,2022,2018-2023,2,top20,241,32.88306169188522,3.5311203319502074,0.08888888888888889,0.24066390041493776,0.3686131386861314,0.4024896265560166,As It Was,Harry Styles
2197,/wiki/Stay_(The_Kid_Laroi_and_Justin_Bieber_song),2022,2018-2023,3,top20,420,17.62754460919829,3.2666666666666666,0.1941747572815534,0.1,0.21484375,0.20714285714285716,Stay,The Kid Laroi & Justin Bieber
2198,/wiki/Easy_on_Me,2022,2018-2023,4,top20,207,71.61399510028848,3.429951690821256,0.12,0.25120772946859904,0.38495092693565974,0.43478260869565216,Easy on Me,Adele
2199,/wiki/Shivers_(Ed_Sheeran_song),2022,2018-2023,5,top20,521,51.12192381991581,3.714011516314779,0.0963855421686747,0.08445297504798464,0.22042139384116693,0.23224568138195778,Shivers,Ed Sheeran
2200,/wiki/First_Class_(song),2022,2018-2023,6,top20,477,36.867884199835615,3.0377358490566038,0.07936507936507936,0.2138364779874214,0.3371192565823438,0.3333333333333333,First Class,Jack Harlow
2201,/wiki/Big_Energy,2022,2018-2023,7,top20,597,40.52036199095022,3.626465661641541,0.0743801652892562,0.12897822445561138,0.27465802735781136,0.271356783919598,Big Energy,Latto
2202,/wiki/Ghost_(Justin_Bieber_song),2022,2018-2023,8,top20,227,29.947640387781234,3.5859030837004404,0.18333333333333332,0.0881057268722467,0.27307692307692305,0.2687224669603524,Ghost,Justin Bieber
2203,/wiki/Super_Gremlin,2022,2018-2023,9,top20,607,90.17683454726016,4.028006589785832,0.036585365853658534,0.20757825370675453,0.34593023255813954,0.38879736408566723,Super Gremlin,Kodak Black
2204,/wiki/Cold_Heart_(Pnau_remix),2022,2018-2023,10,top20,291,26.454545454545453,3.4742268041237114,0.1076923076923077,0.041237113402061855,0.21977186311787072,0.2268041237113402,Cold Heart (Pnau remix),Elton John & Dua Lipa
2205,/wiki/Wait_for_U,2022,2018-2023,11,top20,659,31.493575701079777,3.622154779969651,0.14201183431952663,0.13960546282245828,0.3066884176182708,0.2898330804248862,Wait for U,Future & Drake & Tems
2206,/wiki/About_Damn_Time,2022,2018-2023,12,top20,359,23.502490249024902,3.916434540389972,0.10687022900763359,0.12256267409470752,0.2853957636566332,0.29526462395543174,About Damn Time,Lizzo
2207,/wiki/Bad_Habits_(Ed_Sheeran_song),2022,2018-2023,13,top20,397,42.717946708463955,3.770780856423174,0.15853658536585366,0.14609571788413098,0.24830109775222164,0.29974811083123426,Bad Habits,Ed Sheeran
2208,/wiki/Thats_What_I_Want,2022,2018-2023,14,top20,331,61.73338068181818,3.619335347432024,0.14666666666666667,0.19637462235649547,0.3329007138221934,0.3776435045317221,Thats What I Want,Lil Nas X
2209,/wiki/Enemy_(Imagine_Dragons_and_JID_song),2022,2018-2023,15,top20,425,25,3.8376470588235296,0.10084033613445378,0.25882352941176473,0.35862735621072983,0.4047058823529412,Enemy,Imagine Dragons & JID
2210,/wiki/Industry_Baby,2022,2018-2023,16,top20,616,55.119496855345915,3.7759740259740258,0.06334841628959276,0.19642857142857142,0.3420875420875421,0.3685064935064935,Industry Baby,Lil Nas X & Jack Harlow
2211,/wiki/ABCDEFU,2022,2018-2023,17,top20,380,21.192621192621193,3.4342105263157894,0.22429906542056074,0.17105263157894737,0.2944312796208531,0.32105263157894737,ABCDEFU,Gayle
2212,/wiki/Need_to_Know_(Doja_Cat_song),2022,2018-2023,18,top20,548,35.949257103136674,3.591240875912409,0.11214953271028037,0.18065693430656934,0.3239715189873418,0.3175182481751825,Need to Know,Doja Cat
2213,/wiki/Wasted_on_You_(Morgan_Wallen_song),2022,2018-2023,19,top20,271,30.986461119111294,3.708487084870849,0.1744186046511628,0.2029520295202952,0.3174726989079563,0.3505535055350554,Wasted on You,Morgan Wallen
2214,/wiki/Me_Porto_Bonito,2022,2018-2023,20,top20,379,54.04389135371513,3.3773087071240107,0.038869257950530034,0.3087071240105541,0.4278169014084507,0.45118733509234826,Me Porto Bonito,Bad Bunny & Chencho Corleone
2215,/wiki/Woman_(Doja_Cat_song),2022,2018-2023,21,other,419,16.786858974358974,3.8591885441527447,0.33879781420765026,0.27684964200477324,0.37922586967172955,0.4128878281622912,Woman,Doja Cat
2216,/wiki/Tit%C3%AD_Me_Pregunt%C3%B3,2022,2018-2023,22,other,574,20.955267320468206,3.270034843205575,0.05037783375314862,0.14634146341463414,0.31357629154985983,0.29442508710801396,Tití Me Preguntó,Bad Bunny
2217,/wiki/Running_Up_That_Hill_(A_Deal_with_God),2022,2018-2023,23,other,384,27.148178137651826,3.4895833333333335,0.20833333333333334,0.09375,0.23509174311926606,0.22916666666666666,Running Up That Hill (A Deal with God),Kate Bush
2218,/wiki/We_Don%27t_Talk_About_Bruno,2022,2018-2023,24,other,697,42.28125,3.8766140602582495,0.08527131782945736,0.05021520803443329,0.2686874632136551,0.26255380200860834,We Don't Talk About Bruno,Carolina Gaitán & Adassa & Rhenzy Feliz & Diane Guerrero & Stephanie Beatriz & Encanto
2219,/wiki/Late_Night_Talking,2022,2018-2023,25,other,275,34.76069346874364,3.8545454545454545,0.13157894736842105,0.17454545454545456,0.2822040208488459,0.3418181818181818,Late Night Talking,Harry Styles
2220,/wiki/I_Like_You_(A_Happier_Song),2022,2018-2023,26,other,566,26.245658073270015,3.1802120141342756,0.05263157894736842,0.16607773851590105,0.35353535353535354,0.30565371024734983,I Like You (A Happier Song),Post Malone & Doja Cat
2221,/wiki/You_Proof,2022,2018-2023,27,other,297,66.42513988037817,4.114478114478114,0.1076923076923077,0.11447811447811448,0.2797695262483995,0.3367003367003367,You Proof,Morgan Wallen
2222,/wiki/Bad_Habit_(Steve_Lacy_song),2022,2018-2023,28,other,405,17.93233082706767,3.397530864197531,0.0641025641025641,0.17037037037037037,0.34173669467787116,0.32098765432098764,Bad Habit,Steve Lacy
2223,/wiki/Sunroof_(song),2022,2018-2023,29,other,390,9.290981281905843,3.1384615384615384,0.38333333333333336,0.05384615384615385,0.21366995073891626,0.20256410256410257,Sunroof,Nicky Youre
2224,/wiki/One_Right_Now,2022,2018-2023,30,other,421,18.339015151515152,3.4299287410926365,0.14035087719298245,0.11401425178147269,0.2657082002129925,0.2494061757719715,One Right Now,Post Malone & the Weeknd
2225,/wiki/Good_4_U,2022,2018-2023,31,other,416,41.2825826956049,3.764423076923077,0.11009174311926606,0.11538461538461539,0.28693467336683415,0.2980769230769231,Good 4 U,Olivia Rodrigo
2226,/wiki/Numb_Little_Bug,2022,2018-2023,32,other,366,59.04140301902398,3.9644808743169397,0.06976744186046512,0.13387978142076504,0.2902519167579409,0.33879781420765026,Numb Little Bug,Em Beihold
2227,/wiki/Jimmy_Cooks,2022,2018-2023,33,other,662,53.73376623376623,3.9244712990936557,0.0642570281124498,0.2583081570996979,0.3754556500607533,0.4033232628398791,Jimmy Cooks,Drake & 21 Savage
2228,/wiki/%27Til_You_Can%27t,2022,2018-2023,34,other,365,27.815241228070178,3.6794520547945204,0.08737864077669903,0.20273972602739726,0.29024812463935373,0.32602739726027397,'Til You Can't,Cody Johnson
2229,/wiki/Fancy_Like,2022,2018-2023,35,other,418,53.84268582129782,4.07177033492823,0.053475935828877004,0.13636363636363635,0.2861163227016886,0.3349282296650718,Fancy Like,Walker Hayes
2230,/wiki/The_Kind_of_Love_We_Make,2022,2018-2023,36,other,303,64.79678387650085,3.8745874587458746,0.10843373493975904,0.11551155115511551,0.2548755884330868,0.3234323432343234,The Kind of Love We Make,Luke Combs
2231,/wiki/I_Ain%27t_Worried,2022,2018-2023,37,other,249,26.568123523455956,3.963855421686747,0.16091954022988506,0.1646586345381526,0.2837729816147082,0.3413654618473896,I Ain't Worried,OneRepublic
2232,/wiki/Break_My_Soul,2022,2018-2023,38,other,729,8.746281441471902,4.074074074074074,0.1725067385444744,0.09602194787379972,0.22938490464679023,0.2194787379972565,Break My Soul,Beyoncé
2233,/wiki/Something_in_the_Orange,2022,2018-2023,39,other,266,36.93313814067574,3.8233082706766917,0.08450704225352113,0.24436090225563908,0.36321483771251933,0.41729323308270677,Something in the Orange,Zach Bryan
2234,/wiki/Save_Your_Tears,2022,2018-2023,40,other,269,29.117615509613103,3.7026022304832713,0.11363636363636363,0.20074349442379183,0.3333333333333333,0.35315985130111527,Save Your Tears,The Weeknd & Ariana Grande
2235,/wiki/Smokin_out_the_Window,2022,2018-2023,41,other,440,20.28128403128403,3.840909090909091,0.0661764705882353,0.1431818181818182,0.31415313225058006,0.32045454545454544,Smokin out the Window,Silk Sonic & Bruno Mars & Anderson .Paak
2236,/wiki/Levitating_(song),2022,2018-2023,42,other,537,27.556578947368422,3.899441340782123,0.22043010752688172,0.0782122905027933,0.21596958174904943,0.2085661080074488,Levitating,Dua Lipa
2237,/wiki/In_a_Minute_(song),2022,2018-2023,43,other,761,93.6851598196279,3.7674113009198424,0.022058823529411766,0.24178712220762155,0.38478379857690204,0.3968462549277267,In a Minute,Lil Baby
2238,/wiki/Moscow_Mule_(song),2022,2018-2023,44,other,464,17.906872752017108,3.540948275862069,0.048484848484848485,0.16379310344827586,0.3008767881864329,0.3168103448275862,Moscow Mule,Bad Bunny
2239,/wiki/You_Right,2022,2018-2023,45,other,481,26.51436828174796,3.2972972972972974,0.1527777777777778,0.13097713097713098,0.2958152958152958,0.25571725571725573,You Right,Doja Cat & the Weeknd
2240,/wiki/She_Had_Me_at_Heads_Carolina,2022,2018-2023,46,other,385,60.67555313746826,3.9220779220779223,0.08759124087591241,0.15064935064935064,0.2941483803552769,0.33506493506493507,She Had Me at Heads Carolina,Cole Swindell
2241,/wiki/Vegas_(Doja_Cat_song),2022,2018-2023,47,other,511,19.682962962962964,3.6262230919765166,0.09497206703910614,0.2328767123287671,0.3132832080200501,0.3287671232876712,Vegas,Doja Cat
2242,/wiki/Pushin_P,2022,2018-2023,48,other,324,17.751929437706725,3.6635802469135803,0.2463768115942029,0.30246913580246915,0.41301546391752575,0.42592592592592593,Pushin P,Gunna & Future & Young Thug
2243,/wiki/Buy_Dirt,2022,2018-2023,49,other,370,73.00924106818016,3.6945945945945944,0.08064516129032258,0.12432432432432433,0.2820218265364733,0.31351351351351353,Buy Dirt,Jordan Davis & Luke Bryan
2244,/wiki/I_Hate_U_(SZA_song),2022,2018-2023,50,other,345,30.16297323683925,3.6492753623188405,0.10112359550561797,0.16521739130434782,0.3213399503722084,0.32463768115942027,I Hate U,SZA
2245,/wiki/Boyfriend_(Dove_Cameron_song),2022,2018-2023,51,other,298,47.969080024434945,3.8456375838926173,0.09722222222222222,0.13758389261744966,0.27442827442827444,0.3053691275167785,Boyfriend,Dove Cameron
2246,/wiki/Glimpse_of_Us,2022,2018-2023,52,other,292,46.83983983983984,3.5342465753424657,0.1232876712328767,0.15753424657534246,0.30509745127436283,0.3527397260273973,Glimpse of Us,Joji
2247,/wiki/Surface_Pressure,2022,2018-2023,53,other,453,39.47840081824198,3.9602649006622515,0.06321839080459771,0.2737306843267108,0.38492239467849226,0.4260485651214128,Surface Pressure,Jessica Darrow
2248,/wiki/Fall_in_Love_(Bailey_Zimmerman_song),2022,2018-2023,54,other,395,39.70092990687308,3.9164556962025316,0.20512820512820512,0.2,0.2957099080694586,0.35443037974683544,Fall in Love,Bailey Zimmerman
2249,/wiki/Love_Nwantiti_(Ah_Ah_Ah),2022,2018-2023,55,other,352,5.071310116086236,2.9318181818181817,0.4315352697095436,0.15625,0.309472161966739,0.28125,Love Nwantiti (Ah Ah Ah),CKay
2250,/wiki/Super_Freaky_Girl,2022,2018-2023,56,other,558,21.969225714598622,3.281362007168459,0.07514450867052024,0.1971326164874552,0.33291614518147683,0.34229390681003585,Super Freaky Girl,Nicki Minaj
2251,/wiki/Hrs_and_Hrs,2022,2018-2023,57,other,280,313.6,4.389285714285714,0.025906735751295335,0.6071428571428571,0.5281643472498343,0.75,Hrs and Hrs,Muni Long
2252,/wiki/Sand_in_My_Boots,2022,2018-2023,58,other,287,88.85280151946819,4.087108013937282,0.06363636363636363,0.24041811846689895,0.33695652173913043,0.4146341463414634,Sand in My Boots,Morgan Wallen
2253,/wiki/Mamiii,2022,2018-2023,59,other,480,39.255936622808846,3.3895833333333334,0.0625,0.24166666666666667,0.38734057628719887,0.39375,Mamiii,Becky G & Karol G
2254,/wiki/Knife_Talk,2022,2018-2023,60,other,544,33.80632548931197,3.9283088235294117,0.12340425531914893,0.33088235294117646,0.3991097922848665,0.4522058823529412,Knife Talk,Drake & 21 Savage & Project Pat
2255,/wiki/AA_(song),2022,2018-2023,61,other,407,67.02885831752056,3.705159705159705,0.10588235294117647,0.18427518427518427,0.31210855949895616,0.3488943488943489,AA,Walker Hayes
2256,/wiki/Sweetest_Pie,2022,2018-2023,62,other,654,45.15714285714286,3.5351681957186543,0.06589147286821706,0.15749235474006115,0.2980221253771371,0.29510703363914376,Sweetest Pie,Megan Thee Stallion & Dua Lipa
2257,/wiki/Provenza_(song),2022,2018-2023,63,other,387,58.8999669483501,3.62015503875969,0.044585987261146494,0.16020671834625322,0.2800650054171181,0.32299741602067183,Provenza,Karol G
2258,/wiki/Essence_(Wizkid_song),2022,2018-2023,64,other,453,15.596426231769128,3.4216335540838854,0.12280701754385964,0.1434878587196468,0.31492537313432833,0.2803532008830022,Essence,Wizkid & Justin Bieber & Tems
2259,/wiki/All_I_Want_for_Christmas_Is_You,2022,2018-2023,65,other,388,29.876029876029875,3.7448453608247423,0.1509433962264151,0.15206185567010308,0.31395980445410104,0.2860824742268041,All I Want for Christmas Is You,Mariah Carey
2260,/wiki/Bam_Bam_(Camila_Cabello_song),2022,2018-2023,66,other,526,10.48109153687182,3.5285171102661597,0.31864406779661014,0.14258555133079848,0.25724937862468933,0.2623574144486692,Bam Bam,Camila Cabello & Ed Sheeran
2261,/wiki/5_Foot_9,2022,2018-2023,67,other,287,31.481320224719102,3.836236933797909,0.1297709923664122,0.1602787456445993,0.27953890489913547,0.313588850174216,5 Foot 9,Tyler Hubbard
2262,/wiki/Get_Into_It_(Yuh),2022,2018-2023,68,other,470,30.534013605442176,3.3106382978723405,0.17834394904458598,0.15319148936170213,0.2871238283177109,0.25957446808510637,Get Into It (Yuh),Doja Cat
2263,/wiki/Efecto,2022,2018-2023,69,other,315,29.0035010534143,3.3968253968253967,0.05240174672489083,0.2634920634920635,0.3715302491103203,0.4158730158730159,Efecto,Bad Bunny
2264,/wiki/Rock_and_a_Hard_Place_(Bailey_Zimmerman_song),2022,2018-2023,70,other,263,91.57580970668872,3.9961977186311786,0.060240963855421686,0.1444866920152091,0.28711379050489827,0.3726235741444867,Rock and a Hard Place,Bailey Zimmerman
2265,/wiki/Doin%27_This,2022,2018-2023,71,other,384,92.42247233252661,3.7526041666666665,0.0661764705882353,0.1484375,0.28702702702702704,0.3515625,Doin' This,Luke Combs
2266,/wiki/Oh_My_God_(Adele_song),2022,2018-2023,72,other,534,20.637535708915955,3.460674157303371,0.18248175182481752,0.08426966292134831,0.21006289308176102,0.20786516853932585,Oh My God,Adele
2267,"/wiki/Better_Days_(Neiked,_Mae_Muller_and_Polo_G_song)",2022,2018-2023,73,other,330,29.528301886792452,3.609090909090909,0.10309278350515463,0.23636363636363636,0.365296803652968,0.3939393939393939,Better Days,Neiked & Mae Muller & Polo G
2268,/wiki/Meet_Me_at_Our_Spot,2022,2018-2023,74,other,300,28.06273598605867,3.6333333333333333,0.11214953271028037,0.09666666666666666,0.27429805615550756,0.2833333333333333,Meet Me at Our Spot,The Anxiety & Willow & Tyler Cole
2269,/wiki/Fingers_Crossed_(Lauren_Spencer-Smith_song),2022,2018-2023,75,other,322,36.50249239607976,3.841614906832298,0.05825242718446602,0.16770186335403728,0.31629392971246006,0.34782608695652173,Fingers Crossed,Lauren Spencer-Smith
2270,/wiki/All_Too_Well_(Taylor%27s_Version),2022,2018-2023,76,other,468,59.618947997609084,3.8162393162393164,0.0743801652892562,0.297008547008547,0.4223300970873786,0.4358974358974359,All Too Well (Taylor's Version),Taylor Swift
2271,/wiki/Party_(Bad_Bunny_and_Rauw_Alejandro_song),2022,2018-2023,77,other,552,12.038039056143205,3.802536231884058,0.20659340659340658,0.286231884057971,0.38221064384071457,0.411231884057971,Party,Bad Bunny & Rauw Alejandro
2272,/wiki/Despu%C3%A9s_de_la_Playa,2022,2018-2023,78,other,481,15.158149058149057,3.191268191268191,0.089058524173028,0.17463617463617465,0.37319189971070393,0.3388773388773389,Después de la Playa,Bad Bunny
2273,/wiki/You_Should_Probably_Leave,2022,2018-2023,79,other,229,27.03472222222222,3.947598253275109,0.23076923076923078,0.18777292576419213,0.3022847100175747,0.34497816593886466,You Should Probably Leave,Chris Stapleton
2274,/wiki/Rockin%27_Around_the_Christmas_Tree,2022,2018-2023,80,other,120,56.71052631578948,4.766666666666667,0.10526315789473684,0.18333333333333332,0.35294117647058826,0.49166666666666664,Rockin' Around the Christmas Tree,Brenda Lee
2275,/wiki/Broadway_Girls,2022,2018-2023,81,other,483,31.69871794871795,4.012422360248447,0.14444444444444443,0.20082815734989648,0.3057037340993024,0.3333333333333333,Broadway Girls,Lil Durk & Morgan Wallen
2276,/wiki/Take_My_Name,2022,2018-2023,82,other,333,50.82583225185407,3.6216216216216215,0.0821917808219178,0.14714714714714713,0.3004513217279175,0.3183183183183183,Take My Name,Parmalee
2277,/wiki/What_Happened_to_Virgil,2022,2018-2023,83,other,613,57.34378903539209,3.872756933115824,0.03418803418803419,0.31484502446982054,0.43137254901960786,0.46166394779771613,What Happened to Virgil,Lil Durk & Gunna
2278,/wiki/Puffin_on_Zootiez,2022,2018-2023,84,other,745,84.69242125984252,3.7409395973154362,0.0425531914893617,0.1704697986577181,0.2903135498320269,0.3194630872483222,Puffin on Zootiez,Future
2279,/wiki/Like_I_Love_Country_Music,2022,2018-2023,85,other,324,35.20817661488144,3.5833333333333335,0.13157894736842105,0.13580246913580246,0.30288784419073206,0.32098765432098764,Like I Love Country Music,Kane Brown
2280,/wiki/Jingle_Bell_Rock,2022,2018-2023,86,other,191,15.916666666666666,4.178010471204188,0.23728813559322035,0.05759162303664921,0.24448897795591182,0.2670157068062827,Jingle Bell Rock,Bobby Helms
2281,/wiki/Ojitos_Lindos,2022,2018-2023,87,other,539,21.937744006532547,3.3821892393320963,0.07462686567164178,0.17810760667903525,0.33347124534546957,0.3358070500927644,Ojitos Lindos,Bad Bunny & Bomba Estéreo
2282,/wiki/Trouble_with_a_Heartbreak,2022,2018-2023,88,other,340,32.508414403614736,4.438235294117647,0.1721311475409836,0.07352941176470588,0.21911922663802363,0.2852941176470588,Trouble with a Heartbreak,Jason Aldean
2283,/wiki/A_Holly_Jolly_Christmas,2022,2018-2023,89,other,202,21.322222222222223,4.0049504950495045,0.2736842105263158,0.054455445544554455,0.2495049504950495,0.2871287128712871,A Holly Jolly Christmas,Burl Ives
2284,/wiki/Kiss_Me_More,2022,2018-2023,90,other,562,25.636780891421434,3.400355871886121,0.27102803738317754,0.1619217081850534,0.3107185869128864,0.29537366548042704,Kiss Me More,Doja Cat & SZA
2285,/wiki/She_Likes_It,2022,2018-2023,91,other,311,25.916666666666668,3.665594855305466,0.18181818181818182,0.12218649517684887,0.24828532235939643,0.26688102893890675,She Likes It,Russell Dickerson & Jake Scott
2286,/wiki/Never_Say_Never_(Cole_Swindell_and_Lainey_Wilson_song),2022,2018-2023,92,other,312,21.542857142857144,3.801282051282051,0.07017543859649122,0.13141025641025642,0.2781854569713142,0.3076923076923077,Never Say Never,Cole Swindell & Lainey Wilson
2287,/wiki/Damn_Strait,2022,2018-2023,93,other,351,94.26675839363898,3.797720797720798,0.09900990099009901,0.1452991452991453,0.2956161137440758,0.33903133903133903,Damn Strait,Scotty McCreery
2288,/wiki/She%27s_All_I_Wanna_Be,2022,2018-2023,94,other,406,30.984210526315792,3.7536945812807883,0.1504424778761062,0.1354679802955665,0.2538860103626943,0.29064039408866993,She's All I Wanna Be,Tate McRae
2289,/wiki/Last_Night_Lonely,2022,2018-2023,95,other,275,34.39206802383317,4.152727272727272,0.12941176470588237,0.15272727272727274,0.2387005649717514,0.28363636363636363,Last Night Lonely,Jon Pardi
2290,/wiki/Flower_Shops,2022,2018-2023,96,other,234,57.99887133182845,3.7222222222222223,0.08974358974358974,0.17094017094017094,0.34236675700090335,0.3888888888888889,Flower Shops,Ernest & Morgan Wallen
2291,/wiki/To_the_Moon_(song),2022,2018-2023,97,other,460,17.32135642135642,3.2891304347826087,0.13821138211382114,0.030434782608695653,0.18800403225806453,0.18695652173913044,To the Moon,Jnr Choi
2292,/wiki/Unholy_(Sam_Smith_and_Kim_Petras_song),2022,2018-2023,98,other,372,16.740000000000002,3.556451612903226,0.14184397163120568,0.14516129032258066,0.3263157894736842,0.32526881720430106,Unholy,Sam Smith & Kim Petras
2293,/wiki/One_Mississippi_(song),2022,2018-2023,99,other,383,52.72322728217925,3.9295039164490864,0.10434782608695652,0.10704960835509138,0.26224328593996843,0.3002610966057441,One Mississippi,Kane Brown
2294,/wiki/Circles_Around_This_Town,2022,2018-2023,100,other,303,45.19760545732981,4.1749174917491745,0.09090909090909091,0.21782178217821782,0.2989301447451227,0.3795379537953795,Circles Around This Town,Maren Morris
2295,/wiki/Last_Night_(Morgan_Wallen_song),2023,2018-2023,1,top20,370,35.31818181818181,3.8,0.18811881188118812,0.16216216216216217,0.28091773922775604,0.3,Last Night,Morgan Wallen
2296,/wiki/Flowers_(Miley_Cyrus_song),2023,2018-2023,2,top20,333,19.221469354668173,3.7267267267267266,0.1896551724137931,0.1021021021021021,0.22426937738246505,0.24324324324324326,Flowers,Miley Cyrus
2297,/wiki/Kill_Bill_(SZA_song),2023,2018-2023,3,top20,352,31.093333333333334,3.4857954545454546,0.10126582278481013,0.125,0.32954545454545453,0.33238636363636365,Kill Bill,SZA
2298,/wiki/Anti-Hero_(song),2023,2018-2023,4,top20,338,42.69253623305838,4.15680473372781,0.05825242718446602,0.2603550295857988,0.3474770642201835,0.4260355029585799,Anti-Hero,Taylor Swift
2299,/wiki/Calm_Down_(Rema_song),2023,2018-2023,6,top20,568,6.671232696860818,3.3098591549295775,0.2604166666666667,0.10035211267605634,0.24295630869742751,0.2147887323943662,Calm Down,Rema & Selena Gomez
2300,/wiki/Die_for_You_(song),2023,2018-2023,7,top20,443,25.408653281671953,3.706546275395034,0.11363636363636363,0.08803611738148984,0.266824644549763,0.255079006772009,Die for You,The Weeknd & Ariana Grande
2301,/wiki/Fast_Car#Luke_Combs_version,2023,2018-2023,8,top20,509,54.04313918663304,3.7367387033398822,0.08391608391608392,0.19646365422396855,0.3406456953642384,0.36738703339882123,Fast Car,Luke Combs
2302,/wiki/Snooze_(song),2023,2018-2023,9,top20,439,27.97493556701031,3.6378132118451023,0.09009009009009009,0.16173120728929385,0.29065238558909445,0.296127562642369,Snooze,SZA
2303,/wiki/I%27m_Good_(Blue),2023,2018-2023,10,top20,275,21.59831206625462,3.749090909090909,0.1368421052631579,0.10181818181818182,0.2405446293494705,0.2545454545454545,I'm Good (Blue),David Guetta & Bebe Rexha
2304,/wiki/Unholy_(Sam_Smith_and_Kim_Petras_song),2023,2018-2023,11,top20,372,16.740000000000002,3.556451612903226,0.14184397163120568,0.14516129032258066,0.3263157894736842,0.32526881720430106,Unholy,Sam Smith & Kim Petras
2305,/wiki/You_Proof,2023,2018-2023,12,top20,297,66.42513988037817,4.114478114478114,0.1076923076923077,0.11447811447811448,0.2797695262483995,0.3367003367003367,You Proof,Morgan Wallen
2306,/wiki/Something_in_the_Orange,2023,2018-2023,13,top20,266,36.93313814067574,3.8233082706766917,0.08450704225352113,0.24436090225563908,0.36321483771251933,0.41729323308270677,Something in the Orange,Zach Bryan
2307,/wiki/Rich_Flex,2023,2018-2023,14,top20,623,42.101835535976505,3.701444622792937,0.06159420289855073,0.31942215088282505,0.43234100135318,0.4478330658105939,Rich Flex,Drake & 21 Savage
2308,/wiki/As_It_Was,2023,2018-2023,15,top20,241,32.88306169188522,3.5311203319502074,0.08888888888888889,0.24066390041493776,0.3686131386861314,0.4024896265560166,As It Was,Harry Styles
2309,/wiki/Rock_and_a_Hard_Place_(Bailey_Zimmerman_song),2023,2018-2023,16,top20,263,91.57580970668872,3.9961977186311786,0.060240963855421686,0.1444866920152091,0.28711379050489827,0.3726235741444867,Rock and a Hard Place,Bailey Zimmerman
2310,/wiki/Under_the_Influence_(Chris_Brown_song),2023,2018-2023,17,top20,279,19.441402037147995,3.4946236559139785,0.16483516483516483,0.1039426523297491,0.2833333333333333,0.26881720430107525,Under the Influence,Chris Brown
2311,/wiki/Cruel_Summer_(Taylor_Swift_song),2023,2018-2023,18,top20,447,47.94195468734418,3.751677852348993,0.07547169811320754,0.1029082774049217,0.2822921559417567,0.3131991051454139,Cruel Summer,Taylor Swift
2312,/wiki/Thinkin%27_Bout_Me,2023,2018-2023,19,top20,439,36.583333333333336,3.929384965831435,0.140625,0.0979498861047836,0.21973094170403587,0.2505694760820046,Thinkin' Bout Me,Morgan Wallen
2313,/wiki/Boy%27s_a_Liar_Pt._2,2023,2018-2023,20,top20,372,23.369422794857783,3.4946236559139785,0.13008130081300814,0.21505376344086022,0.3479809976247031,0.3709677419354839,Boy's a Liar Pt. 2,PinkPantheress & Ice Spice
2314,/wiki/Favorite_Song_(Toosii_song),2023,2018-2023,21,other,454,42.77655219543265,3.907488986784141,0.06666666666666667,0.11013215859030837,0.2775800711743772,0.29515418502202645,Favorite Song,Toosii
2315,/wiki/Thought_You_Should_Know_(Morgan_Wallen_song),2023,2018-2023,22,other,372,36.93550422819639,4.10752688172043,0.07317073170731707,0.14516129032258066,0.26395409494001043,0.3225806451612903,Thought You Should Know,Morgan Wallen
2316,/wiki/Thank_God_(Kane_Brown_and_Katelyn_Brown_song),2023,2018-2023,23,other,321,26.239503816793892,3.5919003115264796,0.2828282828282828,0.1526479750778816,0.28677966101694913,0.32087227414330216,Thank God,Kane Brown & Katelyn Brown
2317,/wiki/Sure_Thing_(Miguel_song),2023,2018-2023,24,other,668,20.55871212121212,3.7230538922155687,0.10822510822510822,0.0748502994011976,0.20803035093265887,0.18862275449101795,Sure Thing,Miguel
2318,/wiki/All_My_Life_(Lil_Durk_song),2023,2018-2023,25,other,736,30.8380114832325,3.8845108695652173,0.05309734513274336,0.2595108695652174,0.3670886075949367,0.37907608695652173,All My Life,Lil Durk & J. Cole
2319,/wiki/Ella_Baila_Sola_(song),2023,2018-2023,26,other,163,163,3.5153374233128836,0.040983606557377046,0.5766871165644172,0.5400271370420624,0.7116564417177914,Ella Baila Sola,Eslabon Armado & Peso Pluma
2320,/wiki/Karma_(Taylor_Swift_song),2023,2018-2023,27,other,384,44.28948885921939,4.0546875,0.15384615384615385,0.16927083333333334,0.30184804928131415,0.3385416666666667,Karma,Taylor Swift & Ice Spice
2321,/wiki/Just_Wanna_Rock,2023,2018-2023,28,other,273,6.141372366790582,3.5494505494505493,0.248,0.0989010989010989,0.24074074074074073,0.23443223443223443,Just Wanna Rock,Lil Uzi Vert
2322,/wiki/Cuff_It,2023,2018-2023,29,other,600,16.228070175438596,3.57,0.09876543209876543,0.10833333333333334,0.28,0.25166666666666665,Cuff It,Beyoncé
2323,/wiki/Vampire_(Olivia_Rodrigo_song),2023,2018-2023,30,other,393,81.5147679621724,3.885496183206107,0.03508771929824561,0.2035623409669211,0.33627400103788274,0.3842239185750636,Vampire,Olivia Rodrigo
2324,/wiki/FukUMean,2023,2018-2023,31,other,318,91.18555256440818,3.779874213836478,0.06060606060606061,0.2893081761006289,0.400390625,0.5,FukUMean,Gunna
2325,/wiki/Lavender_Haze,2023,2018-2023,32,other,302,33.83214466658872,3.672185430463576,0.11428571428571428,0.11920529801324503,0.294826364280652,0.31788079470198677,Lavender Haze,Taylor Swift
2326,/wiki/Players_(song),2023,2018-2023,33,other,388,42.70825242718446,3.8788659793814433,0.10666666666666667,0.18298969072164947,0.312532501300052,0.36082474226804123,Players,Coi Leray
2327,/wiki/Need_a_Favor,2023,2018-2023,34,other,351,27.289067583898856,3.2678062678062676,0.1452991452991453,0.1452991452991453,0.2759308510638298,0.2792022792022792,Need a Favor,Jelly Roll
2328,/wiki/Dance_the_Night,2023,2018-2023,35,other,407,33.261705067037084,3.7592137592137593,0.17857142857142858,0.09582309582309582,0.2511532547411584,0.2702702702702703,Dance the Night,Dua Lipa
2329,/wiki/Love_You_Anyway_(Luke_Combs_song),2023,2018-2023,36,other,255,75.70021881838073,3.7254901960784315,0.05405405405405406,0.24705882352941178,0.3416252072968491,0.42745098039215684,Love You Anyway,Luke Combs
2330,/wiki/One_Thing_at_a_Time_(song),2023,2018-2023,37,other,403,40.84788519637462,3.392059553349876,0.0784313725490196,0.1315136476426799,0.2992125984251969,0.3002481389578164,One Thing at a Time,Morgan Wallen
2331,/wiki/Superhero_(Heroes_%26_Villains),2023,2018-2023,38,other,577,40.74601793965752,3.902946273830156,0.0963855421686747,0.18024263431542462,0.3511048754822869,0.37954939341421146,Superhero (Heroes & Villains),Metro Boomin & Future & Chris Brown
2332,/wiki/Bad_Habit_(Steve_Lacy_song),2023,2018-2023,39,other,405,17.93233082706767,3.397530864197531,0.0641025641025641,0.17037037037037037,0.34173669467787116,0.32098765432098764,Bad Habit,Steve Lacy
2333,/wiki/La_Beb%C3%A9,2023,2018-2023,40,other,502,38.6774744683469,3.6075697211155378,0.0792838874680307,0.24302788844621515,0.3383233532934132,0.3665338645418327,La Bebé,Yng Lvcas & Peso Pluma
2334,/wiki/Golden_Hour_(song),2023,2018-2023,41,other,203,59.604817708333336,3.7980295566502464,0.05405405405405406,0.2857142857142857,0.3989795918367347,0.4975369458128079,Golden Hour,Jvke
2335,/wiki/Religiously_(song),2023,2018-2023,42,other,342,64.96626506024097,3.926900584795322,0.08888888888888889,0.24269005847953215,0.3409893992932862,0.38596491228070173,Religiously,Bailey Zimmerman
2336,/wiki/Spin_Bout_U,2023,2018-2023,43,other,610,54.32803112380577,3.719672131147541,0.05045871559633028,0.2540983606557377,0.3899759697905939,0.4131147540983607,Spin Bout U,Drake & 21 Savage
2337,/wiki/Cupid_(Fifty_Fifty_song),2023,2018-2023,44,other,252,15.82857142857143,3.4325396825396823,0.14736842105263157,0.13095238095238096,0.3216845878136201,0.3134920634920635,Cupid,Fifty Fifty
2338,/wiki/Search_%26_Rescue_(song),2023,2018-2023,45,other,715,21.965137153986593,3.3482517482517484,0.06896551724137931,0.06853146853146853,0.21549791866794749,0.1972027972027972,Search & Rescue,Drake
2339,/wiki/Barbie_World,2023,2018-2023,46,other,468,44.0443481685703,3.7051282051282053,0.07211538461538461,0.21794871794871795,0.3300404131118096,0.3504273504273504,Barbie World,Nicki Minaj & Ice Spice & Aqua
2340,/wiki/Next_Thing_You_Know_(song),2023,2018-2023,47,other,347,40.96527777777778,4.0489913544668585,0.031578947368421054,0.37752161383285304,0.3976311336717428,0.48703170028818443,Next Thing You Know,Jordan Davis
2341,/wiki/Escapism_(Raye_song),2023,2018-2023,48,other,696,39.543463385802596,3.80316091954023,0.06967213114754098,0.1968390804597701,0.3338270142180095,0.34913793103448276,Escapism,Raye & 070 Shake
2342,/wiki/Un_x100to,2023,2018-2023,49,other,348,89.10224220690213,3.543103448275862,0.03345724907063197,0.2471264367816092,0.38083228247162676,0.41954022988505746,Un x100to,Grupo Frontera & Bad Bunny
2343,/wiki/Until_I_Found_You,2023,2018-2023,50,other,173,24.955818771392543,3.4046242774566475,0.23076923076923078,0.07514450867052024,0.2720105124835742,0.27167630057803466,Until I Found You,Stephen Sanchez
2344,/wiki/Shirt_(song),2023,2018-2023,51,other,345,54.99859583025148,3.8289855072463768,0.05309734513274336,0.1246376811594203,0.2720238095238095,0.3072463768115942,Shirt,SZA
2345,/wiki/Paint_the_Town_Red_(Doja_Cat_song),2023,2018-2023,52,other,629,40.62291666666667,3.437201907790143,0.07960199004975124,0.1669316375198728,0.27736185383244205,0.28298887122416533,Paint the Town Red,Doja Cat
2346,/wiki/Made_You_Look_(Meghan_Trainor_song),2023,2018-2023,53,other,342,25.7896443878142,3.5233918128654973,0.09345794392523364,0.10526315789473684,0.2841565105837075,0.2953216374269006,Made You Look,Meghan Trainor
2347,/wiki/Wait_in_the_Truck,2023,2018-2023,54,other,517,21.235771885434957,3.6924564796905224,0.20666666666666667,0.17794970986460348,0.3257918552036199,0.33849129593810445,Wait in the Truck,Hardy & Lainey Wilson
2348,/wiki/All_I_Want_for_Christmas_Is_You,2023,2018-2023,55,other,388,29.876029876029875,3.7448453608247423,0.1509433962264151,0.15206185567010308,0.31395980445410104,0.2860824742268041,All I Want for Christmas Is You,Mariah Carey
2349,/wiki/Everything_I_Love_(Morgan_Wallen_song),2023,2018-2023,56,other,312,57.78782608695652,3.7916666666666665,0.07608695652173914,0.24358974358974358,0.3379906852960745,0.40705128205128205,Everything I Love,Morgan Wallen
2350,/wiki/Chemical_(Post_Malone_song),2023,2018-2023,57,other,254,28.61495971976929,3.704724409448819,0.12857142857142856,0.1732283464566929,0.3112033195020747,0.37401574803149606,Chemical,Post Malone
2351,/wiki/Heart_Like_a_Truck,2023,2018-2023,58,other,370,57.373765500853935,3.4594594594594597,0.05128205128205128,0.13513513513513514,0.2782451923076923,0.32432432432432434,Heart Like a Truck,Lainey Wilson
2352,"/wiki/Going,_Going,_Gone_(Luke_Combs_song)",2023,2018-2023,59,other,234,42.9,4.047008547008547,0.03529411764705882,0.2094017094017094,0.31022823330515636,0.41025641025641024,"Going, Going, Gone",Luke Combs
2353,/wiki/Rockin%27_Around_the_Christmas_Tree,2023,2018-2023,60,other,120,56.71052631578948,4.766666666666667,0.10526315789473684,0.18333333333333332,0.35294117647058826,0.49166666666666664,Rockin' Around the Christmas Tree,Brenda Lee
2354,/wiki/Dancin%27_in_the_Country,2023,2018-2023,61,other,383,34.26486962649753,3.8720626631853787,0.0784313725490196,0.09138381201044386,0.2453630100688924,0.2793733681462141,Dancin' in the Country,Tyler Hubbard
2355,/wiki/Daylight_(David_Kushner_song),2023,2018-2023,62,other,334,24.31943891035587,3.6676646706586826,0.14285714285714285,0.17365269461077845,0.267515923566879,0.2994011976047904,Daylight,David Kushner
2356,/wiki/Lift_Me_Up_(Rihanna_song),2023,2018-2023,63,other,178,11.197675879396986,3.4269662921348316,0.2676056338028169,0.06741573033707865,0.27573062261753495,0.2303370786516854,Lift Me Up,Rihanna
2357,/wiki/Eyes_Closed_(Ed_Sheeran_song),2023,2018-2023,64,other,421,25.59286263651746,3.71021377672209,0.30405405405405406,0.18052256532066507,0.3143712574850299,0.334916864608076,Eyes Closed,Ed Sheeran
2358,/wiki/TQG,2023,2018-2023,65,other,459,61.153305680989035,3.420479302832244,0.03927492447129909,0.23093681917211328,0.4026290165530672,0.40305010893246185,TQG,Karol G & Shakira
2359,/wiki/Try_That_in_a_Small_Town,2023,2018-2023,66,other,261,49.423404255319156,3.4482758620689653,0.1388888888888889,0.19923371647509577,0.3170103092783505,0.3716475095785441,Try That in a Small Town,Jason Aldean
2360,/wiki/Tennessee_Orange,2023,2018-2023,67,other,320,72.75578264700863,3.853125,0.05263157894736842,0.19375,0.29092071611253195,0.34375,Tennessee Orange,Megan Moroney
2361,/wiki/Jingle_Bell_Rock,2023,2018-2023,68,other,191,15.916666666666666,4.178010471204188,0.23728813559322035,0.05759162303664921,0.24448897795591182,0.2670157068062827,Jingle Bell Rock,Bobby Helms
2362,/wiki/Princess_Diana_(song),2023,2018-2023,69,other,814,68.46668942065179,3.597051597051597,0.1111111111111111,0.1375921375921376,0.27070230607966456,0.26044226044226043,Princess Diana,Ice Spice & Nicki Minaj
2363,/wiki/Tomorrow_2,2023,2018-2023,70,other,874,69.51946339707678,3.78604118993135,0.06484641638225255,0.16704805491990846,0.361934107608438,0.32379862700228834,Tomorrow 2,GloRilla & Cardi B
2364,/wiki/A_Holly_Jolly_Christmas,2023,2018-2023,71,other,202,21.322222222222223,4.0049504950495045,0.2736842105263158,0.054455445544554455,0.2495049504950495,0.2871287128712871,A Holly Jolly Christmas,Burl Ives
2365,/wiki/Where_She_Goes,2023,2018-2023,72,other,370,55.684343330187325,3.4675675675675675,0.06934306569343066,0.23513513513513515,0.3869047619047619,0.4081081081081081,Where She Goes,Bad Bunny
2366,/wiki/Bebe_Dame,2023,2018-2023,73,other,325,31.37465373961219,3.683076923076923,0.07905138339920949,0.09230769230769231,0.2596975673898751,0.29846153846153844,Bebe Dame,Fuerza Regida & Grupo Frontera
2367,/wiki/I_Remember_Everything_(Zach_Bryan_song),2023,2018-2023,74,other,331,110.33333333333333,4.0845921450151055,0.04794520547945205,0.1510574018126888,0.30169888693614527,0.36555891238670696,I Remember Everything,Zach Bryan & Kacey Musgraves
2368,/wiki/I_Like_You_(A_Happier_Song),2023,2018-2023,75,other,566,26.245658073270015,3.1802120141342756,0.05263157894736842,0.16607773851590105,0.35353535353535354,0.30565371024734983,I Like You (A Happier Song),Post Malone & Doja Cat
2369,/wiki/What_It_Is_(Block_Boy),2023,2018-2023,76,other,755,22.11554214258009,3.482119205298013,0.07391304347826087,0.16821192052980133,0.3125183230724128,0.28344370860927154,What It Is (Block Boy),Doechii & Kodak Black
2370,/wiki/Nobody_Gets_Me,2023,2018-2023,77,other,264,21.7353986672349,3.409090909090909,0.08888888888888889,0.20833333333333334,0.33532934131736525,0.36363636363636365,Nobody Gets Me,SZA
2371,/wiki/Rich_Men_North_of_Richmond,2023,2018-2023,78,other,320,92.5393949627385,3.909375,0.0594059405940594,0.1625,0.3337539432176656,0.409375,Rich Men North of Richmond,Oliver Anthony Music
2372,/wiki/Super_Freaky_Girl,2023,2018-2023,79,other,558,21.969225714598622,3.281362007168459,0.07514450867052024,0.1971326164874552,0.33291614518147683,0.34229390681003585,Super Freaky Girl,Nicki Minaj
2373,/wiki/Dial_Drunk,2023,2018-2023,80,other,435,57.86195239579559,3.852873563218391,0.07246376811594203,0.11264367816091954,0.2862523540489642,0.3103448275862069,Dial Drunk,Noah Kahan & Post Malone
2374,/wiki/What_Was_I_Made_For%3F,2023,2018-2023,81,other,164,15.672189349112426,3.451219512195122,0.16216216216216217,0.22560975609756098,0.37483085250338294,0.3719512195121951,What Was I Made For?,Billie Eilish
2375,/wiki/Seven_(Jungkook_song),2023,2018-2023,82,other,525,43.75,3.68,0.037037037037037035,0.16952380952380952,0.26587947882736157,0.3142857142857143,Seven,Latto
2376,/wiki/Wait_for_U,2023,2018-2023,83,other,659,31.493575701079777,3.622154779969651,0.14201183431952663,0.13960546282245828,0.3066884176182708,0.2898330804248862,Wait for U,Future & Drake & Tems
2377,/wiki/Last_Christmas,2023,2018-2023,84,other,546,12.022120378857316,3.5384615384615383,0.3392857142857143,0.10989010989010989,0.2289059345983044,0.2087912087912088,Last Christmas,Wham!
2378,/wiki/Handle_on_You,2023,2018-2023,85,other,261,47.85,3.78544061302682,0.08974358974358974,0.1532567049808429,0.3314785373608903,0.3946360153256705,Handle on You,Parker McCollum
2379,/wiki/Por_Las_Noches,2023,2018-2023,86,other,174,66.49896533885152,3.442528735632184,0.041666666666666664,0.3333333333333333,0.45466321243523317,0.5287356321839081,Por Las Noches,Peso Pluma
2380,/wiki/Memory_Lane_(song),2023,2018-2023,87,other,284,72.08763371844245,4.028169014084507,0.04716981132075472,0.12323943661971831,0.2909979064898814,0.35563380281690143,Memory Lane,Old Dominion
2381,/wiki/Area_Codes_(Kali_song),2023,2018-2023,88,other,423,68.03535453288563,3.690307328605201,0.04827586206896552,0.2222222222222222,0.3854218671992012,0.408983451536643,Area Codes,Kaliii
2382,/wiki/Bury_Me_in_Georgia,2023,2018-2023,89,other,308,43.59511391329234,3.720779220779221,0.1044776119402985,0.2435064935064935,0.3418156808803301,0.39285714285714285,Bury Me in Georgia,Kane Brown
2383,/wiki/PRC_(song),2023,2018-2023,90,other,190,83.1958250497018,4.189473684210526,0.05263157894736842,0.3263157894736842,0.39858012170385393,0.531578947368421,PRC,Peso Pluma & Natanael Cano
2384,/wiki/What_My_World_Spins_Around,2023,2018-2023,91,other,417,52.95238095238095,3.805755395683453,0.045112781954887216,0.14388489208633093,0.27912741695587506,0.3069544364508393,What My World Spins Around,Jordan Davis
2385,/wiki/Ain%27t_That_Some,2023,2018-2023,92,other,414,37.20984092969587,3.572463768115942,0.10619469026548672,0.1280193236714976,0.23214285714285715,0.26570048309178745,Ain't That Some,Morgan Wallen
2386,/wiki/Wild_as_Her#Corey_Kent_version,2023,2018-2023,93,other,282,55.93266917434569,3.921985815602837,0.08411214953271028,0.30141843971631205,0.3624733475479744,0.45390070921985815,Wild as Her,Corey Kent
2387,/wiki/Peaches_%26_Eggplants,2023,2018-2023,94,other,650,9.321724773460296,3.556923076923077,0.4233128834355828,0.17846153846153845,0.323252688172043,0.2969230769230769,Peaches & Eggplants,Young Nudy & 21 Savage
2388,/wiki/I_Wrote_the_Book_(Morgan_Wallen_song),2023,2018-2023,95,other,363,64.99712525667351,3.7079889807162534,0.07079646017699115,0.14049586776859505,0.2892898719441211,0.32231404958677684,I Wrote the Book,Morgan Wallen
2389,"/wiki/Bzrp_Music_Sessions,_Vol._53",2023,2018-2023,96,other,485,16.48273871147567,3.2577319587628866,0.1837837837837838,0.2268041237113402,0.3389101338432122,0.32783505154639175,"Bzrp Music Sessions, Vol. 53",Bizarrap & Shakira
2390,/wiki/Meltdown_(Travis_Scott_song),2023,2018-2023,97,other,725,31.761904761904763,3.943448275862069,0.06535947712418301,0.26068965517241377,0.39894649293041307,0.4,Meltdown,Travis Scott & Drake
2391,/wiki/Put_It_on_da_Floor_Again,2023,2018-2023,98,other,602,97.22896139644175,3.6710963455149503,0.08571428571428572,0.2574750830564784,0.3960535588442565,0.4169435215946844,Put It on da Floor Again,Latto & Cardi B
2392,/wiki/Bloody_Mary_(song),2023,2018-2023,99,other,291,10.756018749052803,3.845360824742268,0.11267605633802817,0.16838487972508592,0.27111426543647976,0.3230240549828179,Bloody Mary,Lady Gaga
2393,/wiki/Watermelon_Moonshine,2023,2018-2023,100,other,313,98.50585359251554,4.1309904153354635,0.06666666666666667,0.20447284345047922,0.32470733210104746,0.4057507987220447,Watermelon Moonshine,Lainey Wilson
